algorithm,num_updates,progress_fraction,stage,n_runs,solve_rate_mean,solve_rate_sem,solve_rate_n,return_mean_mean,return_mean_sem,return_mean_n,bank_size_mean,bank_size_sem,bank_size_n,score_priority_lift_mean,score_priority_lift_sem,score_priority_lift_n,score_priority_lift_q80_normalized_mean,score_priority_lift_q80_normalized_sem,score_priority_lift_q80_normalized_n,exact_unique_ratio_mean,exact_unique_ratio_sem,exact_unique_ratio_n,duplicate_fraction_mean,duplicate_fraction_sem,duplicate_fraction_n,dominant_share_mean,dominant_share_sem,dominant_share_n,shannon_effective_size_mean,shannon_effective_size_sem,shannon_effective_size_n,simpson_effective_size_mean,simpson_effective_size_sem,simpson_effective_size_n,topology_unique_ratio_mean,topology_unique_ratio_sem,topology_unique_ratio_n,mean_pairwise_wall_distance_d4_mean,mean_pairwise_wall_distance_d4_sem,mean_pairwise_wall_distance_d4_n,mean_nearest_wall_distance_d4_unique_mean,mean_nearest_wall_distance_d4_unique_sem,mean_nearest_wall_distance_d4_unique_n,mean_wall_count_mean,mean_wall_count_sem,mean_wall_count_n,mean_wall_fraction_mean,mean_wall_fraction_sem,mean_wall_fraction_n,mean_solvable_mean,mean_solvable_sem,mean_solvable_n,mean_shortest_path_mean,mean_shortest_path_sem,mean_shortest_path_n,mean_manhattan_distance_mean,mean_manhattan_distance_sem,mean_manhattan_distance_n,mean_path_stretch_mean,mean_path_stretch_sem,mean_path_stretch_n,mean_reachable_fraction_mean,mean_reachable_fraction_sem,mean_reachable_fraction_n,mean_dead_end_fraction_mean,mean_dead_end_fraction_sem,mean_dead_end_fraction_n,mean_junction_fraction_mean,mean_junction_fraction_sem,mean_junction_fraction_n
Editor transfer,200,0.006666666666666667,Early (0-10k),3,0.0,0.0,3,0.0,0.0,3,2826.6666666666665,21.333333333333336,3,,,0,,,0,0.40625,0.036084391824351615,3,0.59375,0.036084391824351615,3,0.6145833333333334,0.03755782578608323,3,5.150567527120003,0.7201839963952967,3,2.6086215160209476,0.2820788531341394,3,,,0,,,0,,,0,,,0,,,0,,,0,,,0,,,0,,,0,,,0,,,0,,,0
Editor transfer,400,0.013333333333333334,Early (0-10k),3,0.0,0.0,3,0.0,0.0,3,3904.0,55.42562584220408,3,0.02118724910542369,,1,0.6269403045435437,,1,0.3541666666666667,0.020833333333333336,3,0.6458333333333334,0.020833333333333332,3,0.6145833333333334,0.020833333333333332,3,4.655128888072201,0.3701470066336287,3,2.5417605148241784,0.15297632728108482,3,,,0,,,0,,,0,,,0,,,0,,,0,,,0,,,0,,,0,,,0,,,0,,,0
Editor transfer,600,0.02,Early (0-10k),3,0.02083333395421505,0.011023964195043555,3,0.01193833320091168,0.006928477729013751,3,4000.0,0.0,3,0.04281051899306476,0.0058443953415067,3,0.997788797283455,0.14504707922516186,3,0.40625,0.03125,3,0.59375,0.03125,3,0.59375,0.036084391824351615,3,5.37810618434812,0.6573879420094267,3,2.7655667762732103,0.3027651194236631,3,,,0,,,0,,,0,,,0,,,0,,,0,,,0,,,0,,,0,,,0,,,0,,,0
Editor transfer,800,0.02666666666666667,Early (0-10k),3,0.05000000074505806,0.0,3,0.01788499765098095,0.000561047972482619,3,4000.0,0.0,3,0.02792088221758604,0.0011081068115266982,3,0.584079082841393,0.01592485193918082,3,0.4166666666666667,0.07291666666666667,3,0.5833333333333334,0.07291666666666667,3,0.5729166666666666,0.04540519732854869,3,5.9259507575483665,1.2282798147506242,3,3.000852514919011,0.4441945357105022,3,,,0,,,0,,,0,,,0,,,0,,,0,,,0,,,0,,,0,,,0,,,0,,,0
Editor transfer,1000,0.03333333333333333,Early (0-10k),3,0.07083333407839139,0.027322660120253993,3,0.036663332022726536,0.018454859120488856,3,4000.0,0.0,3,0.02956096300234397,0.007617819575589079,3,0.6277593643412214,0.15145138852002496,3,0.3958333333333333,0.020833333333333336,3,0.6041666666666666,0.020833333333333332,3,0.59375,0.0,3,5.206999516356253,0.18172362165042286,3,2.709147199549676,0.01441035744441314,3,0.3958333333333333,0.020833333333333336,3,0.13835337532608002,0.0008226728693470117,3,0.18836291913214986,0.0017778852443116192,3,23.208333333333332,0.03755782578608323,3,0.13732741617357003,0.00022223565553894552,3,1.0,0.0,3,10.260416666666666,0.5116905871172973,3,8.90625,1.7362742978861376,3,1.3143353174603174,0.3046643472709547,3,0.9991389151314753,0.0004977167221919829,3,0.02781783275577665,0.0038671240990314363,3,0.8079785197206771,0.008861238169593428,3
Editor transfer,1200,0.04,Early (0-10k),3,0.041666667287548385,0.008333333457509676,3,0.020276665377120178,0.005176885286145391,3,4000.0,0.0,3,0.025976566985870402,0.003459184414334351,3,0.6156223092941051,0.06806790836864406,3,0.3541666666666667,0.06336210969060646,3,0.6458333333333334,0.06336210969060646,3,0.6666666666666666,0.05511981898051231,3,4.314485707113943,1.0315525846827582,3,2.283300188593745,0.3847871779961578,3,,,0,,,0,,,0,,,0,,,0,,,0,,,0,,,0,,,0,,,0,,,0,,,0
Editor transfer,1400,0.04666666666666667,Early (0-10k),3,0.062499999068677425,0.028867512545392417,3,0.024594998452812433,0.011685285881643952,3,4000.0,0.0,3,0.021860664943233132,0.0015880044927818124,3,0.5732959232769886,0.0414532231734633,3,0.2916666666666667,0.027559909490256156,3,0.7083333333333334,0.027559909490256152,3,0.7291666666666666,0.020833333333333332,3,3.199563001747571,0.3130613372432628,3,1.8579131414996384,0.1074945587654586,3,,,0,,,0,,,0,,,0,,,0,,,0,,,0,,,0,,,0,,,0,,,0,,,0
Editor transfer,1600,0.05333333333333334,Early (0-10k),3,0.0625,0.014433755869421703,3,0.027729997721811134,0.00806409032854253,3,4000.0,0.0,3,0.019930628516400855,0.0028568523055490175,3,0.5543697684451597,0.08538526044934434,3,0.3958333333333333,0.03755782578608323,3,0.6041666666666666,0.03755782578608323,3,0.5729166666666666,0.027559909490256152,3,5.511828063975268,0.6908914156853877,3,2.9072934266742316,0.2590027795128782,3,,,0,,,0,,,0,,,0,,,0,,,0,,,0,,,0,,,0,,,0,,,0,,,0
Editor transfer,1800,0.06,Early (0-10k),3,0.05000000074505806,0.02886751388964076,3,0.025040000056227047,0.015421362494485094,3,4000.0,0.0,3,0.02508038895515104,0.0021847192440467215,3,0.7415755669861674,0.08540094920434113,3,0.4166666666666667,0.04540519732854869,3,0.5833333333333334,0.04540519732854869,3,0.5729166666666666,0.06336210969060646,3,5.915656732954299,1.2825956243627075,3,3.0707401019966327,0.605080241458064,3,,,0,,,0,,,0,,,0,,,0,,,0,,,0,,,0,,,0,,,0,,,0,,,0
Editor transfer,2000,0.06666666666666667,Early (0-10k),3,0.058333334202567734,0.02204792792074465,3,0.024508332833647728,0.008962638808416192,3,4000.0,0.0,3,0.020177008661751945,0.0020150091543961915,3,0.6265297110834291,0.06937008794794687,3,0.4166666666666667,0.027559909490256156,3,0.5833333333333334,0.027559909490256156,3,0.5416666666666666,0.010416666666666668,3,6.002062573459818,0.40266412258199735,3,3.1612144139883918,0.10671255948996827,3,0.4166666666666667,0.027559909490256156,3,0.1486567092956671,0.0033814287078062413,3,0.1802407323117382,0.0032699571900123253,3,22.989583333333332,0.3347949724997541,3,0.13603303747534518,0.0019810353402352353,3,1.0,0.0,3,8.041666666666666,1.1684788752666626,3,7.958333333333333,1.1134144961683308,3,1.01140873015873,0.009266637744181233,3,0.9971439965455776,0.001031519511314367,3,0.020670324033031044,0.004048396735064219,3,0.8224411017893353,0.00672274231106972,3
Editor transfer,2200,0.07333333333333333,Early (0-10k),3,0.08750000099341075,0.028867513889640786,3,0.04216999591638645,0.01517483682082213,3,4000.0,0.0,3,0.02433644173045953,0.008208625047269193,3,0.7716384091555382,0.24726716884452105,3,0.2916666666666667,0.07291666666666667,3,0.7083333333333334,0.07291666666666667,3,0.7083333333333334,0.0890000390137243,3,3.718006685927213,1.3465374135539363,3,2.1399446793157995,0.5825655258219608,3,,,0,,,0,,,0,,,0,,,0,,,0,,,0,,,0,,,0,,,0,,,0,,,0
Editor transfer,2400,0.08,Early (0-10k),3,0.09166666865348816,0.029166668653488163,3,0.028876662254333496,0.0075540282162354835,3,4000.0,0.0,3,0.01741932169534266,0.003932530557597304,3,0.5770728361092015,0.1269649213738314,3,0.2708333333333333,0.010416666666666666,3,0.7291666666666666,0.010416666666666668,3,0.7291666666666666,0.027559909490256152,3,3.084608493189355,0.25685662637869255,3,1.8548498202844195,0.1252067577891807,3,,,0,,,0,,,0,,,0,,,0,,,0,,,0,,,0,,,0,,,0,,,0,,,0
Editor transfer,2600,0.08666666666666667,Early (0-10k),3,0.06666666890184085,0.023199019248989452,3,0.03378666409601768,0.018297305029265652,3,4000.0,0.0,3,0.016907478372255962,0.0020276437093892322,3,0.5765379283499147,0.05943857061877174,3,0.3541666666666667,0.020833333333333336,3,0.6458333333333334,0.020833333333333332,3,0.6458333333333334,0.010416666666666668,3,4.343589193270474,0.21145840394134335,3,2.328176904147419,0.07285274376706004,3,,,0,,,0,,,0,,,0,,,0,,,0,,,0,,,0,,,0,,,0,,,0,,,0
Editor transfer,2800,0.09333333333333334,Early (0-10k),3,0.10833333681027095,0.05833333606521288,3,0.046788331742088,0.02741083593272242,3,4000.0,0.0,3,0.01694193381505708,0.002023332483320858,3,0.6116669899412231,0.07716115826245377,3,0.4166666666666667,0.09258535851370406,3,0.5833333333333334,0.09258535851370406,3,0.5729166666666666,0.0683066512948125,3,6.148985617633362,1.9922702192139778,3,3.1551244107956404,0.8185851789910454,3,,,0,,,0,,,0,,,0,,,0,,,0,,,0,,,0,,,0,,,0,,,0,,,0
Editor transfer,3000,0.1,Early (0-10k),3,0.0625,0.01249999925494194,3,0.029934999843438465,0.012967725490107352,3,4000.0,0.0,3,0.02228048079026242,0.0051618085384363835,3,0.802732559857292,0.16488519033738677,3,0.3958333333333333,0.020833333333333336,3,0.6041666666666666,0.020833333333333332,3,0.5625,0.018042195912175808,3,5.624178874355458,0.4098508123984468,3,2.9858334069370702,0.17614701068905453,3,0.3958333333333333,0.020833333333333336,3,0.14612362410129157,0.002356666501570236,3,0.18535737766506996,0.0023183046956321003,3,23.416666666666668,0.5322702621267174,3,0.13856015779092704,0.003149528178264598,3,1.0,0.0,3,10.645833333333334,0.3811703013235831,3,10.416666666666666,0.31058440658074116,3,1.0454861111111111,0.024283223867924815,3,0.9994272488557696,0.00018970743141099306,3,0.021245487165332644,0.003774795847470541,3,0.8310936898384756,0.006753758751732925,3
Editor transfer,3200,0.10666666666666667,Early (0-10k),3,0.15000000596046448,0.01250000298023224,3,0.06944999719659488,0.008205926888677221,3,4000.0,0.0,3,0.019845486502163112,0.003787259128843995,3,0.7493636101259309,0.154904854549713,3,0.34375,0.036084391824351615,3,0.65625,0.036084391824351615,3,0.6145833333333334,0.010416666666666668,3,4.533200546056919,0.437828157248424,3,2.5145117970799196,0.10693105729647352,3,,,0,,,0,,,0,,,0,,,0,,,0,,,0,,,0,,,0,,,0,,,0,,,0
Editor transfer,3400,0.11333333333333333,Early (0-10k),3,0.09583333631356557,0.04912427753287169,3,0.04292833060026169,0.02154144055431844,3,4000.0,0.0,3,0.016858014355724055,0.0028739255128739146,3,0.6373126445108425,0.08733421839526136,3,0.3958333333333333,0.010416666666666666,3,0.6041666666666666,0.010416666666666668,3,0.6145833333333334,0.020833333333333332,3,5.002698295976095,0.3315797960282809,3,2.570765078767338,0.1526391765518107,3,,,0,,,0,,,0,,,0,,,0,,,0,,,0,,,0,,,0,,,0,,,0,,,0
Editor transfer,3600,0.12,Early (0-10k),3,0.13333333438883224,0.06859199011362772,3,0.06634332953641812,0.03308722649100817,3,4000.0,0.0,3,0.015509064231688777,0.0018637754263319604,3,0.6166537224315426,0.07019071999141194,3,0.4583333333333333,0.0683066512948125,3,0.5416666666666666,0.0683066512948125,3,0.53125,0.0625,3,7.083888037586167,1.8638316411967604,3,3.607290882841461,0.8911011094666503,3,,,0,,,0,,,0,,,0,,,0,,,0,,,0,,,0,,,0,,,0,,,0,,,0
Editor transfer,3800,0.12666666666666668,Early (0-10k),3,0.1333333378036817,0.05220818731944547,3,0.06890833129485448,0.021436716200543444,3,4000.0,0.0,3,0.013177384544784823,0.0023080849896691606,3,0.5343298803269197,0.07630384395172844,3,0.3854166666666667,0.07291666666666667,3,0.6145833333333334,0.07291666666666667,3,0.6041666666666666,0.05511981898051231,3,5.264927235525941,1.295336660878784,3,2.748792861865303,0.511874705867949,3,,,0,,,0,,,0,,,0,,,0,,,0,,,0,,,0,,,0,,,0,,,0,,,0
Editor transfer,4000,0.13333333333333333,Early (0-10k),3,0.10000000149011612,0.050518149230057145,3,0.04221999955674013,0.022001401516115748,3,4000.0,0.0,3,0.014091697288677096,0.0013043042429793398,3,0.5816674943396736,0.03645769086877641,3,0.3958333333333333,0.03755782578608323,3,0.6041666666666666,0.03755782578608323,3,0.6145833333333334,0.04540519732854869,3,5.111906318215718,0.8834413732498648,3,2.6309032247920388,0.37597362804046647,3,0.3958333333333333,0.03755782578608323,3,0.1331917668766304,0.012856899858756004,3,0.1908433446894985,0.0012350713238761424,3,23.291666666666668,0.3896167543596884,3,0.1378205128205128,0.002305424582009992,3,1.0,0.0,3,9.760416666666666,0.47473036937941004,3,9.677083333333334,0.47197961496704965,3,1.0133680555555558,0.007644805158438897,3,0.9992835434982922,7.135037946769896e-05,3,0.01893589397933483,0.0028790769413118123,3,0.8135314647532125,0.004187932174572376,3
Editor transfer,4200,0.14,Early (0-10k),3,0.1541666661699613,0.05464531531696214,3,0.06661166250705719,0.015214950733489023,3,4000.0,0.0,3,0.019403030319760244,0.002938105600289639,3,0.8062339601488651,0.09922046596170982,3,0.4270833333333333,0.027559909490256156,3,0.5729166666666666,0.027559909490256152,3,0.5833333333333334,0.03755782578608323,3,5.681257966560551,0.6716437835223267,3,2.8660994436439657,0.31052184098940266,3,,,0,,,0,,,0,,,0,,,0,,,0,,,0,,,0,,,0,,,0,,,0,,,0
Editor transfer,4400,0.14666666666666667,Early (0-10k),3,0.0833333358168602,0.01102396454705052,3,0.035273332769672074,0.006085481138838678,3,4000.0,0.0,3,0.017759428165542584,0.002648262029295099,3,0.7582517743802839,0.11480101011203472,3,0.375,0.0,3,0.625,0.0,3,0.6041666666666666,0.027559909490256156,3,4.9345866777301435,0.320594338899864,3,2.6399203800077715,0.20222123017539712,3,,,0,,,0,,,0,,,0,,,0,,,0,,,0,,,0,,,0,,,0,,,0,,,0
Editor transfer,4600,0.15333333333333332,Early (0-10k),3,0.045833334947625794,0.01502313105490019,3,0.017843332141637802,0.003993853666953694,3,4000.0,0.0,3,0.016338129838307697,0.000526892080693177,3,0.7005980358153153,0.012046336772751146,3,0.4375,0.018042195912175808,3,0.5625,0.018042195912175808,3,0.5416666666666666,0.03755782578608323,3,6.308209307564073,0.6578856003064777,3,3.2555550080645426,0.3968002553358771,3,,,0,,,0,,,0,,,0,,,0,,,0,,,0,,,0,,,0,,,0,,,0,,,0
Editor transfer,4800,0.16,Early (0-10k),3,0.06666666766007741,0.03410563648878642,3,0.022761665284633636,0.011401291765890564,3,4000.0,0.0,3,0.01857665468317767,0.004879602413963063,3,0.8303331278411806,0.2271007472221985,3,0.3541666666666667,0.03755782578608322,3,0.6458333333333334,0.03755782578608323,3,0.6041666666666666,0.07511565157216644,3,4.822197826973992,0.9730444094203793,3,2.7286627527723417,0.5156699485098164,3,,,0,,,0,,,0,,,0,,,0,,,0,,,0,,,0,,,0,,,0,,,0,,,0
Editor transfer,5000,0.16666666666666666,Early (0-10k),3,0.09583333383003871,0.04639803604467864,3,0.049198330690463386,0.013155066313092987,3,4000.0,0.0,3,0.01336690317839384,0.002600455004496215,3,0.5946371081923235,0.10480338318274637,3,0.25,0.018042195912175808,3,0.75,0.018042195912175808,3,0.7395833333333334,0.04540519732854869,3,2.9141018055853216,0.4013524434655098,3,1.8186010334738352,0.20672514680645174,3,0.25,0.018042195912175808,3,0.09541420118343195,0.011743978390977903,3,0.1854317335086566,0.004292515046355753,3,23.354166666666668,0.2831724420639206,3,0.13819033530571992,0.0016755765802598781,3,1.0,0.0,3,8.072916666666666,1.427539464817387,3,7.989583333333333,1.43118328325822,3,1.0107323232323233,0.0030111717216444226,3,0.9997141131291124,0.000188680453755919,3,0.022984433681691004,0.005079576053626526,3,0.8046932152991889,0.005358162852798466,3
Editor transfer,5200,0.17333333333333334,Early (0-10k),3,0.0791666687776645,0.0325427077063558,3,0.0549566683669885,0.022761886909883546,3,4000.0,0.0,3,0.014664826060955724,0.0007826344087608911,3,0.6572904158462256,0.0415268249696016,3,0.3958333333333333,0.027559909490256156,3,0.6041666666666666,0.027559909490256152,3,0.59375,0.036084391824351615,3,5.299383295130546,0.6505494552945675,3,2.760712223233426,0.3030251876716774,3,,,0,,,0,,,0,,,0,,,0,,,0,,,0,,,0,,,0,,,0,,,0,,,0
Editor transfer,5400,0.18,Early (0-10k),3,0.1666666679084301,0.07716774619724326,3,0.09024166626234849,0.046647405888436994,3,4000.0,0.0,3,0.019941149279475212,0.002264436714374552,3,0.9064588625817113,0.12076464997515404,3,0.375,0.06505206248331664,3,0.625,0.06505206248331664,3,0.6145833333333334,0.07511565157216646,3,5.161865791575459,1.4996804383243594,3,2.760278387430109,0.692188168245796,3,,,0,,,0,,,0,,,0,,,0,,,0,,,0,,,0,,,0,,,0,,,0,,,0
Editor transfer,5600,0.18666666666666668,Early (0-10k),3,0.09166666616996129,0.018162078988395496,3,0.044221666331092514,0.017415108030510953,3,4000.0,0.0,3,0.01209160580765456,0.00014354146299974376,3,0.5568335294250505,0.01724778056746674,3,0.4375,0.07864410870073699,3,0.5625,0.07864410870073699,3,0.5520833333333334,0.08333333333333334,3,6.646942489117909,1.7204789259479263,3,3.407349955278741,0.7557794700905572,3,,,0,,,0,,,0,,,0,,,0,,,0,,,0,,,0,,,0,,,0,,,0,,,0
Editor transfer,5800,0.19333333333333333,Early (0-10k),3,0.07500000049670537,0.03818813095388367,3,0.04171499858299891,0.021136391043476983,3,4000.0,0.0,3,0.013139045564457774,0.0014919032101702772,3,0.604784390803503,0.06373941853958842,3,0.3541666666666667,0.027559909490256156,3,0.6458333333333334,0.027559909490256152,3,0.6354166666666666,0.027559909490256152,3,4.421373331407957,0.3870030540123303,3,2.4009342543895946,0.17501393439559004,3,,,0,,,0,,,0,,,0,,,0,,,0,,,0,,,0,,,0,,,0,,,0,,,0
Editor transfer,6000,0.2,Early (0-10k),3,0.14583334078391394,0.0650854188310292,3,0.05982333173354467,0.02548409655390441,3,4000.0,0.0,3,0.01571697505035748,0.0028997930284051744,3,0.7291209120683272,0.13812125964746433,3,0.3645833333333333,0.05799754544614606,3,0.6354166666666666,0.05799754544614607,3,0.6458333333333334,0.07291666666666667,3,4.639016621204174,1.1116953190759329,3,2.469638621404153,0.4858965655999087,3,0.3645833333333333,0.05799754544614606,3,0.12313895781637718,0.021347124805121742,3,0.192483798253029,0.0015912027328932878,3,22.916666666666668,0.7398033710235293,3,0.13560157790927022,0.004377534739784208,3,1.0,0.0,3,11.833333333333334,0.7758843520640031,3,11.645833333333334,0.8309862781324638,3,1.0259507275132276,0.005167632236127539,3,0.9979225444704728,0.0017567578016465441,3,0.022792512653317405,0.004020081272178623,3,0.8149742161640949,0.012404256517254563,3
Editor transfer,6200,0.20666666666666667,Early (0-10k),3,0.1333333378036817,0.04805234666404601,3,0.06512833076218764,0.020640446432077096,3,4000.0,0.0,3,0.015793737179289263,0.0021797507735079468,3,0.742758571720657,0.1037634539987965,3,0.3333333333333333,0.03755782578608323,3,0.6666666666666666,0.03755782578608323,3,0.625,0.036084391824351615,3,4.388549770163469,0.6473951232931909,3,2.47054356181638,0.26805845644458426,3,,,0,,,0,,,0,,,0,,,0,,,0,,,0,,,0,,,0,,,0,,,0,,,0
Editor transfer,6400,0.21333333333333335,Early (0-10k),3,0.10000000211099784,0.05204165061300338,3,0.050949997579058014,0.01641983579671361,3,4000.0,0.0,3,0.01476826953391234,0.0022596324276727762,3,0.6840583771470811,0.08325157394766482,3,0.4270833333333333,0.052083333333333336,3,0.5729166666666666,0.05208333333333334,3,0.5625,0.047735163489123336,3,5.95453942480859,1.07838088349313,3,3.0635621450590507,0.4354925690878658,3,,,0,,,0,,,0,,,0,,,0,,,0,,,0,,,0,,,0,,,0,,,0,,,0
Editor transfer,6600,0.22,Early (0-10k),3,0.11249999950329463,0.02886751173884351,3,0.04196999780833721,0.009709856467976539,3,4000.0,0.0,3,0.01290558953769505,0.002219287672004637,3,0.6117272966086288,0.12338992810508283,3,0.4375,0.06505206248331664,3,0.5625,0.06505206248331664,3,0.5625,0.06505206248331664,3,6.3575439836037075,1.4465178916331898,3,3.2025475564219463,0.6197031567416926,3,,,0,,,0,,,0,,,0,,,0,,,0,,,0,,,0,,,0,,,0,,,0,,,0
Editor transfer,6800,0.22666666666666666,Early (0-10k),3,0.10416666666666667,0.004166665176550548,3,0.050286665558815,0.004796263084329303,3,4000.0,0.0,3,0.013403580718052885,0.0021438249818218134,3,0.6312425052473705,0.10272705739378378,3,0.34375,0.08267972847076846,3,0.65625,0.08267972847076846,3,0.6145833333333334,0.09936866681426516,3,5.032472640874116,1.7896775176155733,3,2.8537365822620124,0.8698320892171816,3,,,0,,,0,,,0,,,0,,,0,,,0,,,0,,,0,,,0,,,0,,,0,,,0
Editor transfer,7000,0.23333333333333334,Early (0-10k),3,0.10833333681027095,0.018162078988395496,3,0.049128333727518715,0.01262328659727676,3,4000.0,0.0,3,0.010640681760075191,0.00022083280617288758,3,0.5082571977591436,0.012340590472775977,3,0.3229166666666667,0.055119818980512304,3,0.6770833333333334,0.05511981898051231,3,0.6354166666666666,0.05511981898051231,3,4.318248652041956,0.9122305016109167,3,2.452610372953874,0.4100132812944497,3,0.3229166666666667,0.055119818980512304,3,0.1250636253737991,0.01761810782610993,3,0.19196188426957658,0.0037350219569779355,3,23.229166666666668,0.7518062739902555,3,0.13745069033530574,0.004448557834261872,3,1.0,0.0,3,8.947916666666666,1.6062959353570079,3,8.739583333333334,1.5037207903323602,3,1.035574494949495,0.018122893301531967,3,0.9997116390791477,0.00019045219477329198,3,0.02062572742524486,0.0060940625451224055,3,0.8250356120453023,0.022685661836460636,3
Editor transfer,7200,0.24,Early (0-10k),3,0.1791666696468989,0.035600014210250525,3,0.07481166099508603,0.019804531874360532,3,4000.0,0.0,3,0.016083913622424006,0.00039872777221022955,3,0.7794600206704616,0.028752217586374598,3,0.34375,0.018042195912175808,3,0.65625,0.018042195912175808,3,0.6041666666666666,0.010416666666666668,3,4.653385723393563,0.22412629075343615,3,2.595227273711048,0.07949106820630311,3,,,0,,,0,,,0,,,0,,,0,,,0,,,0,,,0,,,0,,,0,,,0,,,0
Editor transfer,7400,0.24666666666666667,Early (0-10k),3,0.17083334426085153,0.10366547016524254,3,0.06779832641283672,0.04215752263703194,3,4000.0,0.0,3,0.017688721263160307,0.005479597484821278,3,0.8703227753823156,0.28028031964112127,3,0.40625,0.018042195912175808,3,0.59375,0.018042195912175808,3,0.5729166666666666,0.020833333333333332,3,5.589289760168562,0.4191152220386323,3,2.907122301292008,0.19822457402727814,3,,,0,,,0,,,0,,,0,,,0,,,0,,,0,,,0,,,0,,,0,,,0,,,0
Editor transfer,7600,0.25333333333333335,Early (0-10k),3,0.10833333556850751,0.03004626176539721,3,0.047658331071337066,0.017016199255907423,3,4000.0,0.0,3,0.012173655559308827,0.0016332677707007366,3,0.6130914173081982,0.0875334320031768,3,0.3020833333333333,0.04540519732854868,3,0.6979166666666666,0.04540519732854869,3,0.65625,0.0625,3,3.9034905835869282,0.8248636734304068,3,2.3085525779619127,0.42613927819954145,3,,,0,,,0,,,0,,,0,,,0,,,0,,,0,,,0,,,0,,,0,,,0,,,0
Editor transfer,7800,0.26,Early (0-10k),3,0.22083333879709244,0.07406828952132373,3,0.1034883310397466,0.03814887540737521,3,4000.0,0.0,3,0.02441709632209192,0.009858637706291475,3,1.2187338296421677,0.5174274144275446,3,0.40625,0.03125,3,0.59375,0.03125,3,0.5520833333333334,0.027559909490256152,3,5.79252064858906,0.592192356873299,3,3.0851486557040286,0.2881703562884335,3,,,0,,,0,,,0,,,0,,,0,,,0,,,0,,,0,,,0,,,0,,,0,,,0
Editor transfer,8000,0.26666666666666666,Early (0-10k),3,0.17916666716337204,0.07949493300882675,3,0.09321667005618413,0.04224034382737103,3,4000.0,0.0,3,0.014218337445830306,0.0006667164939411841,3,0.7133326996225553,0.05789007051356604,3,0.4166666666666667,0.010416666666666666,3,0.5833333333333334,0.010416666666666668,3,0.5625,0.018042195912175808,3,5.833298464744156,0.2514372447067116,3,3.005740081084261,0.16129563663981686,3,0.4166666666666667,0.010416666666666666,3,0.14168973086466882,0.0034921669746080892,3,0.18416888831090014,0.0035854233230166125,3,22.96875,0.125,3,0.13590976331360946,0.0007396449704141957,3,1.0,0.0,3,9.90625,0.40864677595693816,3,9.46875,0.7673768223630422,3,1.0729166666666665,0.0625,3,0.9994981105337742,0.00014392481599769945,3,0.020220146945692557,0.0004940338310592111,3,0.8246020255880057,0.01133987033382815,3
Editor transfer,8200,0.2733333333333333,Early (0-10k),3,0.1583333294838667,0.07949492793211194,3,0.08049832594891389,0.03796127821622124,3,4000.0,0.0,3,0.01316492713522166,0.0006916198282359187,3,0.6628920833790842,0.015762400657618948,3,0.34375,0.018042195912175808,3,0.65625,0.018042195912175808,3,0.6770833333333334,0.010416666666666668,3,3.9401762071322914,0.20508564293498457,3,2.1342924495410336,0.06564149889474162,3,,,0,,,0,,,0,,,0,,,0,,,0,,,0,,,0,,,0,,,0,,,0,,,0
Editor transfer,8400,0.28,Early (0-10k),3,0.08750000099341075,0.02602082463541235,3,0.03684499735633532,0.014093887882853436,3,4000.0,0.0,3,0.013957979972474277,0.0008784537355745576,3,0.7207592341500608,0.05764999514904437,3,0.3541666666666667,0.027559909490256156,3,0.6458333333333334,0.027559909490256152,3,0.6458333333333334,0.020833333333333332,3,4.339619656600149,0.36738336803634136,3,2.333237929262127,0.1347550258310439,3,,,0,,,0,,,0,,,0,,,0,,,0,,,0,,,0,,,0,,,0,,,0,,,0
Editor transfer,8600,0.2866666666666667,Early (0-10k),3,0.12916667417933544,0.08207382276270489,3,0.056836662193139396,0.030759706656432677,3,4000.0,0.0,3,0.014034252574977776,0.0017343727111621056,3,0.721071263039151,0.07330352085658146,3,0.40625,0.018042195912175808,3,0.59375,0.018042195912175808,3,0.5833333333333334,0.010416666666666668,3,5.39964710931658,0.0861793163134846,3,2.7956954851573124,0.06514520042551535,3,,,0,,,0,,,0,,,0,,,0,,,0,,,0,,,0,,,0,,,0,,,0,,,0
Editor transfer,8800,0.29333333333333333,Early (0-10k),3,0.22083333631356558,0.060092522497584726,3,0.11880332728226979,0.02330812188473458,3,4000.0,0.0,3,0.012071091992159685,0.0019943531479545903,3,0.6243431369786336,0.0947886197962426,3,0.3645833333333333,0.03755782578608322,3,0.6354166666666666,0.03755782578608323,3,0.6041666666666666,0.010416666666666668,3,4.87199799255309,0.3492788809900494,3,2.6174520389698688,0.0817375038070815,3,,,0,,,0,,,0,,,0,,,0,,,0,,,0,,,0,,,0,,,0,,,0,,,0
Editor transfer,9000,0.3,Early (0-10k),3,0.11666666871557634,0.07009418221242024,3,0.03805166436359286,0.019145185760339578,3,4000.0,0.0,3,0.012872829063174626,0.0026404834647008038,3,0.6631279357688967,0.1368224931090092,3,0.3541666666666667,0.0683066512948125,3,0.6458333333333334,0.0683066512948125,3,0.65625,0.06505206248331664,3,4.475998008304658,1.0487458626123365,3,2.370781184974066,0.40722566432673285,3,0.3541666666666667,0.0683066512948125,3,0.12183066106763378,0.016470292817716798,3,0.1911806142575373,0.004026938835716118,3,23.385416666666668,0.20518453753741886,3,0.13837524654832348,0.0012141096895705286,3,1.0,0.0,3,10.104166666666666,1.7594918675414346,3,10.0,1.7321447747902985,3,1.0163194444444443,0.00630999369631465,3,0.9978535778855733,0.002040337361466111,3,0.017648152429540553,0.00828422457957696,3,0.8219229266237384,0.005548621834513939,3
Editor transfer,9200,0.30666666666666664,Early (0-10k),3,0.0833333320915699,0.039747464356572434,3,0.033638330176472664,0.01118656165633252,3,4000.0,0.0,3,0.016667073592543602,0.0032854635852005826,3,0.8458475222814937,0.14944693674452908,3,0.3645833333333333,0.027559909490256156,3,0.6354166666666666,0.027559909490256156,3,0.625,0.018042195912175808,3,4.620192240696325,0.3539741239154449,3,2.471993865190385,0.13265178582231793,3,,,0,,,0,,,0,,,0,,,0,,,0,,,0,,,0,,,0,,,0,,,0,,,0
Editor transfer,9400,0.31333333333333335,Early (0-10k),3,0.17083333432674408,0.01102396173099575,3,0.07481832926472028,0.015932316587670282,3,4000.0,0.0,3,0.013297704436505834,0.0019064380353855668,3,0.6752654014312517,0.07778375012778552,3,0.3958333333333333,0.03755782578608323,3,0.6041666666666666,0.03755782578608323,3,0.625,0.047735163489123336,3,4.987801106604056,0.9195212336240411,3,2.5615888161163376,0.3963279236178185,3,,,0,,,0,,,0,,,0,,,0,,,0,,,0,,,0,,,0,,,0,,,0,,,0
Editor transfer,9600,0.32,Early (0-10k),3,0.1458333358168602,0.027322660593671895,3,0.06874833007653554,0.01830937790659391,3,4000.0,0.0,3,0.011989480699412525,0.00039396867549314435,3,0.6221210588484368,0.009561654046498936,3,0.4166666666666667,0.010416666666666666,3,0.5833333333333334,0.010416666666666668,3,0.5625,0.018042195912175808,3,5.778867130997109,0.22287453495873272,3,2.9918917634384754,0.1496048562733928,3,,,0,,,0,,,0,,,0,,,0,,,0,,,0,,,0,,,0,,,0,,,0,,,0
Editor transfer,9800,0.32666666666666666,Early (0-10k),3,0.19166666766007742,0.0804716960744215,3,0.11252666388948758,0.04627687907178316,3,4000.0,0.0,3,0.012276109269199273,0.001017826088839166,3,0.645407276577236,0.06413025281747818,3,0.3645833333333333,0.08135676745736099,3,0.6354166666666666,0.08135676745736099,3,0.65625,0.07216878364870323,3,4.6405331531717176,1.3435754959443131,3,2.4163499113770857,0.5117182406421863,3,,,0,,,0,,,0,,,0,,,0,,,0,,,0,,,0,,,0,,,0,,,0,,,0
Editor transfer,10000,0.3333333333333333,Early (0-10k),3,0.11666667088866234,0.036324160825591756,3,0.059936667482058205,0.02469120943110852,3,4000.0,0.0,3,0.013801389218618473,0.0006436626702761507,3,0.7236291505248656,0.042118387684251614,3,0.40625,0.03125,3,0.59375,0.03125,3,0.6041666666666666,0.03755782578608323,3,5.284584357059232,0.7664609088981739,3,2.6951073020375698,0.33113533906121356,3,0.40625,0.03125,3,0.13505280906025321,0.010392205168577747,3,0.1841222879684418,0.0008387475885715513,3,23.5,0.23867581744561667,3,0.1390532544378698,0.001412282943465196,3,1.0,0.0,3,7.239583333333333,1.0386936740979562,3,7.114583333333333,1.059175763795184,3,1.0148065476190475,0.007417001659674474,3,0.9982064367689135,0.0013882573334244698,3,0.02176257982233419,0.0030384726036208815,3,0.840215031047614,0.010134440631655646,3
Editor transfer,10200,0.34,Middle (10-20k),3,0.17499999701976776,0.026020822845840855,3,0.09869499504566193,0.005432389338583791,3,4000.0,0.0,3,0.010402917784328261,0.0007725468842300483,3,0.549881292601214,0.035915860009928025,3,0.3333333333333333,0.03755782578608323,3,0.6666666666666666,0.03755782578608323,3,0.625,0.05412658773652742,3,4.333288587326851,0.5578769692776938,3,2.476450745706409,0.33238861922127744,3,,,0,,,0,,,0,,,0,,,0,,,0,,,0,,,0,,,0,,,0,,,0,,,0
Editor transfer,10400,0.3466666666666667,Middle (10-20k),3,0.18333333730697632,0.02319901880293487,3,0.07641332844893138,0.010637123492869948,3,4000.0,0.0,3,0.012473077164031565,0.00337476584087688,3,0.666993841480212,0.16418293033495623,3,0.3125,0.018042195912175808,3,0.6875,0.018042195912175808,3,0.6770833333333334,0.020833333333333332,3,3.76281609802167,0.2811041603867354,3,2.1292035881626066,0.11659240272317789,3,,,0,,,0,,,0,,,0,,,0,,,0,,,0,,,0,,,0,,,0,,,0,,,0
Editor transfer,10600,0.35333333333333333,Middle (10-20k),3,0.15416667113701502,0.042287051785109116,3,0.07624166210492452,0.0017997534191487267,3,4000.0,0.0,3,0.022711192451727886,0.004822746343867369,3,1.239541158029057,0.21412958509702457,3,0.375,0.0,3,0.625,0.0,3,0.6145833333333334,0.027559909490256156,3,4.781869839654106,0.27780631144642015,3,2.554876987689608,0.19489340891653456,3,,,0,,,0,,,0,,,0,,,0,,,0,,,0,,,0,,,0,,,0,,,0,,,0
Editor transfer,10800,0.36,Middle (10-20k),3,0.15833334190150103,0.09824855854146829,3,0.0741833324233691,0.037730712808987196,3,4000.0,0.0,3,0.010429676156491041,0.0016198209732506776,3,0.5764691209386351,0.06642354196110484,3,0.3854166666666667,0.027559909490256156,3,0.6145833333333334,0.027559909490256152,3,0.625,0.036084391824351615,3,4.85411749309407,0.6412048521568995,3,2.519356383833433,0.2720052912496039,3,,,0,,,0,,,0,,,0,,,0,,,0,,,0,,,0,,,0,,,0,,,0,,,0
Editor transfer,11000,0.36666666666666664,Middle (10-20k),3,0.15000000596046448,0.057282201714838,3,0.06986999760071437,0.03268322319737916,3,4000.0,0.0,3,0.01565218095978101,0.001180021032533224,3,0.8696580705151608,0.06033875484393626,3,0.3854166666666667,0.027559909490256156,3,0.6145833333333334,0.027559909490256156,3,0.5833333333333334,0.04166666666666667,3,5.292644449306045,0.7215782424848333,3,2.842941506685987,0.381407355079502,3,0.3854166666666667,0.027559909490256156,3,0.13685420245593946,0.010062268663682412,3,0.18753682215220677,0.00044288555386093266,3,23.052083333333332,0.05799754544614606,3,0.13640285996055226,0.0003431807422848843,3,0.9895833333333334,0.010416666666666668,3,8.630040322580646,1.9380538667963814,3,8.416666666666666,1.9550892900183472,3,1.0211861922799423,0.007974733516919496,3,0.9987082982167155,0.00012575670571799918,3,0.0173113522141406,0.007789239692285047,3,0.8152495859769489,0.00434567938060389,3
Editor transfer,11200,0.37333333333333335,Middle (10-20k),3,0.058333332339922585,0.03254270615618852,3,0.017443332510689896,0.011881400381464497,3,4000.0,0.0,3,0.014331615180708468,0.001889463577164838,3,0.8191771322721407,0.11829859809401118,3,0.375,0.018042195912175808,3,0.625,0.018042195912175808,3,0.6458333333333334,0.010416666666666668,3,4.471853718696505,0.23050818146620397,3,2.3354767422657052,0.07503540462019244,3,,,0,,,0,,,0,,,0,,,0,,,0,,,0,,,0,,,0,,,0,,,0,,,0
Editor transfer,11400,0.38,Middle (10-20k),3,0.16250000769893327,0.09437293838505512,3,0.0716449934989214,0.040200920016343886,3,4000.0,0.0,3,0.014089115778915584,0.003211946657012692,3,0.791004259995625,0.15068831544957967,3,0.2916666666666667,0.010416666666666666,3,0.7083333333333334,0.010416666666666668,3,0.7083333333333334,0.027559909490256152,3,3.3613478601135847,0.287269034290312,3,1.9618429380308504,0.14305670233684942,3,,,0,,,0,,,0,,,0,,,0,,,0,,,0,,,0,,,0,,,0,,,0,,,0
Editor transfer,11600,0.38666666666666666,Middle (10-20k),3,0.14166667064030966,0.0041666676600774135,3,0.08361666649580002,0.0035598005697811443,3,4000.0,0.0,3,0.013298330479301512,0.0012523044966703547,3,0.7635354804367772,0.054739707510213745,3,0.5625,0.125,3,0.4375,0.125,3,0.4479166666666667,0.11599509089229212,3,10.9618093665353,4.9783075003369115,3,6.626343852909319,3.6094373172797978,3,,,0,,,0,,,0,,,0,,,0,,,0,,,0,,,0,,,0,,,0,,,0,,,0
Editor transfer,11800,0.3933333333333333,Middle (10-20k),3,0.08750000099341075,0.028867513889640786,3,0.04399999945114056,0.01694105836034434,3,4000.0,0.0,3,0.012526293168775737,0.002664847572965052,3,0.6938087650277653,0.12765892246914626,3,0.3541666666666667,0.03755782578608322,3,0.6458333333333334,0.03755782578608323,3,0.6145833333333334,0.0683066512948125,3,4.718326492581112,0.884729338549021,3,2.630220890247084,0.4415954815314379,3,,,0,,,0,,,0,,,0,,,0,,,0,,,0,,,0,,,0,,,0,,,0,,,0
Editor transfer,12000,0.4,Middle (10-20k),3,0.06666666517655055,0.03410563573025858,3,0.029631664355595905,0.016138447472560713,3,4000.0,0.0,3,0.012303853407502174,0.0015754356281082822,3,0.6977725294056275,0.11215317188343327,3,0.3958333333333333,0.020833333333333336,3,0.6041666666666666,0.020833333333333332,3,0.59375,0.036084391824351615,3,5.257709964140282,0.6084073038626022,3,2.7544831247401973,0.30105526273711886,3,0.3958333333333333,0.020833333333333336,3,0.1363213399503722,0.00909189202555464,3,0.1831736639428947,0.0029107660459620315,3,22.614583333333332,0.9333821601811578,3,0.13381410256410256,0.005522971362018685,3,1.0,0.0,3,11.114583333333334,1.008481824465755,3,10.385416666666666,1.5731236066960679,3,1.1026785714285714,0.10045469542700991,3,0.9995733606167213,0.00012231204776897908,3,0.023672547195206988,0.004063770316021535,3,0.8233241834176369,0.009188162029568545,3
Editor transfer,12200,0.4066666666666667,Middle (10-20k),3,0.15416666368643442,0.0771677451244605,3,0.07390166819095612,0.03951180887867458,3,4000.0,0.0,3,0.014322894935806593,0.001191141170374982,3,0.8020779745552457,0.0638804365672816,3,0.40625,0.0625,3,0.59375,0.0625,3,0.6041666666666666,0.04166666666666667,3,5.346446582198073,0.9494733197685681,3,2.702390532544378,0.32719526627218937,3,,,0,,,0,,,0,,,0,,,0,,,0,,,0,,,0,,,0,,,0,,,0,,,0
Editor transfer,12400,0.41333333333333333,Middle (10-20k),3,0.16250000397364298,0.03818813501850862,3,0.06799999997019768,0.02781185929090684,3,4000.0,0.0,3,0.014005824302633604,0.0028622487190296895,3,0.7912627841947191,0.15249744623394867,3,0.3541666666666667,0.020833333333333336,3,0.6458333333333334,0.020833333333333332,3,0.6354166666666666,0.010416666666666668,3,4.446181184104661,0.26567315464985813,3,2.394222587881217,0.07920736380960418,3,,,0,,,0,,,0,,,0,,,0,,,0,,,0,,,0,,,0,,,0,,,0,,,0
Editor transfer,12600,0.42,Middle (10-20k),3,0.20416667560736337,0.04103691250032996,3,0.1118266632159551,0.02259046202943014,3,4000.0,0.0,3,0.014415307552553713,0.0021560617034646345,3,0.8299709407310895,0.13191879982428714,3,0.4166666666666667,0.06336210969060646,3,0.5833333333333334,0.06336210969060646,3,0.5729166666666666,0.03755782578608323,3,5.823960090968446,1.141544359384445,3,2.9677348257649108,0.4083037675589415,3,,,0,,,0,,,0,,,0,,,0,,,0,,,0,,,0,,,0,,,0,,,0,,,0
Editor transfer,12800,0.4266666666666667,Middle (10-20k),3,0.15833333631356558,0.060092522497584726,3,0.07847333202759425,0.034318205354076904,3,4000.0,0.0,3,0.018838811200112104,0.004619568931217534,3,1.0878522638566326,0.2639828289895615,3,0.34375,0.047735163489123336,3,0.65625,0.047735163489123336,3,0.6770833333333334,0.04540519732854869,3,4.06036129187099,0.7822409459327309,3,2.1853029003350026,0.290558909270975,3,,,0,,,0,,,0,,,0,,,0,,,0,,,0,,,0,,,0,,,0,,,0,,,0
Editor transfer,13000,0.43333333333333335,Middle (10-20k),3,0.0833333358168602,0.029166667056935176,3,0.047288330582280956,0.030261693656412122,3,4000.0,0.0,3,0.014143193412261704,0.001819387141296748,3,0.8225541600032954,0.10394181592302261,3,0.3229166666666667,0.0683066512948125,3,0.6770833333333334,0.0683066512948125,3,0.625,0.08267972847076846,3,4.527153317047482,1.1491824881176083,3,2.6022006103849824,0.5509582607386843,3,0.3229166666666667,0.0683066512948125,3,0.12634408602150538,0.020275010944632656,3,0.18967784352399733,0.004039515360764143,3,24.041666666666668,0.36547509985101734,3,0.14225838264299803,0.0021625745553314622,3,1.0,0.0,3,9.927083333333334,3.3180149321963244,3,9.510416666666666,3.504569809350516,3,1.0912878787878786,0.08532212734993677,3,0.9987786946281426,0.00047258425660627053,3,0.02815273853764529,0.005950343942267386,3,0.8108474267653097,0.00930217874161232,3
Editor transfer,13200,0.44,Middle (10-20k),3,0.16666666915019354,0.03632415968607152,3,0.07750666389862697,0.006969396684450732,3,4000.0,0.0,3,0.012065901809061566,0.0019483255708784583,3,0.6885137882533344,0.11718740533377463,3,0.3645833333333333,0.04540519732854868,3,0.6354166666666666,0.04540519732854869,3,0.6041666666666666,0.010416666666666668,3,4.754416865814259,0.459341580205342,3,2.5820171104919525,0.07995325633303757,3,,,0,,,0,,,0,,,0,,,0,,,0,,,0,,,0,,,0,,,0,,,0,,,0
Editor transfer,13400,0.44666666666666666,Middle (10-20k),3,0.1250000037252903,0.05728220008898797,3,0.05820499857266744,0.016788668168346513,3,4000.0,0.0,3,0.011094232089817524,0.0016683776836771244,3,0.6339961693036665,0.09667756826328583,3,0.3958333333333333,0.020833333333333336,3,0.6041666666666666,0.020833333333333332,3,0.59375,0.047735163489123336,3,5.2595214549012566,0.7416539697071876,3,2.7815168267238133,0.41640792860937537,3,,,0,,,0,,,0,,,0,,,0,,,0,,,0,,,0,,,0,,,0,,,0,,,0
Editor transfer,13600,0.4533333333333333,Middle (10-20k),3,0.2208333412806193,0.046955951223722356,3,0.09772832691669464,0.017015712195727062,3,4000.0,0.0,3,0.012492475216276944,0.0031349792409563837,3,0.7346250301945177,0.17579823171010356,3,0.2916666666666667,0.09258535851370406,3,0.7083333333333334,0.09258535851370406,3,0.7083333333333334,0.11023963796102461,3,3.925478984117119,1.675741670095966,3,2.243461965411472,0.7315156582961183,3,,,0,,,0,,,0,,,0,,,0,,,0,,,0,,,0,,,0,,,0,,,0,,,0
Editor transfer,13800,0.46,Middle (10-20k),3,0.19166666766007742,0.09195031801356407,3,0.07589665986597538,0.03671016990793229,3,4000.0,0.0,3,0.01206593580233554,0.0007386725940206582,3,0.72444233847382,0.04916483663377527,3,0.3125,0.03125,3,0.6875,0.03125,3,0.6875,0.0,3,3.618832894396338,0.20267169299265472,3,2.056488134291338,0.016386359635787606,3,,,0,,,0,,,0,,,0,,,0,,,0,,,0,,,0,,,0,,,0,,,0,,,0
Editor transfer,14000,0.4666666666666667,Middle (10-20k),3,0.14166666815678278,0.030046261248792363,3,0.0699816644191742,0.008899294166051067,3,4000.0,0.0,3,0.011481750174425542,0.0033185011656072763,3,0.6894914841264352,0.2084302477958268,3,0.375,0.03125,3,0.625,0.03125,3,0.625,0.03125,3,4.780035517440754,0.6244790178489721,3,2.507592640580461,0.25208603265094576,3,0.375,0.03125,3,0.13088534707641408,0.007595213414543964,3,0.18881118881118883,0.004108459471898725,3,23.541666666666668,0.28773390243610697,3,0.13929980276134124,0.0017025674700361295,3,0.9791666666666666,0.020833333333333332,3,7.29375,1.5161758019768024,3,6.375,1.1901013174655901,3,1.1578959235209234,0.06505305466959689,3,0.9988495429170724,0.0009431740945280665,3,0.02230639192875759,0.0012993400450308987,3,0.8066151025994052,0.00609973891474342,3
Editor transfer,14200,0.47333333333333333,Middle (10-20k),3,0.12083333482344945,0.008333334078391671,3,0.0602633332212766,0.01238387088034064,3,4000.0,0.0,3,0.011528472416102886,0.00204528105961204,3,0.6940440039272407,0.12571397205452964,3,0.3958333333333333,0.052083333333333336,3,0.6041666666666666,0.05208333333333334,3,0.5833333333333334,0.08900003901372429,3,5.688844094830543,1.7030459172342263,3,3.1325626775165696,0.9698062261650335,3,,,0,,,0,,,0,,,0,,,0,,,0,,,0,,,0,,,0,,,0,,,0,,,0
Editor transfer,14400,0.48,Middle (10-20k),3,0.20833333830038706,0.0771677500860808,3,0.09367332483331363,0.041410999266955795,3,4000.0,0.0,3,0.014034403604455292,0.0011587475752212022,3,0.8300265556792435,0.054144517992719576,3,0.375,0.018042195912175808,3,0.625,0.018042195912175808,3,0.625,0.0,3,4.690409326155539,0.13942681136048884,3,2.469542536814981,0.010480625250153325,3,,,0,,,0,,,0,,,0,,,0,,,0,,,0,,,0,,,0,,,0,,,0,,,0
Editor transfer,14600,0.4866666666666667,Middle (10-20k),3,0.1583333338300387,0.04639803604467864,3,0.08910833299160004,0.003567683095781969,3,4000.0,0.0,3,0.013776360855748257,0.00470902861923589,3,0.8042703837391626,0.2580290487880474,3,0.3229166666666667,0.027559909490256156,3,0.6770833333333334,0.027559909490256152,3,0.6875,0.036084391824351615,3,3.774163818236797,0.5114951080472179,3,2.0971235794191085,0.2084860828839838,3,,,0,,,0,,,0,,,0,,,0,,,0,,,0,,,0,,,0,,,0,,,0,,,0
Editor transfer,14800,0.49333333333333335,Middle (10-20k),3,0.17499999701976776,0.04389855291905064,3,0.10226499661803246,0.02680327052617964,3,4000.0,0.0,3,0.015232054128622016,0.0012499951658594961,3,0.921266559363756,0.08828459684354738,3,0.4375,0.08267972847076846,3,0.5625,0.08267972847076846,3,0.53125,0.07216878364870323,3,6.878190376942858,1.8865861016113332,3,3.6105507653154087,0.8964349783458055,3,,,0,,,0,,,0,,,0,,,0,,,0,,,0,,,0,,,0,,,0,,,0,,,0
Editor transfer,15000,0.5,Middle (10-20k),3,0.1791666696468989,0.018162079273275795,3,0.08501166353623073,0.011837146513931945,3,4000.0,0.0,3,0.010272046900354326,0.0018269978770914363,3,0.6378830905622154,0.12265200648456658,3,0.34375,0.018042195912175808,3,0.65625,0.018042195912175808,3,0.6145833333333334,0.027559909490256156,3,4.566828513265861,0.36472985697495075,3,2.5397720439130134,0.20004017302481408,3,0.34375,0.018042195912175808,3,0.12869822485207102,0.005863557772076247,3,0.18288805211882134,0.0034999551296208764,3,23.083333333333332,0.4420644827900614,3,0.13658777120315582,0.0026157661703553998,3,0.9895833333333334,0.010416666666666668,3,7.329301075268817,2.2620154127996326,3,7.260416666666667,2.2197278752761065,3,1.0329621095750128,0.008305610487052535,3,0.9984234430019298,0.00014538780702196978,3,0.029193135715053508,0.0028937774422410833,3,0.8044818354528674,0.00674442684152482,3
Editor transfer,15200,0.5066666666666667,Middle (10-20k),3,0.14166667064030966,0.016666670640309654,3,0.09482166667779286,0.006754645201615612,3,4000.0,0.0,3,0.00962507623868684,0.0017791393400140812,3,0.6074524943410808,0.11329355967059734,3,0.4270833333333333,0.020833333333333336,3,0.5729166666666666,0.020833333333333332,3,0.6041666666666666,0.020833333333333332,3,5.378950602374348,0.45848464979614645,3,2.6668198617414447,0.1813829685375616,3,,,0,,,0,,,0,,,0,,,0,,,0,,,0,,,0,,,0,,,0,,,0,,,0
Editor transfer,15400,0.5133333333333333,Middle (10-20k),3,0.21250000099341074,0.08133008827505064,3,0.13429000228643417,0.036081533567881734,3,4000.0,0.0,3,0.02643188601359725,0.013818403583268834,3,1.6697490462279223,0.8749210303301709,3,0.4270833333333333,0.055119818980512304,3,0.5729166666666666,0.05511981898051231,3,0.5625,0.07216878364870323,3,6.2000505751618755,1.5455052003868974,3,3.2347213781730306,0.7563443684301712,3,,,0,,,0,,,0,,,0,,,0,,,0,,,0,,,0,,,0,,,0,,,0,,,0
Editor transfer,15600,0.52,Middle (10-20k),3,0.22916666666666666,0.08457409696307058,3,0.11240666049222152,0.041616912574283876,3,4000.0,0.0,3,0.008889368696448704,0.0004772143264915496,3,0.5482050185403541,0.028942375656457724,3,0.4270833333333333,0.027559909490256156,3,0.5729166666666666,0.027559909490256156,3,0.6041666666666666,0.027559909490256156,3,5.401968455181091,0.5710065826612369,3,2.6776801463062623,0.22262660041576093,3,,,0,,,0,,,0,,,0,,,0,,,0,,,0,,,0,,,0,,,0,,,0,,,0
Editor transfer,15800,0.5266666666666666,Middle (10-20k),3,0.24583333730697632,0.09166666865348816,3,0.10448832561572392,0.03095572119196368,3,4000.0,0.0,3,0.009353796524616579,0.0016595349466316906,3,0.5627722384850115,0.09152125834459186,3,0.34375,0.05412658773652742,3,0.65625,0.05412658773652742,3,0.625,0.03125,3,4.489368326541817,0.68733113406179,3,2.471511023463636,0.22524205947636083,3,,,0,,,0,,,0,,,0,,,0,,,0,,,0,,,0,,,0,,,0,,,0,,,0
Editor transfer,16000,0.5333333333333333,Middle (10-20k),3,0.1750000019868215,0.06884463089412401,3,0.08811999236543973,0.03348251639464593,3,4000.0,0.0,3,0.012995704387625059,0.0024572090092811767,3,0.7960676676875003,0.14382251966208795,3,0.4166666666666667,0.07291666666666667,3,0.5833333333333334,0.07291666666666667,3,0.5520833333333334,0.027559909490256152,3,6.0033143507232865,1.160270988233924,3,3.1037080178606096,0.35804907327021246,3,0.4166666666666667,0.07291666666666667,3,0.14594865432334414,0.008587406555978191,3,0.18750748162512867,0.0007398841990023932,3,23.541666666666668,0.4331379767977456,3,0.13929980276134124,0.0025629466082706894,3,0.9895833333333334,0.010416666666666668,3,10.28225806451613,1.2038659688264177,3,9.864583333333334,1.1867230645540032,3,1.0623200669156552,0.058881980272257925,3,0.9965697959020773,0.0016337589774329505,3,0.021185550718477195,0.002810776556854277,3,0.8114911742084048,0.008049587057648688,3
Editor transfer,16200,0.54,Middle (10-20k),3,0.15833333631356558,0.0491242775328717,3,0.056708329978088536,0.022773957296976087,3,4000.0,0.0,3,0.012354250104787448,0.0021356409674921964,3,0.7729020128944321,0.1377491531276299,3,0.3854166666666667,0.020833333333333336,3,0.6145833333333334,0.020833333333333332,3,0.6354166666666666,0.027559909490256152,3,4.692082877323856,0.4513830748796972,3,2.4272385474833857,0.19003291662029032,3,,,0,,,0,,,0,,,0,,,0,,,0,,,0,,,0,,,0,,,0,,,0,,,0
Editor transfer,16400,0.5466666666666666,Middle (10-20k),3,0.16666667287548384,0.05833333606521289,3,0.09310666595896085,0.03166918710509226,3,4000.0,0.0,3,0.013854928857957324,0.003478055872401776,3,0.8641076936738581,0.19791492484879436,3,0.375,0.036084391824351615,3,0.625,0.036084391824351615,3,0.59375,0.0625,3,5.165051052212099,1.045080542337734,3,2.833764861975242,0.5831805056857334,3,,,0,,,0,,,0,,,0,,,0,,,0,,,0,,,0,,,0,,,0,,,0,,,0
Editor transfer,16600,0.5533333333333333,Middle (10-20k),3,0.20000000298023224,0.09013878064674818,3,0.0834799949079752,0.04286559316373645,3,4000.0,0.0,3,0.011282368601920703,0.0017593278606107604,3,0.7039265734546122,0.0981485904473709,3,0.4166666666666667,0.03755782578608323,3,0.5833333333333334,0.03755782578608323,3,0.6041666666666666,0.04166666666666667,3,5.382139347498111,0.7841126746776229,3,2.704741666208682,0.31597546866471576,3,,,0,,,0,,,0,,,0,,,0,,,0,,,0,,,0,,,0,,,0,,,0,,,0
Editor transfer,16800,0.56,Middle (10-20k),3,0.16249999652306238,0.08133008445800258,3,0.09033500030636787,0.04239071613715831,3,4000.0,0.0,3,0.009614450003330907,0.001780296963584575,3,0.6052500704729338,0.09656706030974593,3,0.2916666666666667,0.03755782578608323,3,0.7083333333333334,0.03755782578608323,3,0.6770833333333334,0.05208333333333334,3,3.685014795743978,0.6094785326528708,3,2.159999020336281,0.27261227401053,3,,,0,,,0,,,0,,,0,,,0,,,0,,,0,,,0,,,0,,,0,,,0,,,0
Editor transfer,17000,0.5666666666666667,Middle (10-20k),3,0.13750000794728598,0.03750000397364298,3,0.06455499803026517,0.013386884075005994,3,4000.0,0.0,3,0.013235774279261628,0.0017198427172758018,3,0.859363733004241,0.14225880266034915,3,0.3541666666666667,0.055119818980512304,3,0.6458333333333334,0.05511981898051231,3,0.6666666666666666,0.04540519732854869,3,4.2453393651876095,0.79364294293321,3,2.2502983043799207,0.28604152857039117,3,0.3541666666666667,0.055119818980512304,3,0.11810062352866324,0.011938362466859287,3,0.19038226730534422,0.002484640692814623,3,23.385416666666668,0.6558365099457165,3,0.13837524654832348,0.0038806894079628177,3,1.0,0.0,3,12.15625,1.4715177822008585,3,11.46875,1.1057378758096335,3,1.0532696980307275,0.024988376431271834,3,0.9987043342175479,0.0011902500967207025,3,0.027638327772340692,0.00548608695825587,3,0.8141148667710588,0.005386946840922011,3
Editor transfer,17200,0.5733333333333334,Middle (10-20k),3,0.14583332960804304,0.05120085510588267,3,0.0723033311466376,0.033301237804645736,3,4000.0,0.0,3,0.009797827301857373,0.001779413148343591,3,0.6323428728762391,0.13535760795853355,3,0.4583333333333333,0.04540519732854868,3,0.5416666666666666,0.04540519732854869,3,0.5208333333333334,0.05511981898051231,3,7.059269891555431,1.3121069084759875,3,3.6180436318409708,0.642793425588645,3,,,0,,,0,,,0,,,0,,,0,,,0,,,0,,,0,,,0,,,0,,,0,,,0
Editor transfer,17400,0.58,Middle (10-20k),3,0.18333333854873976,0.07264831880238265,3,0.08283332859476407,0.03105045725013842,3,4000.0,0.0,3,0.009887496513935426,0.0007244597515937014,3,0.6395572918906933,0.05886254560058152,3,0.3229166666666667,0.010416666666666666,3,0.6770833333333334,0.010416666666666668,3,0.6875,0.03125,3,3.7199908767571075,0.359458405188394,3,2.085484071788122,0.1821383468810587,3,,,0,,,0,,,0,,,0,,,0,,,0,,,0,,,0,,,0,,,0,,,0,,,0
Editor transfer,17600,0.5866666666666667,Middle (10-20k),3,0.2291666716337204,0.05416667117522339,3,0.11588666588068008,0.031676355664688724,3,4000.0,0.0,3,0.009905457884694139,0.0012167584758323708,3,0.6472522749870175,0.07716493991654133,3,0.40625,0.036084391824351615,3,0.59375,0.036084391824351615,3,0.6041666666666666,0.04540519732854869,3,5.319380902632337,0.8605310830903772,3,2.7142279926681483,0.36766528527407694,3,,,0,,,0,,,0,,,0,,,0,,,0,,,0,,,0,,,0,,,0,,,0,,,0
Editor transfer,17800,0.5933333333333334,Middle (10-20k),3,0.16250000521540642,0.061661040284952305,3,0.09027499581376712,0.03163290023668721,3,4000.0,0.0,3,0.010154665758212408,0.0028035574101901413,3,0.6724566474063373,0.19049720012511312,3,0.3229166666666667,0.05799754544614606,3,0.6770833333333334,0.05799754544614607,3,0.6666666666666666,0.04540519732854869,3,3.965418166118045,0.8117730664861549,3,2.2202946991321593,0.28534603438810147,3,,,0,,,0,,,0,,,0,,,0,,,0,,,0,,,0,,,0,,,0,,,0,,,0
Editor transfer,18000,0.6,Middle (10-20k),3,0.17083333929379782,0.08907316303929169,3,0.07214832802613576,0.03844607381818701,3,4000.0,0.0,3,0.010886979832624396,0.003018890808195825,3,0.7129472298406956,0.18380574043137637,3,0.3645833333333333,0.04540519732854869,3,0.6354166666666666,0.04540519732854869,3,0.65625,0.036084391824351615,3,4.376014127748306,0.6793213113660487,3,2.299916978799505,0.24357877572069359,3,0.3645833333333333,0.04540519732854869,3,0.11788588789209135,0.012155670437772716,3,0.18741586049278358,0.0046258221112676625,3,22.15625,0.46909709371657093,3,0.13110207100591717,0.002775722448027045,3,1.0,0.0,3,7.3125,2.0653389552322885,3,7.229166666666667,2.022121582507947,3,1.011111111111111,0.006054026310473196,3,0.9987831439850385,0.0003798660898345903,3,0.019026738798638972,0.005657670692162171,3,0.814030711955398,0.0033064039706752232,3
Editor transfer,18200,0.6066666666666667,Middle (10-20k),3,0.20416667312383652,0.06859199578043844,3,0.10552665839592616,0.032623509832058126,3,4000.0,0.0,3,0.012001107990120849,0.0017145023422437784,3,0.7923066230703103,0.12499326153194017,3,0.4166666666666667,0.027559909490256156,3,0.5833333333333334,0.027559909490256152,3,0.5729166666666666,0.04166666666666667,3,5.705076160090475,0.7234966504679997,3,2.9507994278452703,0.3440173295368527,3,,,0,,,0,,,0,,,0,,,0,,,0,,,0,,,0,,,0,,,0,,,0,,,0
Editor transfer,18400,0.6133333333333333,Middle (10-20k),3,0.2708333383003871,0.03974746136261237,3,0.1310783252120018,0.006355523494900899,3,4000.0,0.0,3,0.009961763474469384,0.0017946361331567355,3,0.6601589830305012,0.13377703914026834,3,0.3333333333333333,0.010416666666666666,3,0.6666666666666666,0.010416666666666668,3,0.6145833333333334,0.03755782578608323,3,4.489178048555796,0.4338313929297767,3,2.5476933852263954,0.2541055952599199,3,,,0,,,0,,,0,,,0,,,0,,,0,,,0,,,0,,,0,,,0,,,0,,,0
Editor transfer,18600,0.62,Middle (10-20k),3,0.22916667411724725,0.06222160537258828,3,0.11267666767040889,0.02329834548558925,3,4000.0,0.0,3,0.014136101778907081,0.004452787967003051,3,0.9300762724524625,0.26394326427116405,3,0.4375,0.036084391824351615,3,0.5625,0.036084391824351615,3,0.53125,0.03125,3,6.316171896953084,0.6736613266193523,3,3.2886408895439856,0.29294238658840155,3,,,0,,,0,,,0,,,0,,,0,,,0,,,0,,,0,,,0,,,0,,,0,,,0
Editor transfer,18800,0.6266666666666667,Middle (10-20k),3,0.1875000074505806,0.06884463698167433,3,0.08615999793012936,0.02201332458646175,3,4000.0,0.0,3,0.00921756902243942,0.0011268997704584939,3,0.6036190575425399,0.06390138996987595,3,0.40625,0.0625,3,0.59375,0.0625,3,0.5729166666666666,0.06336210969060646,3,5.776111046096324,1.4508844118233166,3,3.0433103336444205,0.6198901117612939,3,,,0,,,0,,,0,,,0,,,0,,,0,,,0,,,0,,,0,,,0,,,0,,,0
Editor transfer,19000,0.6333333333333333,Middle (10-20k),3,0.2000000054637591,0.054486239244227075,3,0.09141499611238639,0.036339108713324526,3,4000.0,0.0,3,0.009972700771565238,0.0012713373509478222,3,0.6756182930625348,0.10265523930205817,3,0.375,0.06505206248331664,3,0.625,0.06505206248331664,3,0.625,0.07216878364870323,3,5.01696190619667,1.3899482471504032,3,2.6468039001522494,0.5810871175042873,3,0.375,0.06505206248331664,3,0.12938617420627346,0.018556042022162607,3,0.19267253401868786,0.0020168357347176004,3,23.072916666666668,0.16371076714064284,3,0.13652613412228798,0.0009687027641458145,3,1.0,0.0,3,12.09375,0.750216982501285,3,10.53125,0.018042195912175808,3,1.1457950036075035,0.06573429053601121,3,0.9980711562264911,0.0014250420084616353,3,0.02555040045298747,0.0022952415666050072,3,0.8122876561755893,0.006463705257902367,3
Editor transfer,19200,0.64,Middle (10-20k),3,0.20833333333333334,0.008333330353101095,3,0.09920833011468251,0.007713311471983931,3,4000.0,0.0,3,0.010183365394671759,0.0014933634352895752,3,0.6688600163734012,0.08197715590810856,3,0.3125,0.07864410870073699,3,0.6875,0.07864410870073699,3,0.6875,0.0625,3,3.928093245054933,1.184856134009878,3,2.1708730973976977,0.42936997094501955,3,,,0,,,0,,,0,,,0,,,0,,,0,,,0,,,0,,,0,,,0,,,0,,,0
Editor transfer,19400,0.6466666666666666,Middle (10-20k),3,0.23750001192092896,0.056365627638219076,3,0.14139500508705774,0.043685192420603765,3,4000.0,0.0,3,0.011522389715537429,0.001821998154913563,3,0.7576196827812217,0.13173336537598962,3,0.4583333333333333,0.03755782578608323,3,0.5416666666666666,0.03755782578608323,3,0.5520833333333334,0.05799754544614607,3,6.529937242987454,1.2981130162142076,3,3.292650087395947,0.6848387212740722,3,,,0,,,0,,,0,,,0,,,0,,,0,,,0,,,0,,,0,,,0,,,0,,,0
Editor transfer,19600,0.6533333333333333,Middle (10-20k),3,0.19583333283662796,0.12104865894171454,3,0.09995332981149356,0.0730384887177296,3,4000.0,0.0,3,0.011182449525222182,0.000791429868565943,3,0.7345711398542153,0.034916050820556974,3,0.375,0.06505206248331664,3,0.625,0.06505206248331664,3,0.6354166666666666,0.07291666666666667,3,4.854645546858353,1.1470636724748853,3,2.542194383140014,0.46122292762532857,3,,,0,,,0,,,0,,,0,,,0,,,0,,,0,,,0,,,0,,,0,,,0,,,0
Editor transfer,19800,0.66,Middle (10-20k),3,0.12083332985639572,0.07120002696712686,3,0.06057833321392536,0.031010469440985223,3,4000.0,0.0,3,0.013549957890063524,0.001829026517211888,3,0.8940544905308858,0.14163395553591898,3,0.3854166666666667,0.09258535851370406,3,0.6145833333333334,0.09258535851370406,3,0.6354166666666666,0.10259226876870943,3,5.356053289671286,2.1804259591424087,3,2.811289466408276,0.9735336292714943,3,,,0,,,0,,,0,,,0,,,0,,,0,,,0,,,0,,,0,,,0,,,0,,,0
Editor transfer,20000,0.6666666666666666,Middle (10-20k),3,0.18749999751647314,0.08196797988734411,3,0.08552999794483185,0.041990282877725764,3,4000.0,0.0,3,0.00889108698659887,0.0007099985954181529,3,0.5788174365334103,0.04225014147739346,3,0.46875,0.018042195912175808,3,0.53125,0.018042195912175808,3,0.5416666666666666,0.027559909490256152,3,6.677877677916444,0.6066419840692937,3,3.2738664735229785,0.29073224923261604,3,0.46875,0.018042195912175808,3,0.14961506648851564,0.004979871664242801,3,0.1838816098431483,0.000831837530054746,3,23.291666666666668,0.6287215588884408,3,0.1378205128205128,0.003720245910582495,3,1.0,0.0,3,6.677083333333333,0.3188589138544577,3,6.197916666666667,0.586949357790867,3,1.1432133838383838,0.12915403438653808,3,0.9974419255698779,0.0011626505621189851,3,0.024569626433949637,0.004278006341778624,3,0.8215605262694176,0.013878001026415192,3
Editor transfer,20200,0.6733333333333333,Late (20-30k),3,0.10416667070239782,0.048052347013988354,3,0.036051665510361396,0.018104928962306206,3,4000.0,0.0,3,0.010907473081412414,0.0004074297491401684,3,0.7060209089866188,0.017533656832032573,3,0.375,0.03125,3,0.625,0.03125,3,0.5833333333333334,0.05208333333333334,3,5.202048275261617,0.7712814725866342,3,2.8485095957533684,0.39199673336055535,3,,,0,,,0,,,0,,,0,,,0,,,0,,,0,,,0,,,0,,,0,,,0,,,0
Editor transfer,20400,0.68,Late (20-30k),3,0.14999999850988388,0.057282191146813086,3,0.06733499839901924,0.02789673678294814,3,4000.0,0.0,3,0.015474792337045074,0.000857801800611992,3,1.0181872384313373,0.04987498645842983,3,0.375,0.018042195912175808,3,0.625,0.018042195912175808,3,0.6145833333333334,0.027559909490256156,3,4.849052986571958,0.44531173601444884,3,2.5685602485556163,0.2135675077176656,3,,,0,,,0,,,0,,,0,,,0,,,0,,,0,,,0,,,0,,,0,,,0,,,0
Editor transfer,20600,0.6866666666666666,Late (20-30k),3,0.16250000397364298,0.014433755869421916,3,0.08545999974012375,0.01875726626886524,3,4000.0,0.0,3,0.00877756963018328,0.0011959381624597456,3,0.5951544868733275,0.08312107804481593,3,0.4479166666666667,0.052083333333333336,3,0.5520833333333334,0.05208333333333334,3,0.5833333333333334,0.05208333333333334,3,6.0095190200620285,1.0940072163365175,3,2.936572199730094,0.4318488529014844,3,,,0,,,0,,,0,,,0,,,0,,,0,,,0,,,0,,,0,,,0,,,0,,,0
Editor transfer,20800,0.6933333333333334,Late (20-30k),3,0.23333333929379782,0.06934715747345305,3,0.14043833563725153,0.03038416175846721,3,4000.0,0.0,3,0.009631326577315727,0.0015441907908799609,3,0.6160020813084554,0.07720684700763099,3,0.4270833333333333,0.055119818980512304,3,0.5729166666666666,0.05511981898051231,3,0.5729166666666666,0.0683066512948125,3,6.108308402747131,1.585746016539876,3,3.146063735851806,0.7784269965635968,3,,,0,,,0,,,0,,,0,,,0,,,0,,,0,,,0,,,0,,,0,,,0,,,0
Editor transfer,21000,0.7,Late (20-30k),3,0.15416666865348816,0.029166668653488163,3,0.09262166420618693,0.015269790286264105,3,4000.0,0.0,3,0.011879800430809459,0.00040756068920472607,3,0.7899513187416964,0.07125424962571772,3,0.3333333333333333,0.06336210969060646,3,0.6666666666666666,0.06336210969060646,3,0.65625,0.06505206248331664,3,4.339871748433636,1.0285399769024284,3,2.362815041085592,0.40618079381650624,3,0.3333333333333333,0.06336210969060646,3,0.1219380288859197,0.01988241274699591,3,0.19324265478111627,0.003956979826199379,3,23.5625,0.23454854685828547,3,0.13942307692307693,0.0013878612240135224,3,1.0,0.0,3,10.78125,0.8616919524013981,3,9.65625,0.6782042004440846,3,1.1177837209087207,0.04516663064072384,3,0.999358834166872,0.00037030979520076335,3,0.022471291380820532,0.009330062579868795,3,0.8166326560839096,0.0015601724356965787,3
Editor transfer,21200,0.7066666666666667,Late (20-30k),3,0.21666666368643442,0.048052342464738745,3,0.11508666475613911,0.021329000218654876,3,4000.0,0.0,3,0.010796489543281496,0.002770554609434865,3,0.7249328995466454,0.16161661519350803,3,0.3229166666666667,0.027559909490256156,3,0.6770833333333334,0.027559909490256152,3,0.6666666666666666,0.05208333333333334,3,3.957601955841755,0.6695716548470059,3,2.241785435639215,0.3419704800050686,3,,,0,,,0,,,0,,,0,,,0,,,0,,,0,,,0,,,0,,,0,,,0,,,0
Editor transfer,21400,0.7133333333333334,Late (20-30k),3,0.24583333730697632,0.09138213805984641,3,0.14041332652171454,0.05076218742687633,3,4000.0,0.0,3,0.01201276663535585,0.0018374324961600592,3,0.8124761587132591,0.12523522169976173,3,0.3854166666666667,0.010416666666666666,3,0.6145833333333334,0.010416666666666668,3,0.6041666666666666,0.010416666666666668,3,5.023802775154908,0.17967977043740752,3,2.6305236830384113,0.07898161276868071,3,,,0,,,0,,,0,,,0,,,0,,,0,,,0,,,0,,,0,,,0,,,0,,,0
Editor transfer,21600,0.72,Late (20-30k),3,0.3166666825612386,0.1341123231370224,3,0.16668165971835455,0.08074696693537985,3,4000.0,0.0,3,0.013153178888993958,0.0008106760012141533,3,0.889317304863333,0.05515911096551293,3,0.3645833333333333,0.04540519732854869,3,0.6354166666666666,0.04540519732854869,3,0.6666666666666666,0.04540519732854869,3,4.287045749814719,0.7565807232989793,3,2.2522930992121553,0.28428970553124006,3,,,0,,,0,,,0,,,0,,,0,,,0,,,0,,,0,,,0,,,0,,,0,,,0
Editor transfer,21800,0.7266666666666667,Late (20-30k),3,0.0833333358168602,0.042287049338017364,3,0.04700333376725515,0.02409062056944666,3,4000.0,0.0,3,0.009423818672075868,0.0009876253236525648,3,0.6557558915902502,0.07703252147583169,3,0.3854166666666667,0.055119818980512304,3,0.6145833333333334,0.05511981898051231,3,0.6145833333333334,0.03755782578608323,3,5.0448443839106405,0.8187521500340665,3,2.603071651244703,0.2873544917195521,3,,,0,,,0,,,0,,,0,,,0,,,0,,,0,,,0,,,0,,,0,,,0,,,0
Editor transfer,22000,0.7333333333333333,Late (20-30k),3,0.16666666325181723,0.1132689727635626,3,0.09271666749070089,0.05454567849541255,3,4000.0,0.0,3,0.009140184110340973,0.000834331032836591,3,0.6387538228625255,0.06292917509338573,3,0.375,0.0625,3,0.625,0.0625,3,0.5625,0.03125,3,5.441525736943956,1.1096502543223172,3,2.9783986068398236,0.37941383526621963,3,0.375,0.0625,3,0.1436581408665776,0.0104406600338782,3,0.1844921104536489,0.0028249962641821377,3,23.645833333333332,0.2604166666666667,3,0.13991617357001973,0.0015409270216962536,3,1.0,0.0,3,9.03125,2.2888002907272913,3,8.53125,2.5811692884879394,3,1.2074138824138825,0.19666225413945332,3,0.9995723897731034,0.0001235863205748215,3,0.023006166517189106,0.006841103861936035,3,0.8102436887886785,0.008525493712399615,3
Editor transfer,22200,0.74,Late (20-30k),3,0.34166666865348816,0.09195030597185419,3,0.18766166269779205,0.04177457850660951,3,4000.0,0.0,3,0.013231136642086009,0.0035181984103839254,3,0.9368305975533476,0.2574458498732748,3,0.375,0.018042195912175808,3,0.625,0.018042195912175808,3,0.6145833333333334,0.020833333333333332,3,4.838370162100662,0.35286752130009863,3,2.557882568451309,0.15141430059189906,3,,,0,,,0,,,0,,,0,,,0,,,0,,,0,,,0,,,0,,,0,,,0,,,0
Editor transfer,22400,0.7466666666666667,Late (20-30k),3,0.17500000105549893,0.09381942041018215,3,0.08821000034610431,0.039960594993637605,3,4000.0,0.0,3,0.008572403186311325,0.0012533958321954807,3,0.6095966981289247,0.08159051679433749,3,0.375,0.018042195912175808,3,0.625,0.018042195912175808,3,0.625,0.036084391824351615,3,4.7377023491710295,0.5365843666585373,3,2.507682877221486,0.26148617061172685,3,,,0,,,0,,,0,,,0,,,0,,,0,,,0,,,0,,,0,,,0,,,0,,,0
Editor transfer,22600,0.7533333333333333,Late (20-30k),3,0.2833333412806193,0.07120003248994905,3,0.15883332987626395,0.028793165837902517,3,4000.0,0.0,3,0.0073398608559121685,0.0005424253111540118,3,0.5234454220246645,0.04248256904418251,3,0.3854166666666667,0.020833333333333336,3,0.6145833333333334,0.020833333333333332,3,0.5416666666666666,0.020833333333333332,3,5.688128307344869,0.00838018597529396,3,3.137649277184161,0.16090509113764934,3,,,0,,,0,,,0,,,0,,,0,,,0,,,0,,,0,,,0,,,0,,,0,,,0
Editor transfer,22800,0.76,Late (20-30k),3,0.23333333681027094,0.10265570660621014,3,0.13511333366235098,0.03419497618520314,3,4000.0,0.0,3,0.00904555261755983,0.0010508681289263953,3,0.6414465067369216,0.08548103862985111,3,0.3645833333333333,0.027559909490256156,3,0.6354166666666666,0.027559909490256152,3,0.6145833333333334,0.027559909490256152,3,4.718963002063357,0.48391652997268225,3,2.55244175044429,0.21650252283526533,3,,,0,,,0,,,0,,,0,,,0,,,0,,,0,,,0,,,0,,,0,,,0,,,0
Editor transfer,23000,0.7666666666666667,Late (20-30k),3,0.24583333730697632,0.09138213805984641,3,0.12764833122491837,0.03279365410429605,3,4000.0,0.0,3,0.009200279096451899,0.001908548851933898,3,0.6477067046780837,0.13738636239345287,3,0.4270833333333333,0.03755782578608322,3,0.5729166666666666,0.03755782578608323,3,0.5625,0.047735163489123336,3,5.888096719694755,0.8150946197824813,3,3.046919031121263,0.39275434730029724,3,0.4270833333333333,0.03755782578608322,3,0.1433082013106827,0.010128278320752467,3,0.19052811915237952,0.003683201790564363,3,23.270833333333332,0.464331022667139,3,0.13769723865877712,0.0027475208441842514,3,1.0,0.0,3,9.104166666666666,0.5729166666666667,3,8.916666666666666,0.6065863900641946,3,1.0257187257187257,0.011587862859696447,3,0.9970174130141064,0.0020252416157427087,3,0.013916260927830182,0.0019342119577727046,3,0.8273869438397524,0.002583342324482947,3
Editor transfer,23200,0.7733333333333333,Late (20-30k),3,0.22083334376414618,0.06137883660498325,3,0.11040333037575085,0.037927317646559836,3,4000.0,0.0,3,0.01202011900022626,0.003094980182807092,3,0.8469846781451182,0.21080509142596793,3,0.3229166666666667,0.027559909490256156,3,0.6770833333333334,0.027559909490256152,3,0.6666666666666666,0.03755782578608323,3,3.9444361029784933,0.5410027192762645,3,2.2153608556707756,0.24329831969771484,3,,,0,,,0,,,0,,,0,,,0,,,0,,,0,,,0,,,0,,,0,,,0,,,0
Editor transfer,23400,0.78,Late (20-30k),3,0.20416666070620218,0.10516190972132994,3,0.11034165819485982,0.05517623296291674,3,4000.0,0.0,3,0.011520278174430132,0.0009225865494217095,3,0.8350528749346343,0.06619066282125605,3,0.40625,0.047735163489123336,3,0.59375,0.047735163489123336,3,0.5833333333333334,0.027559909490256156,3,5.499849762236797,0.8018780661304271,3,2.8315669150850145,0.273378333049972,3,,,0,,,0,,,0,,,0,,,0,,,0,,,0,,,0,,,0,,,0,,,0,,,0
Editor transfer,23600,0.7866666666666666,Late (20-30k),3,0.27916666865348816,0.05464531437012645,3,0.14379166066646576,0.014576317465727002,3,4000.0,0.0,3,0.012343902373686433,0.0013323103632679092,3,0.9332481706425088,0.09080712572294145,3,0.34375,0.03125,3,0.65625,0.03125,3,0.6458333333333334,0.027559909490256152,3,4.30286609896589,0.5209474932065165,3,2.341242748204472,0.19737508913828877,3,,,0,,,0,,,0,,,0,,,0,,,0,,,0,,,0,,,0,,,0,,,0,,,0
Editor transfer,23800,0.7933333333333333,Late (20-30k),3,0.195833341528972,0.07371586308292777,3,0.12003833055496216,0.044032862418045216,3,4000.0,0.0,3,0.01264129055198282,0.003212157197084069,3,0.9640323957204714,0.24862469682176325,3,0.3645833333333333,0.027559909490256156,3,0.6354166666666666,0.027559909490256156,3,0.6145833333333334,0.010416666666666668,3,4.727911537219954,0.34554386324108155,3,2.537309515544204,0.09455897637236894,3,,,0,,,0,,,0,,,0,,,0,,,0,,,0,,,0,,,0,,,0,,,0,,,0
Editor transfer,24000,0.8,Late (20-30k),3,0.17083333681027094,0.0522081848418577,3,0.11089333146810532,0.024883712220427276,3,4000.0,0.0,3,0.010340463020838797,0.0015203464231233748,3,0.7953590942871052,0.11763119401000942,3,0.3125,0.07864410870073699,3,0.6875,0.07864410870073699,3,0.6666666666666666,0.0683066512948125,3,4.165443224220714,1.32276177138045,3,2.3214504634245414,0.5142255689060201,3,0.3125,0.07864410870073699,3,0.11689969459820576,0.020985933349980633,3,0.19025547102470183,0.0037295571322932992,3,24.03125,0.14320549046737002,3,0.14219674556213016,0.0008473697660791152,3,1.0,0.0,3,7.65625,1.364424290986251,3,7.572916666666667,1.3586065037178514,3,1.009837962962963,0.006673936686730779,3,0.9993519311263318,0.00045127741888190603,3,0.01936923144175701,0.006194460601551331,3,0.7992460393381434,0.007623875156099353,3
Editor transfer,24200,0.8066666666666666,Late (20-30k),3,0.2833333412806193,0.018162079843037412,3,0.1485433280467987,0.02006198248609016,3,4000.0,0.0,3,0.012055773908893267,0.002645817867348343,3,0.9426598949292634,0.21187342851110177,3,0.40625,0.047735163489123336,3,0.59375,0.047735163489123336,3,0.5416666666666666,0.05799754544614607,3,6.129088126594442,1.1229284792620864,3,3.308148926798997,0.5469526496625556,3,,,0,,,0,,,0,,,0,,,0,,,0,,,0,,,0,,,0,,,0,,,0,,,0
Editor transfer,24400,0.8133333333333334,Late (20-30k),3,0.21666666865348816,0.018162078703515525,3,0.09282666444778442,0.019768033381496682,3,4000.0,0.0,3,0.009477788233198225,0.0011515412953401554,3,0.7470656178880422,0.08961756289466906,3,0.2916666666666667,0.027559909490256156,3,0.7083333333333334,0.027559909490256152,3,0.65625,0.018042195912175808,3,3.7318206223450985,0.27603366224130826,3,2.2165307977732165,0.10195055966870716,3,,,0,,,0,,,0,,,0,,,0,,,0,,,0,,,0,,,0,,,0,,,0,,,0
Editor transfer,24600,0.82,Late (20-30k),3,0.21250000347693762,0.05773502562848418,3,0.10666000097990036,0.029121967451480414,3,4000.0,0.0,3,0.010858007706701756,0.0007302011992302532,3,0.8325819969129494,0.06261969211695681,3,0.3854166666666667,0.010416666666666666,3,0.6145833333333334,0.010416666666666668,3,0.6145833333333334,0.010416666666666668,3,4.885865395346183,0.09211617095514037,3,2.551201228999989,0.07185145749682625,3,,,0,,,0,,,0,,,0,,,0,,,0,,,0,,,0,,,0,,,0,,,0,,,0
Editor transfer,24800,0.8266666666666667,Late (20-30k),3,0.12500000496705374,0.054486238959346955,3,0.0709549964716037,0.028273321253876427,3,4000.0,0.0,3,0.01250934659037739,0.0011059728701154495,3,0.9560431511595474,0.08386837491306519,3,0.3958333333333333,0.027559909490256156,3,0.6041666666666666,0.027559909490256152,3,0.59375,0.05412658773652742,3,5.204392188604093,0.7165104648935561,3,2.772563907811374,0.4143141356446603,3,,,0,,,0,,,0,,,0,,,0,,,0,,,0,,,0,,,0,,,0,,,0,,,0
Editor transfer,25000,0.8333333333333334,Late (20-30k),3,0.31666667262713116,0.14185038010456838,3,0.15948166698217392,0.07776335455589226,3,4000.0,0.0,3,0.008303896252376338,0.000905477326757358,3,0.6288166472575448,0.07639349458759984,3,0.3958333333333333,0.07291666666666667,3,0.6041666666666666,0.07291666666666667,3,0.6354166666666666,0.07291666666666667,3,5.096896829929019,1.5058674765299036,3,2.594539088516968,0.6034676557064536,3,0.3958333333333333,0.07291666666666667,3,0.12588677864732456,0.02084772991505138,3,0.1899131118588132,0.002927304201025406,3,23.010416666666668,0.6356727625996815,3,0.13615631163708086,0.003761377293489248,3,1.0,0.0,3,6.71875,0.20807275370248104,3,6.677083333333333,0.2241399457432293,3,1.0127314814814816,0.012731481481481474,3,0.9993563737849209,0.0003287213841303265,3,0.027515175693702376,0.0035594607947386173,3,0.8069715805373452,0.015832296085923056,3
Editor transfer,25200,0.84,Late (20-30k),3,0.2416666696468989,0.07264831538382188,3,0.12979666888713837,0.013300505017282438,3,4000.0,0.0,3,0.009036145638674498,0.00099248278632707,3,0.6978783118260113,0.07606798129934372,3,0.3333333333333333,0.03755782578608322,3,0.6666666666666666,0.03755782578608323,3,0.6875,0.03125,3,3.8330184479384006,0.5452771091328491,3,2.0950263048024143,0.19521590121616678,3,,,0,,,0,,,0,,,0,,,0,,,0,,,0,,,0,,,0,,,0,,,0,,,0
Editor transfer,25400,0.8466666666666667,Late (20-30k),3,0.20416668057441711,0.018162078703515525,3,0.10252666225035985,0.019867870540939796,3,4000.0,0.0,3,0.010448621974016229,0.0013723334475124686,3,0.7950847846306016,0.10580411658400243,3,0.4375,0.036084391824351615,3,0.5625,0.036084391824351615,3,0.5416666666666666,0.05799754544614607,3,6.331012208443648,1.0142456427793827,3,3.303703316533621,0.5214547333074105,3,,,0,,,0,,,0,,,0,,,0,,,0,,,0,,,0,,,0,,,0,,,0,,,0
Editor transfer,25600,0.8533333333333334,Late (20-30k),3,0.30416665971279144,0.08609990399292314,3,0.16394666582345963,0.03798252596047388,3,4000.0,0.0,3,0.008508856951569518,0.0007728086732802944,3,0.6538201019722961,0.054498458524274915,3,0.3333333333333333,0.03755782578608322,3,0.6666666666666666,0.03755782578608323,3,0.6770833333333334,0.027559909490256156,3,3.9326694007782788,0.5100723089890817,3,2.148749772844146,0.1752076299646869,3,,,0,,,0,,,0,,,0,,,0,,,0,,,0,,,0,,,0,,,0,,,0,,,0
Editor transfer,25800,0.86,Late (20-30k),3,0.19166666269302368,0.06705615200074243,3,0.1100066676735878,0.029540807875659766,3,4000.0,0.0,3,0.01869724690914154,0.006833777739287022,3,1.4704925427460738,0.5346845407093627,3,0.40625,0.018042195912175808,3,0.59375,0.018042195912175808,3,0.59375,0.03125,3,5.346878528376067,0.5341241137268717,3,2.754030883782106,0.2746193359152502,3,,,0,,,0,,,0,,,0,,,0,,,0,,,0,,,0,,,0,,,0,,,0,,,0
Editor transfer,26000,0.8666666666666667,Late (20-30k),3,0.30000001192092896,0.12311072917957956,3,0.16363499065240225,0.03546522057706883,3,4000.0,0.0,3,0.00863167472804586,0.002141704649432311,3,0.6846298281445745,0.14292680668067637,3,0.375,0.036084391824351615,3,0.625,0.036084391824351615,3,0.6354166666666666,0.04166666666666667,3,4.652085041977214,0.6646763246359167,3,2.4453501604836094,0.271289413445161,3,0.375,0.036084391824351615,3,0.12598221670802315,0.01165953894691544,3,0.18414107260261106,0.0006583170119529353,3,23.322916666666668,0.2866003435874501,3,0.13800542406311636,0.0016958600212275089,3,1.0,0.0,3,7.385416666666667,2.023409011489713,3,7.09375,1.8649033710445517,3,1.0375105218855218,0.018687458163837756,3,0.998706370472663,0.0005692649381448993,3,0.02853781335716071,0.006228989464657037,3,0.8131905961529492,0.006891346612515152,3
Editor transfer,26200,0.8733333333333333,Late (20-30k),3,0.18750000993410745,0.12054564162023275,3,0.10860000302394231,0.05989235648540738,3,4000.0,0.0,3,0.009861539544848105,0.0008992151442645421,3,0.8059041597110923,0.06268573117446076,3,0.4166666666666667,0.055119818980512304,3,0.5833333333333334,0.05511981898051231,3,0.5729166666666666,0.03755782578608323,3,5.827328523054408,0.9927587841892261,3,2.971096476635335,0.39272427103810037,3,,,0,,,0,,,0,,,0,,,0,,,0,,,0,,,0,,,0,,,0,,,0,,,0
Editor transfer,26400,0.88,Late (20-30k),3,0.1999999980131785,0.06884463111958902,3,0.1056649995346864,0.0346131994300446,3,4000.0,0.0,3,0.00977277422013382,0.0008447238104775352,3,0.7994226403599178,0.08746062073159064,3,0.3541666666666667,0.027559909490256156,3,0.6458333333333334,0.027559909490256156,3,0.6145833333333334,0.07291666666666667,3,4.635728016321498,0.896453985080729,3,2.6340321684374417,0.565342005948768,3,,,0,,,0,,,0,,,0,,,0,,,0,,,0,,,0,,,0,,,0,,,0,,,0
Editor transfer,26600,0.8866666666666667,Late (20-30k),3,0.2208333412806193,0.07228896752099806,3,0.12369333207607269,0.02889390464603297,3,4000.0,0.0,3,0.006013389443978667,0.00044162529517229737,3,0.4948003419761203,0.025411589429818214,3,0.3645833333333333,0.055119818980512304,3,0.6354166666666666,0.05511981898051231,3,0.625,0.05412658773652742,3,4.8197748784352745,1.052077636086338,3,2.564154096868235,0.42249984405872876,3,,,0,,,0,,,0,,,0,,,0,,,0,,,0,,,0,,,0,,,0,,,0,,,0
Editor transfer,26800,0.8933333333333333,Late (20-30k),3,0.19166667262713113,0.027322662108609057,3,0.10900166630744934,0.012593670471789878,3,4000.0,0.0,3,0.0070857809235652285,0.0008587073313218492,3,0.5908100767513216,0.07378057247599071,3,0.3333333333333333,0.05799754544614606,3,0.6666666666666666,0.05799754544614607,3,0.6458333333333334,0.03755782578608323,3,4.257200518656623,0.7163096785394966,3,2.347330639042443,0.2501621985449206,3,,,0,,,0,,,0,,,0,,,0,,,0,,,0,,,0,,,0,,,0,,,0,,,0
Editor transfer,27000,0.9,Late (20-30k),3,0.23333333929379782,0.030046258149163566,3,0.103343332807223,0.016352578150027205,3,4000.0,0.0,3,0.013610709963055948,0.003914722466842405,3,1.1103933116269287,0.2681653360034462,3,0.3541666666666667,0.0890000390137243,3,0.6458333333333334,0.0890000390137243,3,0.65625,0.10974639325888269,3,4.879439806611142,2.1123287360866705,3,2.676074425545554,0.9899822171937218,3,0.3541666666666667,0.0890000390137243,3,0.11651396576954891,0.025629219900788903,3,0.18798423379871343,0.004555421907271448,3,22.479166666666668,0.8754339201853623,3,0.1330128205128205,0.00518008236796072,3,1.0,0.0,3,8.385416666666666,0.4420644827900614,3,7.84375,0.6557537806473809,3,1.0883928571428572,0.08080727102817176,3,0.9993514459118424,0.00012486121794162371,3,0.02386588082300083,0.005188449771393741,3,0.8175542765874496,0.004129349998768242,3
Editor transfer,27200,0.9066666666666666,Late (20-30k),3,0.3750000099341075,0.12140668703243587,3,0.18050998449325562,0.06274751182047011,3,4000.0,0.0,3,0.009934334899298847,0.002053904669775498,3,0.8157179165733117,0.13211054026656616,3,0.375,0.018042195912175808,3,0.625,0.018042195912175808,3,0.625,0.047735163489123336,3,4.711457679718926,0.6484161918901902,3,2.5262891829015888,0.36141133855640944,3,,,0,,,0,,,0,,,0,,,0,,,0,,,0,,,0,,,0,,,0,,,0,,,0
Editor transfer,27400,0.9133333333333333,Late (20-30k),3,0.18333333233992258,0.03254270615618852,3,0.08026832714676857,0.016546617430964843,3,4000.0,0.0,3,0.006840360855373244,0.0006622731596219284,3,0.5787509681286006,0.03259435200550845,3,0.3229166666666667,0.027559909490256156,3,0.6770833333333334,0.027559909490256156,3,0.6875,0.018042195912175808,3,3.739026984558723,0.32617761224970343,3,2.075433050330757,0.10671578712028082,3,,,0,,,0,,,0,,,0,,,0,,,0,,,0,,,0,,,0,,,0,,,0,,,0
Editor transfer,27600,0.92,Late (20-30k),3,0.22916666915019354,0.10441636611598897,3,0.10579166188836098,0.04297003706621906,3,4000.0,0.0,3,0.008365008048713207,0.002372123402036632,3,0.7021990395341214,0.1599430422779567,3,0.4375,0.047735163489123336,3,0.5625,0.047735163489123336,3,0.5625,0.047735163489123336,3,6.2062475912280055,1.054868321396271,3,3.1130460380199825,0.4433642891309836,3,,,0,,,0,,,0,,,0,,,0,,,0,,,0,,,0,,,0,,,0,,,0,,,0
Editor transfer,27800,0.9266666666666666,Late (20-30k),3,0.2500000049670537,0.031457641111846395,3,0.10493498543898265,0.016994609115058686,3,4000.0,0.0,3,0.017937740970713396,0.010011298005054556,3,1.5553620560285932,0.8884723588515229,3,0.4166666666666667,0.03755782578608322,3,0.5833333333333334,0.03755782578608323,3,0.6041666666666666,0.04540519732854869,3,5.398103791849912,0.8648027451621834,3,2.719082545707933,0.36775790315726836,3,,,0,,,0,,,0,,,0,,,0,,,0,,,0,,,0,,,0,,,0,,,0,,,0
Editor transfer,28000,0.9333333333333333,Late (20-30k),3,0.1958333378036817,0.08333333705862365,3,0.10806833207607269,0.04449129091632233,3,4000.0,0.0,3,0.007440474233590066,0.0008756069404519453,3,0.6353668463077621,0.09725544420617238,3,0.3958333333333333,0.03755782578608322,3,0.6041666666666666,0.03755782578608323,3,0.5625,0.047735163489123336,3,5.4561884146538375,0.7201579565655203,3,2.9576794837457245,0.34697039912121697,3,0.3958333333333333,0.03755782578608322,3,0.13552999936374627,0.009679012439832017,3,0.18646524415755183,0.0018584429303700038,3,22.708333333333332,0.2502169197805066,3,0.13436883629191324,0.001480573489825488,3,1.0,0.0,3,9.770833333333334,1.9510892168079974,3,9.333333333333334,2.1793250022146258,3,1.0781752765208645,0.06304927359090204,3,0.9978623933549041,0.001208686844429697,3,0.025536062384976785,0.010073297807797874,3,0.8255020528053669,0.003416582135492217,3
Editor transfer,28200,0.94,Late (20-30k),3,0.20833333830038706,0.0771677500860808,3,0.11098332951466243,0.034414742108551236,3,4000.0,0.0,3,0.00760674977209419,0.0013961251609479273,3,0.6596981833072986,0.12659008721247295,3,0.28125,0.018042195912175808,3,0.71875,0.018042195912175808,3,0.71875,0.03125,3,3.230673097552888,0.3439824141612058,3,1.912224263611266,0.16180102104181748,3,,,0,,,0,,,0,,,0,,,0,,,0,,,0,,,0,,,0,,,0,,,0,,,0
Editor transfer,28400,0.9466666666666667,Late (20-30k),3,0.16250000645716986,0.02602082523193635,3,0.08509999761978786,0.009545921170705893,3,4000.0,0.0,3,0.009291532100178301,0.0015610951652333515,3,0.800552788544198,0.10970701845170971,3,0.3854166666666667,0.04540519732854868,3,0.6145833333333334,0.04540519732854869,3,0.6145833333333334,0.04540519732854869,3,5.057899899115503,0.9236207717219801,3,2.6281171031604167,0.37804585353338666,3,,,0,,,0,,,0,,,0,,,0,,,0,,,0,,,0,,,0,,,0,,,0,,,0
Editor transfer,28600,0.9533333333333334,Late (20-30k),3,0.2541666676600774,0.04695595122372236,3,0.13676166782776514,0.03484255850917376,3,4000.0,0.0,3,0.008695308274279038,0.0008429001180986185,3,0.7716812547422348,0.07151918845726937,3,0.3958333333333333,0.03755782578608323,3,0.6041666666666666,0.03755782578608323,3,0.5833333333333334,0.020833333333333332,3,5.343014688462934,0.5366282203546784,3,2.801686950027031,0.1784996286633244,3,,,0,,,0,,,0,,,0,,,0,,,0,,,0,,,0,,,0,,,0,,,0,,,0
Editor transfer,28800,0.96,Late (20-30k),3,0.12500000248352686,0.019094067509254315,3,0.05211499705910683,0.0021285241724001446,3,4000.0,0.0,3,0.009520326158963144,0.002061982696238453,3,0.8451768884808967,0.16340606530998317,3,0.40625,0.018042195912175808,3,0.59375,0.018042195912175808,3,0.5833333333333334,0.020833333333333332,3,5.414558660668388,0.3256122649753522,3,2.8076386282668406,0.16300474150666128,3,,,0,,,0,,,0,,,0,,,0,,,0,,,0,,,0,,,0,,,0,,,0,,,0
Editor transfer,29000,0.9666666666666667,Late (20-30k),3,0.1583333338300387,0.03004626055998599,3,0.06147833044330279,0.010117441113822876,3,4000.0,0.0,3,0.0078067365490521,0.0013054514545331438,3,0.7104770338907596,0.1055782919564255,3,0.4166666666666667,0.020833333333333336,3,0.5833333333333334,0.020833333333333332,3,0.53125,0.03125,3,6.221173481388262,0.6003008290507467,3,3.319171167355007,0.31257104023563775,3,0.4166666666666667,0.020833333333333336,3,0.1515476872176624,0.007311693611030165,3,0.1871888794965718,0.0038816527321821593,3,23.375,0.4944351785960758,3,0.1383136094674556,0.0029256519443554784,3,1.0,0.0,3,7.885416666666667,0.992211422502505,3,7.59375,1.0515675303247687,3,1.0448565323565324,0.016452939687073835,3,0.9991359218364563,0.00033086087795812454,3,0.02598575570284804,0.002482791733341804,3,0.8084916734918028,0.0035120549394446416,3
Editor transfer,29200,0.9733333333333334,Late (20-30k),3,0.1583333338300387,0.04805234429520603,3,0.08367832750082016,0.0327037330632435,3,4000.0,0.0,3,0.006173185577305655,0.0005161570235978456,3,0.5514337628895892,0.02930537479279819,3,0.3854166666666667,0.06336210969060646,3,0.6145833333333334,0.06336210969060646,3,0.5729166666666666,0.0683066512948125,3,5.549078595158776,1.4735651721175251,3,3.05561018245384,0.7383027215823622,3,,,0,,,0,,,0,,,0,,,0,,,0,,,0,,,0,,,0,,,0,,,0,,,0
Editor transfer,29400,0.98,Late (20-30k),3,0.2291666716337204,0.04583333432674408,3,0.12290666252374649,0.01777208000188369,3,4000.0,0.0,3,0.008026351725372175,0.0007491544209442797,3,0.7316371505067621,0.09287285950245772,3,0.4270833333333333,0.027559909490256156,3,0.5729166666666666,0.027559909490256152,3,0.5833333333333334,0.027559909490256152,3,5.694887042305086,0.606676066138951,3,2.8526010316291646,0.2584421419843261,3,,,0,,,0,,,0,,,0,,,0,,,0,,,0,,,0,,,0,,,0,,,0,,,0
Editor transfer,29600,0.9866666666666667,Late (20-30k),3,0.2624999980131785,0.05636561772448925,3,0.14297999441623688,0.03524604180016222,3,4000.0,0.0,3,0.006558391110350688,0.0006730169900667451,3,0.6023590565779694,0.08385071261982928,3,0.375,0.018042195912175808,3,0.625,0.018042195912175808,3,0.5729166666666666,0.027559909490256152,3,5.248173348841587,0.4473959302112979,3,2.87193880975761,0.2335009613654907,3,,,0,,,0,,,0,,,0,,,0,,,0,,,0,,,0,,,0,,,0,,,0,,,0
Editor transfer,29800,0.9933333333333333,Late (20-30k),3,0.24583333730697632,0.023199012112116786,3,0.1200583279132843,0.022656651825045584,3,4000.0,0.0,3,0.0059830400471886,0.0006825129774042167,3,0.5597144515756818,0.08014197109272721,3,0.40625,0.036084391824351615,3,0.59375,0.036084391824351615,3,0.59375,0.03125,3,5.387244556071913,0.7210844705467796,3,2.760534295837431,0.29311644958511673,3,,,0,,,0,,,0,,,0,,,0,,,0,,,0,,,0,,,0,,,0,,,0,,,0
Editor transfer,30000,1.0,Late (20-30k),3,0.24166667461395264,0.06222160470735125,3,0.12178666641314824,0.01678845544468712,3,4000.0,0.0,3,0.010713524844807884,0.001992159965407644,3,0.9924499563751543,0.20682054797741273,3,0.3958333333333333,0.027559909490256156,3,0.6041666666666666,0.027559909490256152,3,0.625,0.03125,3,4.908743146350155,0.5478776240987201,3,2.511415554561592,0.21931083073918817,3,0.3958333333333333,0.027559909490256156,3,0.1314659286123306,0.006972168529853219,3,0.18567133064174482,0.003939519457882507,3,23.854166666666668,0.4781465590636876,3,0.14114891518737674,0.0028292695802585067,3,1.0,0.0,3,6.989583333333333,2.511064923217062,3,6.947916666666667,2.4995008182190657,3,1.0072916666666667,0.004540519732854865,3,0.9989243549300001,0.00037373260889824036,3,0.026228779889638894,0.004357841499874877,3,0.809509766984409,0.016664983724230642,3
Log-relative transfer,200,0.006666666666666667,Early (0-10k),6,0.0,0.0,6,0.0,0.0,6,2853.3333333333335,32.44140016159051,6,,,0,,,0,0.3645833333333333,0.01920738428602685,6,0.6354166666666666,0.01920738428602685,6,0.6510416666666666,0.021973982405967697,6,4.405090754272169,0.36423399442971827,6,2.3288302919514376,0.14745793939811203,6,,,0,,,0,,,0,,,0,,,0,,,0,,,0,,,0,,,0,,,0,,,0,,,0
Log-relative transfer,400,0.013333333333333334,Early (0-10k),6,0.004166666728754838,0.0026352314227416577,6,0.0006716666393913329,0.0004254344019102598,6,3952.0,32.79024245107072,6,0.08316504815593362,0.01054482888182396,4,0.7713476379384387,0.07735843513142238,4,0.375,0.030190368221228,6,0.625,0.030190368221228,6,0.6510416666666666,0.03168105484530323,6,4.561917332161327,0.5999099079615129,6,2.3760809465004904,0.2372883343614513,6,,,0,,,0,,,0,,,0,,,0,,,0,,,0,,,0,,,0,,,0,,,0,,,0
Log-relative transfer,600,0.02,Early (0-10k),6,0.02291666731859247,0.0050173313297258194,6,0.008321665964710215,0.0032440052328211147,6,4000.0,0.0,6,0.1326348576694727,0.013187245086519571,6,0.9758956034607743,0.09806999513329724,6,0.4479166666666667,0.04885849749816073,6,0.5520833333333334,0.04885849749816073,6,0.5625,0.051031036307982884,6,6.523572750695501,1.034153653149644,6,3.2695958159019747,0.44130343732901667,6,,,0,,,0,,,0,,,0,,,0,,,0,,,0,,,0,,,0,,,0,,,0,,,0
Log-relative transfer,800,0.02666666666666667,Early (0-10k),6,0.0416666679084301,0.01277475879392854,6,0.0174191656212012,0.004298062166044627,6,4000.0,0.0,6,0.08991152575860421,0.013176234765656472,6,0.6434398700266444,0.083270838579422,6,0.3645833333333333,0.030900827029565262,6,0.6354166666666666,0.03090082702956527,6,0.6302083333333334,0.03063633577052655,6,4.6109453805517004,0.45135173758012614,6,2.472243399857349,0.17473432121879554,6,,,0,,,0,,,0,,,0,,,0,,,0,,,0,,,0,,,0,,,0,,,0,,,0
Log-relative transfer,1000,0.03333333333333333,Early (0-10k),6,0.04166666744276881,0.006180165477074778,6,0.02002916574322929,0.00397917639963739,6,4000.0,0.0,6,0.08884440005446474,0.009711311555940762,6,0.6888117933329395,0.07964243133972022,6,0.359375,0.03098848912634066,6,0.640625,0.03098848912634066,6,0.6197916666666666,0.021973982405967697,6,4.71102936681224,0.5015177895214384,6,2.537311121655613,0.18704143813075297,6,0.359375,0.03098848912634066,6,0.1276921486288732,0.0066143828238843135,6,0.18611507657365645,0.0024159718767714916,6,23.3125,0.26455052290000614,6,0.13794378698224852,0.0015653877094674925,6,0.9947916666666666,0.005208333333333333,6,10.89700940860215,1.195626602470336,6,10.614583333333334,1.1063755421545516,6,1.0287427365048332,0.017281314994750458,6,0.9895498638543093,0.009636539950279497,6,0.02921453962430025,0.007133958985065307,6,0.8085537619763491,0.0036649518026042657,6
Log-relative transfer,1200,0.04,Early (0-10k),6,0.05833333513389031,0.013176157467120362,6,0.02399833290837705,0.006474565164957289,6,4000.0,0.0,6,0.06517913906524579,0.0061810444551775225,6,0.5542466362656243,0.05876844417958356,6,0.3958333333333333,0.023753654689565376,6,0.6041666666666666,0.02375365468956538,6,0.6145833333333334,0.027559909490256152,6,5.083860481471606,0.5431734821085585,6,2.625837617235517,0.24600535476472868,6,,,0,,,0,,,0,,,0,,,0,,,0,,,0,,,0,,,0,,,0,,,0,,,0
Log-relative transfer,1400,0.04666666666666667,Early (0-10k),6,0.07291666883975267,0.015618054546683406,6,0.03278416534885764,0.007524374402201857,6,4000.0,0.0,6,0.060924673452973366,0.004667543976840397,6,0.5675816741071067,0.04648421750392453,6,0.4739583333333333,0.035554267012241694,6,0.5260416666666666,0.035554267012241694,6,0.53125,0.032274861218395144,6,7.093052217087802,0.849450917402593,6,3.495939404056236,0.36386535232126005,6,,,0,,,0,,,0,,,0,,,0,,,0,,,0,,,0,,,0,,,0,,,0,,,0
Log-relative transfer,1600,0.05333333333333334,Early (0-10k),6,0.09166666865348816,0.019543398469774622,6,0.05136166730274757,0.01186486247895492,6,4000.0,0.0,6,0.050101980566978455,0.003986925856606528,6,0.5181028019687991,0.04526748394631655,6,0.390625,0.028811076429040273,6,0.609375,0.028811076429040273,6,0.5989583333333334,0.03734051735194775,6,5.280696797598275,0.6524382152661736,6,2.78648885118092,0.3141999387706823,6,,,0,,,0,,,0,,,0,,,0,,,0,,,0,,,0,,,0,,,0,,,0,,,0
Log-relative transfer,1800,0.06,Early (0-10k),6,0.11041666815678279,0.014221707939987241,6,0.06533416702101628,0.009891477991218842,6,4000.0,0.0,6,0.070693615047882,0.009348419510328845,6,0.7730315776566933,0.10044696940235999,6,0.4114583333333333,0.039870123352093,6,0.5885416666666666,0.039870123352092994,6,0.5989583333333334,0.035554267012241694,6,5.559233660655501,0.8212190592274377,6,2.8153971002845957,0.3341659155811664,6,,,0,,,0,,,0,,,0,,,0,,,0,,,0,,,0,,,0,,,0,,,0,,,0
Log-relative transfer,2000,0.06666666666666667,Early (0-10k),6,0.12500000558793545,0.03461093626024222,6,0.060162498926122986,0.01600072685739205,6,4000.0,0.0,6,0.04626985786793133,0.003844146275498824,6,0.5374793273567012,0.04752224360151199,6,0.3177083333333333,0.02340854693150441,6,0.6822916666666666,0.023408546931504414,6,0.703125,0.023867581744561668,6,3.6042917973955935,0.3127608956045429,6,2.010802951659806,0.11639999504993408,6,0.3177083333333333,0.02340854693150441,6,0.10699401921486289,0.007148641280216701,6,0.19102564102564104,0.0011875339821294263,6,23.166666666666668,0.23297032774821586,6,0.13708086785009863,0.0013785226493977236,6,1.0,0.0,6,10.78125,1.5918084579077556,6,10.4375,1.6803668684248687,6,1.056576294076294,0.03634179725610862,6,0.9993939755990638,0.0002409689726160592,6,0.01741380290286616,0.003893049440081389,6,0.8169179799081571,0.003761853521938398,6
Log-relative transfer,2200,0.07333333333333333,Early (0-10k),6,0.11666666840513547,0.011931516494642446,6,0.05876666431625684,0.006063616889837296,6,4000.0,0.0,6,0.050395204297577344,0.0028018151682606767,6,0.619583922062431,0.036237005085404346,6,0.2916666666666667,0.027559909490256152,6,0.7083333333333334,0.027559909490256156,6,0.6822916666666666,0.035554267012241694,6,3.662879450097377,0.48048974586286636,6,2.1444596634486044,0.20664607423439016,6,,,0,,,0,,,0,,,0,,,0,,,0,,,0,,,0,,,0,,,0,,,0,,,0
Log-relative transfer,2400,0.08,Early (0-10k),6,0.10833333618938923,0.01872683874982245,6,0.05820333336790403,0.012147530265685302,6,4000.0,0.0,6,0.047689378882447876,0.009642598102143176,6,0.6072980263562121,0.11488790219193261,6,0.296875,0.020963137289060532,6,0.703125,0.020963137289060532,6,0.7135416666666666,0.0219739824059677,6,3.3720967351846807,0.28154666308641796,6,1.945811258117461,0.10819714921474062,6,,,0,,,0,,,0,,,0,,,0,,,0,,,0,,,0,,,0,,,0,,,0,,,0
Log-relative transfer,2600,0.08666666666666667,Early (0-10k),6,0.16041666766007742,0.04075033934721043,6,0.08357916524012883,0.02293045284346706,6,4000.0,0.0,6,0.05384129658341408,0.007226172401468932,6,0.7136897910075043,0.08628460558935705,6,0.375,0.019764235376052375,6,0.625,0.019764235376052375,6,0.6041666666666666,0.01920738428602685,6,4.942838396714911,0.3417642753922699,6,2.6406935660050483,0.1422444408502088,6,,,0,,,0,,,0,,,0,,,0,,,0,,,0,,,0,,,0,,,0,,,0,,,0
Log-relative transfer,2800,0.09333333333333334,Early (0-10k),6,0.12708333258827528,0.029121987491654573,6,0.0686883299301068,0.015843146556765407,6,4000.0,0.0,6,0.04801976680755615,0.004922550323140007,6,0.6694232877900247,0.0659574053598075,6,0.3958333333333333,0.03578242507774514,6,0.6041666666666666,0.03578242507774515,6,0.6041666666666666,0.03755782578608322,6,5.32613069392597,0.7520117688259751,6,2.7658597398935534,0.3333180770168355,6,,,0,,,0,,,0,,,0,,,0,,,0,,,0,,,0,,,0,,,0,,,0,,,0
Log-relative transfer,3000,0.1,Early (0-10k),6,0.11458333830038707,0.0374188973835632,6,0.05771083105355501,0.02054104761722592,6,4000.0,0.0,6,0.05945122032426298,0.012598459667667525,6,0.8575079262517197,0.19626491248504388,6,0.3854166666666667,0.042440726640548675,6,0.6145833333333334,0.042440726640548675,6,0.5989583333333334,0.04593974389833323,6,5.264569858988909,0.7573188530256838,6,2.7924927177143903,0.30804725670697214,6,0.3854166666666667,0.042440726640548675,6,0.13414415919068523,0.012801773062264578,6,0.18772978771238427,0.002395468148470717,6,23.432291666666668,0.2929751156715836,6,0.1386526134122288,0.001733580566104049,6,1.0,0.0,6,9.057291666666666,1.5649442687316732,6,8.484375,1.2988564180815627,6,1.055052326146076,0.022352043263622574,6,0.9948292372452894,0.0037422105571549343,6,0.029527960401512024,0.002821272420425517,6,0.8233633182300393,0.007453336777011391,6
Log-relative transfer,3200,0.10666666666666667,Early (0-10k),6,0.15833333631356558,0.015701204175067533,6,0.08339333099623521,0.011775030742554454,6,4000.0,0.0,6,0.0524284573427091,0.009418604470659621,6,0.7606334473925324,0.13110555387844872,6,0.40625,0.030190368221228,6,0.59375,0.030190368221228,6,0.6041666666666666,0.0263523138347365,6,5.315361797674317,0.5829887485741927,6,2.7048769247993554,0.22562713617807695,6,,,0,,,0,,,0,,,0,,,0,,,0,,,0,,,0,,,0,,,0,,,0,,,0
Log-relative transfer,3400,0.11333333333333333,Early (0-10k),6,0.15208333358168602,0.03497270519549491,6,0.09080083233614762,0.018775827979980068,6,4000.0,0.0,6,0.037108646938577294,0.003311175360153302,6,0.5444527870964445,0.04262942251435704,6,0.359375,0.02765816259864949,6,0.640625,0.02765816259864949,6,0.6197916666666666,0.03063633577052655,6,4.722532633951357,0.47314010173705856,6,2.5585326768437504,0.20787900414266847,6,,,0,,,0,,,0,,,0,,,0,,,0,,,0,,,0,,,0,,,0,,,0,,,0
Log-relative transfer,3600,0.12,Early (0-10k),6,0.12291667113701503,0.018375898336453415,6,0.07058166371037562,0.01154072459670375,6,4000.0,0.0,6,0.045241699243585266,0.003969653326029844,6,0.6843224195299458,0.0552199226018078,6,0.421875,0.026455052290000614,6,0.578125,0.026455052290000614,6,0.578125,0.02991959711738557,6,5.810728086465293,0.6498421533722153,6,2.959053804881582,0.29717675178423736,6,,,0,,,0,,,0,,,0,,,0,,,0,,,0,,,0,,,0,,,0,,,0,,,0
Log-relative transfer,3800,0.12666666666666668,Early (0-10k),6,0.13333333532015482,0.024295632426675307,6,0.07736833331485589,0.013633103629158675,6,4000.0,0.0,6,0.03991360977912942,0.0022176114711425464,6,0.6187501640758604,0.032786354731832945,6,0.3854166666666667,0.01920738428602685,6,0.6145833333333334,0.01920738428602685,6,0.5677083333333334,0.01491439694091287,6,5.404959492025749,0.33818035704668914,6,2.9197404239102496,0.1358995670986211,6,,,0,,,0,,,0,,,0,,,0,,,0,,,0,,,0,,,0,,,0,,,0,,,0
Log-relative transfer,4000,0.13333333333333333,Early (0-10k),6,0.1416666697089871,0.040268198289801625,6,0.07462416201209028,0.020937600598623284,6,4000.0,0.0,6,0.042487254443888865,0.008043730158963269,6,0.6762850700524945,0.12887497434444317,6,0.3697916666666667,0.03734051735194775,6,0.6302083333333334,0.03734051735194775,6,0.640625,0.041731720050021105,6,4.731052411789294,0.713144500587929,6,2.4901417053529222,0.29115642147582105,6,0.3697916666666667,0.03734051735194775,6,0.12483695997963988,0.011828140041265577,6,0.188325620796035,0.0017655818240035802,6,23.90625,0.27123367846440705,6,0.14145710059171598,0.001604933008665129,6,1.0,0.0,6,8.895833333333334,1.2970987926051656,6,7.375,0.549976325248036,6,1.248990766178266,0.2203675257130878,6,0.998378570707235,0.000895736742056697,6,0.01835632062649516,0.0029934303896483037,6,0.7997568867738218,0.0036905553161610486,6
Log-relative transfer,4200,0.14,Early (0-10k),6,0.16041666766007742,0.033914208598811973,6,0.08377416556080182,0.01727563041636171,6,4000.0,0.0,6,0.04090839849474529,0.004593682892393516,6,0.6513784047829673,0.060174716760078,6,0.3697916666666667,0.03462660445540555,6,0.6302083333333334,0.03462660445540555,6,0.6302083333333334,0.028431966799908715,6,4.768474121854899,0.612352525830831,6,2.505107994711545,0.23095483399675085,6,,,0,,,0,,,0,,,0,,,0,,,0,,,0,,,0,,,0,,,0,,,0,,,0
Log-relative transfer,4400,0.14666666666666667,Early (0-10k),6,0.1770833358168602,0.012672421856463442,6,0.09751583077013493,0.012310020977355507,6,4000.0,0.0,6,0.040302356937900186,0.004037381828393086,6,0.6746698266952996,0.08454407127600272,6,0.4635416666666667,0.02340854693150441,6,0.5364583333333334,0.023408546931504414,6,0.546875,0.022462352763383153,6,6.59336209727665,0.6345542846476762,6,3.2549410964260175,0.30110244922762636,6,,,0,,,0,,,0,,,0,,,0,,,0,,,0,,,0,,,0,,,0,,,0,,,0
Log-relative transfer,4600,0.15333333333333332,Early (0-10k),6,0.16666666977107525,0.03603624865430553,6,0.08898166318734486,0.02181117245730027,6,4000.0,0.0,6,0.045594630452493824,0.004559693261027799,6,0.7590845509802677,0.06632253574474824,6,0.3541666666666667,0.058556122177313326,6,0.6458333333333334,0.05855612217731332,6,0.640625,0.055169011153605674,6,4.87799437413787,1.0201292680637102,6,2.594547619771783,0.41768678458672387,6,,,0,,,0,,,0,,,0,,,0,,,0,,,0,,,0,,,0,,,0,,,0,,,0
Log-relative transfer,4800,0.16,Early (0-10k),6,0.1666666679084301,0.03173238810415124,6,0.10017916684349377,0.01455304958457759,6,4000.0,0.0,6,0.04178456341226896,0.003975793108901398,6,0.7052505685076955,0.06118005797226505,6,0.3541666666666667,0.03294039229342062,6,0.6458333333333334,0.03294039229342062,6,0.6614583333333334,0.040678383728680496,6,4.318908293971724,0.5785284257354399,6,2.3235996052083867,0.2552116742832031,6,,,0,,,0,,,0,,,0,,,0,,,0,,,0,,,0,,,0,,,0,,,0,,,0
Log-relative transfer,5000,0.16666666666666666,Early (0-10k),6,0.21458333606521288,0.04188484590492616,6,0.10071082847813766,0.023097238207746236,6,4000.0,0.0,6,0.03684064722619951,0.004309739555791599,6,0.631842039787286,0.07879565500929732,6,0.3385416666666667,0.03168105484530323,6,0.6614583333333334,0.03168105484530323,6,0.6302083333333334,0.03734051735194775,6,4.48390816968575,0.5609176448931347,6,2.5027163409141076,0.2641769616914173,6,0.3385416666666667,0.03168105484530323,6,0.12751717885092576,0.009483644063372048,6,0.1899023341331034,0.002964818954614421,6,23.520833333333332,0.2882990104812093,6,0.13917652859960553,0.0017059113046225388,6,1.0,0.0,6,9.984375,1.493600716041049,6,8.807291666666666,1.182842199282211,6,1.1529555224867725,0.08721903000710259,6,0.9993199417657935,0.0002099421448549861,6,0.020300581325028932,0.0031600771377847644,6,0.8099614794879978,0.004322929674703621,6
Log-relative transfer,5200,0.17333333333333334,Early (0-10k),6,0.19583333904544512,0.04409585640470026,6,0.09963082863638799,0.02401424227205083,6,4000.0,0.0,6,0.033812102085600294,0.0046891241815050205,6,0.5917555678392954,0.07546671809431696,6,0.34375,0.04034357652299393,6,0.65625,0.04034357652299393,6,0.6197916666666666,0.0519268482525605,6,4.772994855810848,0.7629799870373863,6,2.664214747524488,0.353406997227298,6,,,0,,,0,,,0,,,0,,,0,,,0,,,0,,,0,,,0,,,0,,,0,,,0
Log-relative transfer,5400,0.18,Early (0-10k),6,0.21458333109815916,0.05035464306769294,6,0.1200683352847894,0.027381308332136495,6,4000.0,0.0,6,0.04172097806197902,0.005643020235923014,6,0.7542382817767052,0.10371848931628438,6,0.3854166666666667,0.030900827029565262,6,0.6145833333333334,0.030900827029565262,6,0.59375,0.032274861218395144,6,5.2825007347125945,0.6480850448278758,6,2.8015415391564376,0.28866783181361627,6,,,0,,,0,,,0,,,0,,,0,,,0,,,0,,,0,,,0,,,0,,,0,,,0
Log-relative transfer,5600,0.18666666666666668,Early (0-10k),6,0.19375000149011612,0.039889171257206056,6,0.10326999860505263,0.02151687925428181,6,4000.0,0.0,6,0.06042494415305555,0.01574680312790241,6,1.075406797507642,0.2617239061559445,6,0.4895833333333333,0.02508665537248395,6,0.5104166666666666,0.025086655372483953,6,0.5104166666666666,0.0263523138347365,6,7.452385115091076,0.7401086487937529,6,3.7046035560905213,0.3769501081266726,6,,,0,,,0,,,0,,,0,,,0,,,0,,,0,,,0,,,0,,,0,,,0,,,0
Log-relative transfer,5800,0.19333333333333333,Early (0-10k),6,0.18125000720222792,0.02206760655753254,6,0.1010524978240331,0.007499931297115829,6,4000.0,0.0,6,0.039459229757388435,0.005414416393863786,6,0.7274658192333944,0.10524913177318253,6,0.3385416666666667,0.027263025683963337,6,0.6614583333333334,0.027263025683963337,6,0.625,0.036084391824351615,6,4.48884468849904,0.5771930329195917,6,2.532925009503645,0.29813425802164445,6,,,0,,,0,,,0,,,0,,,0,,,0,,,0,,,0,,,0,,,0,,,0,,,0
Log-relative transfer,6000,0.2,Early (0-10k),6,0.21875000496705374,0.03988917125720627,6,0.125022504478693,0.02505757053665955,6,4000.0,0.0,6,0.04011215944774449,0.0024973764112019695,6,0.7448545120871478,0.045927219073619505,6,0.3541666666666667,0.04166666666666667,6,0.6458333333333334,0.04166666666666667,6,0.65625,0.04704829079431757,6,4.539616117007973,0.8242169647779685,6,2.42124056551527,0.3412562498948765,6,0.3541666666666667,0.04166666666666667,6,0.12009090475281543,0.012979160954645276,6,0.18735324504555273,0.0013901045745768727,6,23.401041666666668,0.24076925690262962,6,0.13846770216962526,0.001424670159187157,6,1.0,0.0,6,10.59375,1.3392366062425267,6,10.21875,1.3084510960801452,6,1.0385373307248307,0.017458419779544505,6,0.9991069118239843,0.0006435582115809031,6,0.029739190642014402,0.004518181287095515,6,0.8138526865722522,0.0052798348519083075,6
Log-relative transfer,6200,0.20666666666666667,Early (0-10k),6,0.2187500074505806,0.044223631299032395,6,0.11237749767800172,0.023284551608369956,6,4000.0,0.0,6,0.036508482337618865,0.005119524881956397,6,0.6869969790812044,0.0878131928008559,6,0.3958333333333333,0.04468252206151504,6,0.6041666666666666,0.04468252206151504,6,0.578125,0.05150723047948382,6,5.7155942365772505,1.0337644258531389,6,3.073499127725089,0.4801221160079316,6,,,0,,,0,,,0,,,0,,,0,,,0,,,0,,,0,,,0,,,0,,,0,,,0
Log-relative transfer,6400,0.21333333333333335,Early (0-10k),6,0.18958333507180214,0.04250204211076638,6,0.10386582867552836,0.022446248974324512,6,4000.0,0.0,6,0.032878468822066985,0.002698752795103647,6,0.6255518602968918,0.05232039475741907,6,0.3697916666666667,0.0219739824059677,6,0.6302083333333334,0.0219739824059677,6,0.6458333333333334,0.015450413514782635,6,4.480984304096997,0.3177441877421821,6,2.34889676114005,0.10941194118403283,6,,,0,,,0,,,0,,,0,,,0,,,0,,,0,,,0,,,0,,,0,,,0,,,0
Log-relative transfer,6600,0.22,Early (0-10k),6,0.16250000273187956,0.04158325041522661,6,0.09283249949415524,0.021108269294300996,6,4000.0,0.0,6,0.0397890160481135,0.006262141813403716,6,0.7578597517939185,0.10695374784273458,6,0.3802083333333333,0.03462660445540555,6,0.6197916666666666,0.03462660445540555,6,0.5885416666666666,0.041470894244571635,6,5.282778671938289,0.6730581630858391,6,2.852218826961497,0.31291224455187594,6,,,0,,,0,,,0,,,0,,,0,,,0,,,0,,,0,,,0,,,0,,,0,,,0
Log-relative transfer,6800,0.22666666666666666,Early (0-10k),6,0.18125000254561505,0.04913311183569304,6,0.10485499631613493,0.025617076826686364,6,4000.0,0.0,6,0.041145641434316836,0.006167530508137105,6,0.8078294037294983,0.1347476819135191,6,0.3645833333333333,0.0287167682335213,6,0.6354166666666666,0.0287167682335213,6,0.59375,0.02795084971874737,6,5.059619063200383,0.5500237491420022,6,2.7580471526196217,0.24309140284594416,6,,,0,,,0,,,0,,,0,,,0,,,0,,,0,,,0,,,0,,,0,,,0,,,0
Log-relative transfer,7000,0.23333333333333334,Early (0-10k),6,0.16250000055879354,0.03952846990784267,6,0.09234499993423621,0.02131015784608873,6,4000.0,0.0,6,0.03472640668042004,0.004459674706571189,6,0.6785045177698895,0.07844578913024798,6,0.3802083333333333,0.02604166666666667,6,0.6197916666666666,0.02604166666666667,6,0.6145833333333334,0.04087795181322622,6,5.055497519138233,0.7048244155039017,6,2.6890338003770324,0.3363499780910213,6,0.3802083333333333,0.02604166666666667,6,0.13112791881402303,0.01094127260368504,6,0.18551939513477975,0.00119986850756082,6,23.354166666666668,0.2827122481920049,6,0.13819033530571992,0.0016728535395976614,6,1.0,0.0,6,9.5625,0.7280199316181759,6,9.28125,0.7848666287975303,6,1.0479670647639396,0.02191816608195386,6,0.9992121897717913,0.0001901382561449791,6,0.02010526880668796,0.0010754892292361314,6,0.8130020176347545,0.0056988492823637285,6
Log-relative transfer,7200,0.24,Early (0-10k),6,0.2041666676911215,0.04772607146956897,6,0.10812916288462777,0.028183278970053075,6,4000.0,0.0,6,0.03884558022643129,0.003949144700662557,6,0.7616179806655157,0.06634195931459662,6,0.421875,0.013380450602776178,6,0.578125,0.013380450602776178,6,0.59375,0.018042195912175808,6,5.499347181633592,0.35075774615505106,6,2.7617442872109623,0.15588363647787265,6,,,0,,,0,,,0,,,0,,,0,,,0,,,0,,,0,,,0,,,0,,,0,,,0
Log-relative transfer,7400,0.24666666666666667,Early (0-10k),6,0.13125000149011612,0.03546565280042883,6,0.07364999953036507,0.02087214809072803,6,4000.0,0.0,6,0.03446229213538269,0.006019059644185301,6,0.6758267050807301,0.11060568296716157,6,0.4270833333333333,0.030900827029565262,6,0.5729166666666666,0.03090082702956527,6,0.5729166666666666,0.01743041721945991,6,5.823181672689766,0.5331446184548256,6,2.936073170792465,0.1886813027670416,6,,,0,,,0,,,0,,,0,,,0,,,0,,,0,,,0,,,0,,,0,,,0,,,0
Log-relative transfer,7600,0.25333333333333335,Early (0-10k),6,0.24166667088866234,0.04859126717462196,6,0.11595166039963563,0.02490498049441241,6,4000.0,0.0,6,0.03796665393747389,0.004644753853648386,6,0.7682080288517885,0.09449749847972722,6,0.359375,0.023867581744561668,6,0.640625,0.023867581744561668,6,0.6614583333333334,0.027263025683963337,6,4.292706494444075,0.4508693642814647,6,2.2791608858534627,0.1823586459713235,6,,,0,,,0,,,0,,,0,,,0,,,0,,,0,,,0,,,0,,,0,,,0,,,0
Log-relative transfer,7800,0.26,Early (0-10k),6,0.18125000006208816,0.04027897607800803,6,0.100962499777476,0.022301419362268624,6,4000.0,0.0,6,0.03609681696010133,0.003516861640683303,6,0.7259174206685065,0.07159925439678858,6,0.453125,0.02991959711738557,6,0.546875,0.02991959711738557,6,0.5520833333333334,0.0287167682335213,6,6.451988005176282,0.6437687882586873,6,3.204776913314884,0.2575521744393102,6,,,0,,,0,,,0,,,0,,,0,,,0,,,0,,,0,,,0,,,0,,,0,,,0
Log-relative transfer,8000,0.26666666666666666,Early (0-10k),6,0.16041666641831398,0.0395833318562887,6,0.08629416674375534,0.02046858708054042,6,4000.0,0.0,6,0.03330259762393931,0.002712849814654953,6,0.6810116444387386,0.058390472706994406,6,0.3645833333333333,0.023753654689565376,6,0.6354166666666666,0.02375365468956538,6,0.625,0.03517071461694611,6,4.760154724094003,0.5613153582432465,6,2.562531549249209,0.2737435382275449,6,0.3645833333333333,0.023753654689565376,6,0.1284854775084304,0.009063138421089348,6,0.18616812729238763,0.001946622246865899,6,23.526041666666668,0.12432543680241431,6,0.13920734714003943,0.0007356534722036359,6,1.0,0.0,6,8.927083333333334,1.7948433562879829,6,8.822916666666666,1.808394536214681,6,1.0134748931623931,0.007164963619692049,6,0.9970560636653628,0.0009089100434775879,6,0.022551104480071676,0.0008463414025216765,6,0.8250238070129833,0.004254877612161577,6
Log-relative transfer,8200,0.2733333333333333,Early (0-10k),6,0.21875000496705374,0.026760904453703275,6,0.10084249700109164,0.010525603556807928,6,4000.0,0.0,6,0.03785350608328978,0.005492580719460528,6,0.7617529617570815,0.1018456314198221,6,0.40625,0.03125,6,0.59375,0.03125,6,0.5572916666666666,0.028431966799908715,6,5.844104614729198,0.640968655059982,6,3.1017754022678576,0.2877942720795047,6,,,0,,,0,,,0,,,0,,,0,,,0,,,0,,,0,,,0,,,0,,,0,,,0
Log-relative transfer,8400,0.28,Early (0-10k),6,0.22083333414047956,0.05734277966733246,6,0.10974333124856155,0.02692985756413107,6,4000.0,0.0,6,0.03247680018345515,0.002288832415545886,6,0.6576245080933901,0.040034143607203684,6,0.3333333333333333,0.05799754544614606,6,0.6666666666666666,0.05799754544614606,6,0.6302083333333334,0.05897158272799234,6,4.756645694043548,0.9336187744640525,6,2.6372116367576117,0.389713766412998,6,,,0,,,0,,,0,,,0,,,0,,,0,,,0,,,0,,,0,,,0,,,0,,,0
Log-relative transfer,8600,0.2866666666666667,Early (0-10k),6,0.1500000017695129,0.041583249976627074,6,0.06802499759942293,0.021049799625340072,6,4000.0,0.0,6,0.037650712532922626,0.003662563684800581,6,0.7674446429350238,0.07304626805591963,6,0.3854166666666667,0.03578242507774514,6,0.6145833333333334,0.03578242507774515,6,0.609375,0.033994101816834835,6,5.0666031071961335,0.6694797107893099,6,2.6634346218236398,0.26586720297780797,6,,,0,,,0,,,0,,,0,,,0,,,0,,,0,,,0,,,0,,,0,,,0,,,0
Log-relative transfer,8800,0.29333333333333333,Early (0-10k),6,0.17083333681027094,0.04228704887306994,6,0.08866332843899727,0.023791499960404194,6,4000.0,0.0,6,0.0316282620963951,0.004331982101619168,6,0.6504255364963489,0.08554513683360394,6,0.3229166666666667,0.030900827029565262,6,0.6770833333333334,0.03090082702956527,6,0.6770833333333334,0.042440726640548675,6,3.9915503162921886,0.5854398521417792,6,2.2286774575987196,0.2558657382419851,6,,,0,,,0,,,0,,,0,,,0,,,0,,,0,,,0,,,0,,,0,,,0,,,0
Log-relative transfer,9000,0.3,Early (0-10k),6,0.16666666915019354,0.050277011055688235,6,0.08545666219045718,0.03301977148923691,6,4000.0,0.0,6,0.03701825385602812,0.003947315036819296,6,0.7726874687553629,0.0856242710552758,6,0.3645833333333333,0.0287167682335213,6,0.6354166666666666,0.0287167682335213,6,0.625,0.03423265984407289,6,4.760796389747484,0.5850039974193005,6,2.5531947825590415,0.2527406184310501,6,0.3645833333333333,0.0287167682335213,6,0.12912173124642104,0.00867806065159097,6,0.19055120859854588,0.002516023755997291,6,23.348958333333332,0.3672299768575243,6,0.138159516765286,0.0021729584429439285,6,1.0,0.0,6,9.244791666666666,1.062880344505491,6,8.963541666666666,0.988093725346662,6,1.0327099116161615,0.02359742720006478,6,0.9983894346051723,0.0004248019740107527,6,0.01813189527998704,0.00340580482546338,6,0.8100732931285769,0.003267821119574988,6
Log-relative transfer,9200,0.30666666666666664,Early (0-10k),6,0.19375000149011612,0.04155192524189053,6,0.09021999314427376,0.01734110282490463,6,4000.0,0.0,6,0.028001757920719683,0.0012489867663317703,6,0.5853497395245084,0.024092785210270418,6,0.359375,0.02765816259864949,6,0.640625,0.02765816259864949,6,0.6458333333333334,0.03391420957520772,6,4.52287981581065,0.561132670461629,6,2.408968438705497,0.2324350671828429,6,,,0,,,0,,,0,,,0,,,0,,,0,,,0,,,0,,,0,,,0,,,0,,,0
Log-relative transfer,9400,0.31333333333333335,Early (0-10k),6,0.11041666939854622,0.024878175443301332,6,0.06169666660328706,0.0168655512667439,6,4000.0,0.0,6,0.04158331220969558,0.0061892475599349996,6,0.8799980170596639,0.1277472062028702,6,0.3802083333333333,0.02043897590661311,6,0.6197916666666666,0.020438975906613113,6,0.625,0.022821773229381923,6,4.794415759720095,0.4139582919986189,6,2.514798792072298,0.18334144166151528,6,,,0,,,0,,,0,,,0,,,0,,,0,,,0,,,0,,,0,,,0,,,0,,,0
Log-relative transfer,9600,0.32,Early (0-10k),6,0.11041666970898707,0.04983479832025579,6,0.06073666720961531,0.03128546459754671,6,4000.0,0.0,6,0.028764362524574,0.0021325250186024236,6,0.6114395954690915,0.04138554372500022,6,0.4166666666666667,0.02508665537248395,6,0.5833333333333334,0.025086655372483953,6,0.5677083333333334,0.027263025683963337,6,5.833213220177064,0.5212985123426058,6,3.01093899750156,0.23057637803216813,6,,,0,,,0,,,0,,,0,,,0,,,0,,,0,,,0,,,0,,,0,,,0,,,0
Log-relative transfer,9800,0.32666666666666666,Early (0-10k),6,0.1437499982615312,0.037880017665497936,6,0.06890749682982762,0.021450896750037102,6,4000.0,0.0,6,0.034499311121180654,0.0020017170260376773,6,0.7430649640849768,0.03641853188199744,6,0.28125,0.026760901205552357,6,0.71875,0.026760901205552357,6,0.71875,0.03326816546389857,6,3.3034399861433754,0.34135787603519385,6,1.9394291988050893,0.14221208199233829,6,,,0,,,0,,,0,,,0,,,0,,,0,,,0,,,0,,,0,,,0,,,0,,,0
Log-relative transfer,10000,0.3333333333333333,Early (0-10k),6,0.14791667088866234,0.02610409329303975,6,0.08289916502932708,0.014608745683277326,6,4000.0,0.0,6,0.03973951586522162,0.0052354011285612794,6,0.8615377536967718,0.10243123626433731,6,0.4375,0.03326816546389857,6,0.5625,0.03326816546389857,6,0.5572916666666666,0.02955471033148148,6,6.284337990158868,0.7151210649783665,6,3.166048301579734,0.30376271480878514,6,0.4375,0.03326816546389857,6,0.146217073869059,0.006626245113793872,6,0.18791754374333558,0.00256691283630619,6,23.432291666666668,0.3468061743531168,6,0.1386526134122288,0.0020521075405509864,6,1.0,0.0,6,9.557291666666666,1.3506464662287136,6,9.244791666666666,1.2768577322484984,6,1.0338631854256854,0.014794825871235715,6,0.9993175151373531,0.0002185893081001002,6,0.024426865631713188,0.002389280995491179,6,0.811206755292714,0.0030886129591841394,6
Log-relative transfer,10200,0.34,Middle (10-20k),6,0.1875000074505806,0.051031039471337185,6,0.10520999630292256,0.027277065057792527,6,4000.0,0.0,6,0.03764516503239671,0.0012263853083978808,6,0.8286182744468671,0.03304830597807104,6,0.4322916666666667,0.035554267012241694,6,0.5677083333333334,0.035554267012241694,6,0.5833333333333334,0.036680868461789605,6,5.931316375700639,0.8173475742084461,6,2.966595840030648,0.34810508907130694,6,,,0,,,0,,,0,,,0,,,0,,,0,,,0,,,0,,,0,,,0,,,0,,,0
Log-relative transfer,10400,0.3466666666666667,Middle (10-20k),6,0.18333333792785803,0.04301969992766416,6,0.10445583301285903,0.025832305166327844,6,4000.0,0.0,6,0.036541337224965297,0.004170908587451459,6,0.8065612978658973,0.1016276743790491,6,0.3125,0.021347814095749165,6,0.6875,0.021347814095749165,6,0.6979166666666666,0.027559909490256156,6,3.6283375758685406,0.34666255462397905,6,2.0459627595482757,0.14352163272473142,6,,,0,,,0,,,0,,,0,,,0,,,0,,,0,,,0,,,0,,,0,,,0,,,0
Log-relative transfer,10600,0.35333333333333333,Middle (10-20k),6,0.20833334202567735,0.03786856169529206,6,0.09416832899053891,0.01838289031003594,6,4000.0,0.0,6,0.03233218309469521,0.005685357458841589,6,0.7000440182641517,0.12697853683118457,6,0.3802083333333333,0.028431966799908715,6,0.6197916666666666,0.028431966799908715,6,0.6145833333333334,0.0263523138347365,6,4.950832129304632,0.5227493810210903,6,2.6028885104506956,0.2101669159882357,6,,,0,,,0,,,0,,,0,,,0,,,0,,,0,,,0,,,0,,,0,,,0,,,0
Log-relative transfer,10800,0.36,Middle (10-20k),6,0.16041667014360428,0.03769624711669558,6,0.07839666803677876,0.01887121767296981,6,4000.0,0.0,6,0.034663304996987186,0.0031765543847252606,6,0.752270897946756,0.0836005199042064,6,0.4010416666666667,0.026041666666666664,6,0.5989583333333334,0.02604166666666667,6,0.609375,0.02765816259864949,6,5.213820847606589,0.5252940834486314,6,2.663608645174936,0.21227721358824653,6,,,0,,,0,,,0,,,0,,,0,,,0,,,0,,,0,,,0,,,0,,,0,,,0
Log-relative transfer,11000,0.36666666666666664,Middle (10-20k),6,0.15000000409781933,0.05194147527913458,6,0.07717499773328503,0.03052221959356976,6,4000.0,0.0,6,0.024832325521856546,0.001595608953721812,6,0.547038762415644,0.03528172965249241,6,0.4114583333333333,0.02955471033148148,6,0.5885416666666666,0.02955471033148148,6,0.5677083333333334,0.03367339557342628,6,5.813133615876655,0.580633145920249,6,3.032091606416591,0.2677762266009625,6,0.4114583333333333,0.02955471033148148,6,0.14105745371254055,0.007846532073756301,6,0.1888928023543408,0.0010391078391943148,6,23.020833333333332,0.3297989707550816,6,0.13621794871794873,0.0019514731997342112,6,1.0,0.0,6,8.901041666666666,1.2449485605448838,6,7.786458333333333,1.174723390165863,6,1.2291091720779221,0.1687448363556557,6,0.9993187317997845,0.00011675673669464339,6,0.025803802688557184,0.0023747832972685627,6,0.810213658151091,0.007141084560082355,6
Log-relative transfer,11200,0.37333333333333335,Middle (10-20k),6,0.12291666601474087,0.06842092771690766,6,0.06879666959866881,0.04371877781160057,6,4000.0,0.0,6,0.02893272857181728,0.00143417259130225,6,0.6448581529520325,0.03361917928329247,6,0.421875,0.05748074858883915,6,0.578125,0.05748074858883915,6,0.5625,0.058741134082798685,6,6.572819174330511,1.5704705590514203,6,3.5157768560675606,0.814001933599436,6,,,0,,,0,,,0,,,0,,,0,,,0,,,0,,,0,,,0,,,0,,,0,,,0
Log-relative transfer,11400,0.38,Middle (10-20k),6,0.16458333857978383,0.056955454620336236,6,0.0799908311261485,0.029690561249160377,6,4000.0,0.0,6,0.03385843468519548,0.004147950194287246,6,0.7533882825977131,0.07917323977528068,6,0.3072916666666667,0.018778912893041608,6,0.6927083333333334,0.018778912893041615,6,0.6979166666666666,0.02375365468956538,6,3.571999552363032,0.325392171809709,6,2.036636998585207,0.14331180664792056,6,,,0,,,0,,,0,,,0,,,0,,,0,,,0,,,0,,,0,,,0,,,0,,,0
Log-relative transfer,11600,0.38666666666666666,Middle (10-20k),6,0.23958334450920424,0.0688004891617932,6,0.12070083214590947,0.03939519489313976,6,4000.0,0.0,6,0.03357705885233978,0.004550575289687963,6,0.754683057475917,0.0937766027808791,6,0.4322916666666667,0.07145104433184384,6,0.5677083333333334,0.07145104433184384,6,0.5572916666666666,0.0824497426887704,6,7.336297200695047,2.8483474558748827,6,4.852666522404447,2.44662790160539,6,,,0,,,0,,,0,,,0,,,0,,,0,,,0,,,0,,,0,,,0,,,0,,,0
Log-relative transfer,11800,0.3933333333333333,Middle (10-20k),6,0.1833333425844709,0.06419913072969799,6,0.09013082940752308,0.03785748557110169,6,4000.0,0.0,6,0.03565701896635195,0.004285843054690496,6,0.8067689935686276,0.10066399944728813,6,0.4010416666666667,0.05254999273178934,6,0.5989583333333334,0.05254999273178934,6,0.609375,0.04824390073712256,6,5.520025633227455,1.07311687929089,6,2.826078615317858,0.44959437848248435,6,,,0,,,0,,,0,,,0,,,0,,,0,,,0,,,0,,,0,,,0,,,0,,,0
Log-relative transfer,12000,0.4,Middle (10-20k),6,0.16458333547537526,0.07633647295262537,6,0.08403333082484703,0.03865556885294021,6,4000.0,0.0,6,0.028842590438822906,0.002517740710089877,6,0.6520704101689213,0.05083500527974468,6,0.3541666666666667,0.01743041721945991,6,0.6458333333333334,0.01743041721945991,6,0.6354166666666666,0.03578242507774514,6,4.460860149187053,0.45511624569852843,6,2.458048773554837,0.24688909259660824,6,0.3541666666666667,0.01743041721945991,6,0.12667414264808805,0.008876721800211176,6,0.18780622182989046,0.0021270805195720095,6,23.625,0.20760288613921854,6,0.13979289940828407,0.001228419444610761,6,1.0,0.0,6,9.78125,1.8611817202609027,6,7.958333333333333,1.2096257456107837,6,1.259837962962963,0.1998943972074669,6,0.9986436253354408,0.0007192795855011092,6,0.02772998468593721,0.0035837727777976325,6,0.8038635781544143,0.003100146180453603,6
Log-relative transfer,12200,0.4066666666666667,Middle (10-20k),6,0.1750000019868215,0.06166103628241668,6,0.09657999655852716,0.03551261517756811,6,4000.0,0.0,6,0.03647761675529182,0.0067047972556693765,6,0.8140429815756676,0.14253153012186157,6,0.390625,0.017585357308473056,6,0.609375,0.017585357308473056,6,0.59375,0.021347814095749165,6,5.211787182180896,0.36169358537718277,6,2.742285677047944,0.16931500077196004,6,,,0,,,0,,,0,,,0,,,0,,,0,,,0,,,0,,,0,,,0,,,0,,,0
Log-relative transfer,12400,0.41333333333333333,Middle (10-20k),6,0.17291666567325592,0.054238733552188494,6,0.09370916212598483,0.03466544992952233,6,4000.0,0.0,6,0.03111949151692291,0.0036248833842650154,6,0.7045476363755622,0.07826840626001062,6,0.4010416666666667,0.027263025683963337,6,0.5989583333333334,0.027263025683963337,6,0.59375,0.022821773229381923,6,5.371143520386775,0.46547929449219055,6,2.764901753026751,0.18451898952563658,6,,,0,,,0,,,0,,,0,,,0,,,0,,,0,,,0,,,0,,,0,,,0,,,0
Log-relative transfer,12600,0.42,Middle (10-20k),6,0.16458334059764942,0.07081495283258941,6,0.07675832929089665,0.0367158635521377,6,4000.0,0.0,6,0.03187920828349888,0.004387882680224245,6,0.7308110513322533,0.08714799562403867,6,0.3645833333333333,0.0287167682335213,6,0.6354166666666666,0.0287167682335213,6,0.6458333333333334,0.03193689524324144,6,4.526609699828547,0.5338862590769955,6,2.4013021555787883,0.2291489576295058,6,,,0,,,0,,,0,,,0,,,0,,,0,,,0,,,0,,,0,,,0,,,0,,,0
Log-relative transfer,12800,0.4266666666666667,Middle (10-20k),6,0.09791666719441612,0.018090244574486745,6,0.05527166510000825,0.015256879220334212,6,4000.0,0.0,6,0.04031904709214965,0.00970976141188774,6,0.9359629909683953,0.2227046993799977,6,0.3958333333333333,0.020833333333333336,6,0.6041666666666666,0.020833333333333336,6,0.609375,0.017585357308473056,6,5.098865739625821,0.3766275743683302,6,2.622584809860257,0.1436905187573905,6,,,0,,,0,,,0,,,0,,,0,,,0,,,0,,,0,,,0,,,0,,,0,,,0
Log-relative transfer,13000,0.43333333333333335,Middle (10-20k),6,0.10833333572372794,0.04684489818862054,6,0.042303330769451954,0.019904816269726004,6,4000.0,0.0,6,0.02703469475576033,0.002746629918981803,6,0.6278222975003919,0.06969120668322297,6,0.375,0.04973890160963884,6,0.625,0.04973890160963884,6,0.6197916666666666,0.03904513502914857,6,5.066244801139764,0.8485307856731644,6,2.644746684358434,0.3217256131200424,6,0.375,0.04973890160963884,6,0.12816337405357256,0.010170514672417603,6,0.18830638106656206,0.0028263902348794182,6,23.276041666666668,0.1725680471662636,6,0.13772805719921105,0.0010211127051258197,6,0.8697916666666666,0.12406333088162855,6,9.340557795698926,0.6335004137123165,6,9.614583333333334,0.8611881125966485,6,1.1143973214285714,0.06312267692786365,6,0.9886321464018252,0.007265317913018353,6,0.02302234426631374,0.002700442529525777,6,0.8141438594698956,0.0066707442321047505,6
Log-relative transfer,13200,0.44,Middle (10-20k),6,0.1729166676911215,0.061442441721633566,6,0.09691916825249791,0.03764880640700438,6,4000.0,0.0,6,0.02904121154764046,0.003523038161358739,6,0.6696130294772399,0.08476886888552425,6,0.4114583333333333,0.01695710478760386,6,0.5885416666666666,0.01695710478760386,6,0.578125,0.026455052290000614,6,5.614800423008137,0.4680975586457005,6,2.912806508666445,0.2422354512259067,6,,,0,,,0,,,0,,,0,,,0,,,0,,,0,,,0,,,0,,,0,,,0,,,0
Log-relative transfer,13400,0.44666666666666666,Middle (10-20k),6,0.17083333432674408,0.05210832720911603,6,0.0959008273979028,0.035898008381062704,6,4000.0,0.0,6,0.03877660946454853,0.0053631351599887425,6,0.9041569879474741,0.12862071836218109,6,0.40625,0.03125,6,0.59375,0.03125,6,0.5885416666666666,0.028431966799908715,6,5.521577241812054,0.5751328851355745,6,2.8371617906822144,0.23617911477639283,6,,,0,,,0,,,0,,,0,,,0,,,0,,,0,,,0,,,0,,,0,,,0,,,0
Log-relative transfer,13600,0.4533333333333333,Middle (10-20k),6,0.17500000384946665,0.037638634680941085,6,0.09060999875267346,0.021595990997330908,6,4000.0,0.0,6,0.027792735490947962,0.0034500137413886784,6,0.6472123721420636,0.07791320516792599,6,0.3697916666666667,0.040678383728680496,6,0.6302083333333334,0.040678383728680496,6,0.609375,0.05275607192541917,6,5.084299449177181,1.0099651324551877,6,2.8296652420351065,0.5662293027203107,6,,,0,,,0,,,0,,,0,,,0,,,0,,,0,,,0,,,0,,,0,,,0,,,0
Log-relative transfer,13800,0.46,Middle (10-20k),6,0.15000000363215804,0.06543126462701021,6,0.07916249823756516,0.03437707282120832,6,4000.0,0.0,6,0.025760223041288555,0.002708120867223979,6,0.6068050464525887,0.05744987766409888,6,0.328125,0.033994101816834835,6,0.671875,0.033994101816834835,6,0.6822916666666666,0.03168105484530323,6,3.9362503614694933,0.5392932232336307,6,2.1603902290509045,0.2033725270586584,6,,,0,,,0,,,0,,,0,,,0,,,0,,,0,,,0,,,0,,,0,,,0,,,0
Log-relative transfer,14000,0.4666666666666667,Middle (10-20k),6,0.1895833294838667,0.0459184790125032,6,0.10557583471139272,0.027044222774065402,6,4000.0,0.0,6,0.027448962558992207,0.0022017757015862904,6,0.6621985590855385,0.0662660154158799,6,0.390625,0.017585357308473056,6,0.609375,0.017585357308473056,6,0.625,0.011410886614690962,6,4.847387801638413,0.2599101992503879,6,2.490969314938457,0.08817411299002043,6,0.390625,0.017585357308473056,6,0.13075809632881594,0.0027069610442794797,6,0.1860981720449176,0.0017789876140963388,6,23.135416666666668,0.26732503364090526,6,0.1368959566074951,0.0015818049327864226,6,1.0,0.0,6,9.447916666666666,0.7914610478588179,6,9.0625,0.8274269857012563,6,1.0574115410052911,0.03413436757831757,6,0.9993197096149941,0.0002174170954182397,6,0.028438634927607207,0.004673624658046428,6,0.8123110289628874,0.008800940735117021,6
Log-relative transfer,14200,0.47333333333333333,Middle (10-20k),6,0.16458333656191826,0.048991568075854426,6,0.09167582883189122,0.027540618962915302,6,4000.0,0.0,6,0.031172380782663822,0.0032890993821894296,6,0.7552116228593809,0.085092019450631,6,0.3958333333333333,0.03755782578608322,6,0.6041666666666666,0.03755782578608322,6,0.5729166666666666,0.03755782578608322,6,5.623707239774769,0.7267068229413619,6,2.997954397666509,0.3274957497265574,6,,,0,,,0,,,0,,,0,,,0,,,0,,,0,,,0,,,0,,,0,,,0,,,0
Log-relative transfer,14400,0.48,Middle (10-20k),6,0.20000000204890966,0.07739239828046743,6,0.10048249441509445,0.0434199507506751,6,4000.0,0.0,6,0.02906933838191132,0.004736497343388414,6,0.687064933241499,0.09998725576089183,6,0.40625,0.025515518153991442,6,0.59375,0.025515518153991442,6,0.609375,0.028811076429040273,6,5.2597339766919164,0.5741540034199809,6,2.676801836155281,0.24539954434509825,6,,,0,,,0,,,0,,,0,,,0,,,0,,,0,,,0,,,0,,,0,,,0,,,0
Log-relative transfer,14600,0.4866666666666667,Middle (10-20k),6,0.2645833318432172,0.04747989535372377,6,0.13523833081126213,0.034879631521014726,6,4000.0,0.0,6,0.02574471477419138,0.0035547943287108866,6,0.6071139576729158,0.08326868793445484,6,0.3802083333333333,0.024760134008343156,6,0.6197916666666666,0.024760134008343156,6,0.640625,0.03098848912634066,6,4.668570513867805,0.5059266638915512,6,2.4364027485365143,0.22155151860798594,6,,,0,,,0,,,0,,,0,,,0,,,0,,,0,,,0,,,0,,,0,,,0,,,0
Log-relative transfer,14800,0.49333333333333335,Middle (10-20k),6,0.1937500030423204,0.056157330428408064,6,0.10149999288842082,0.030160880280553044,6,4000.0,0.0,6,0.032847822682621576,0.003616912575199095,6,0.7962746216071208,0.08753621560201372,6,0.453125,0.02991959711738557,6,0.546875,0.02991959711738557,6,0.53125,0.021347814095749165,6,6.726708042568187,0.6209549366602591,6,3.39096829202759,0.24962108979706388,6,,,0,,,0,,,0,,,0,,,0,,,0,,,0,,,0,,,0,,,0,,,0,,,0
Log-relative transfer,15000,0.5,Middle (10-20k),6,0.24791666570430002,0.08287896728028323,6,0.12170666471744578,0.04099087302082733,6,4000.0,0.0,6,0.03282135271001607,0.005758882191544871,6,0.7907902112723707,0.13054975144312628,6,0.359375,0.033022640591973663,6,0.640625,0.033022640591973663,6,0.6145833333333334,0.04952026801668631,6,4.925228040379008,0.7959198853107856,6,2.728083000313131,0.4185133879486558,6,0.359375,0.033022640591973663,6,0.12962278106508876,0.012048880644936854,6,0.18772252566631265,0.0012856934290199373,6,23.609375,0.31671634752829964,6,0.13970044378698224,0.0018740612279781043,6,1.0,0.0,6,10.598958333333334,1.410604754199221,6,10.046875,1.1366511828429746,6,1.0510650297415005,0.023443040160008675,6,0.997581862251493,0.00203805625486714,6,0.02391587361880468,0.0032817515213375273,6,0.811458925086204,0.00693159812760257,6
Log-relative transfer,15200,0.5066666666666667,Middle (10-20k),6,0.18541666974003115,0.06450264030970143,6,0.08919916651211679,0.031417382203465606,6,4000.0,0.0,6,0.029815893387421966,0.0034224388021199493,6,0.7388645437148127,0.08707054456421907,6,0.3958333333333333,0.026352313834736494,6,0.6041666666666666,0.0263523138347365,6,0.625,0.024206145913796356,6,4.957774419555755,0.4858635189354876,6,2.530908866929231,0.1854884026233588,6,,,0,,,0,,,0,,,0,,,0,,,0,,,0,,,0,,,0,,,0,,,0,,,0
Log-relative transfer,15400,0.5133333333333333,Middle (10-20k),6,0.1520833351338903,0.0481335669332985,6,0.09281083041181167,0.034599316205489526,6,4000.0,0.0,6,0.02769246945778529,0.0021058212217239945,6,0.6959635762966457,0.05868315516942012,6,0.3697916666666667,0.03734051735194775,6,0.6302083333333334,0.03734051735194775,6,0.6145833333333334,0.04007371679514864,6,4.9803632567390075,0.7563399020041583,6,2.6726639842680466,0.33219548650088054,6,,,0,,,0,,,0,,,0,,,0,,,0,,,0,,,0,,,0,,,0,,,0,,,0
Log-relative transfer,15600,0.52,Middle (10-20k),6,0.20625000136593977,0.06882571588423264,6,0.11366250024487574,0.045131126445383724,6,4000.0,0.0,6,0.0302368631431212,0.0030764118472338467,6,0.771814918830161,0.10442755042336038,6,0.3489583333333333,0.02340854693150441,6,0.6510416666666666,0.023408546931504414,6,0.6354166666666666,0.0287167682335213,6,4.406008177066061,0.4008800655618475,6,2.4247207016172037,0.18453703953098588,6,,,0,,,0,,,0,,,0,,,0,,,0,,,0,,,0,,,0,,,0,,,0,,,0
Log-relative transfer,15800,0.5266666666666666,Middle (10-20k),6,0.23333333308498064,0.04203999379651884,6,0.13411583130558333,0.03310337486693962,6,4000.0,0.0,6,0.027853004711990554,0.004647368194611307,6,0.6930743718739277,0.09828720443248105,6,0.375,0.032274861218395144,6,0.625,0.032274861218395144,6,0.6354166666666666,0.0263523138347365,6,4.722798815339369,0.5374689843215644,6,2.458153430430338,0.1970619846883864,6,,,0,,,0,,,0,,,0,,,0,,,0,,,0,,,0,,,0,,,0,,,0,,,0
Log-relative transfer,16000,0.5333333333333333,Middle (10-20k),6,0.17291666567325592,0.05640410848352346,6,0.10732916525254647,0.036461171749415974,6,4000.0,0.0,6,0.031680640880949795,0.004659075130445312,6,0.8225370617617874,0.14845749531757263,6,0.3489583333333333,0.03904513502914857,6,0.6510416666666666,0.03904513502914857,6,0.6614583333333334,0.040678383728680496,6,4.382910348819838,0.7434847573013245,6,2.3500360293377542,0.30830837748443674,6,0.3489583333333333,0.03904513502914857,6,0.11609841254692371,0.01181753036018517,6,0.1884077461000538,0.0028225568887106215,6,22.890625,0.2519132518513731,6,0.1354474852071006,0.0014906109577004344,6,1.0,0.0,6,5.723958333333333,0.807976859756997,6,5.630208333333333,0.7908747409689968,6,1.0159970238095237,0.006324404761904748,6,0.9986045098769764,0.0008396404369404829,6,0.026292642390612093,0.005678782301410495,6,0.8157443601117897,0.005814667927887519,6
Log-relative transfer,16200,0.54,Middle (10-20k),6,0.14166666644935808,0.05493051118466665,6,0.07210416360370193,0.03626685986378916,6,4000.0,0.0,6,0.033524211845360696,0.0058081394029942945,6,0.8417853821715662,0.12352527459981594,6,0.3802083333333333,0.03168105484530323,6,0.6197916666666666,0.03168105484530323,6,0.6354166666666666,0.03193689524324144,6,4.761226626986731,0.5273191749634046,6,2.4710764373908565,0.20111810991314935,6,,,0,,,0,,,0,,,0,,,0,,,0,,,0,,,0,,,0,,,0,,,0,,,0
Log-relative transfer,16400,0.5466666666666666,Middle (10-20k),6,0.16250000521540642,0.053033010403647045,6,0.07663999559978645,0.030638766457123937,6,4000.0,0.0,6,0.03081532819972684,0.003760085826640494,6,0.7909605809609482,0.10218493674102604,6,0.390625,0.019348099605215323,6,0.609375,0.019348099605215323,6,0.625,0.029092166757851964,6,4.909057417186744,0.5227388872649001,6,2.550588349908512,0.24867628859944182,6,,,0,,,0,,,0,,,0,,,0,,,0,,,0,,,0,,,0,,,0,,,0,,,0
Log-relative transfer,16600,0.5533333333333333,Middle (10-20k),6,0.16041666890184084,0.02610409154881801,6,0.08351166546344757,0.017416237531806742,6,4000.0,0.0,6,0.023578610038384795,0.002655799681296114,6,0.6034535288985533,0.06875546987270305,6,0.3958333333333333,0.040073716795148644,6,0.6041666666666666,0.04007371679514864,6,0.578125,0.04250459533979826,6,5.614123295734482,0.6888125445562323,6,2.965714316687489,0.2947122762064943,6,,,0,,,0,,,0,,,0,,,0,,,0,,,0,,,0,,,0,,,0,,,0,,,0
Log-relative transfer,16800,0.56,Middle (10-20k),6,0.13333333656191826,0.043140597613354106,6,0.07089583296328783,0.030203456765799122,6,4000.0,0.0,6,0.030800270576340456,0.005379512473644728,6,0.777561626650729,0.10932059916848062,6,0.3333333333333333,0.025086655372483946,6,0.6666666666666666,0.025086655372483953,6,0.6666666666666666,0.027559909490256156,6,4.080729467053719,0.4625713946091431,6,2.2392066001163307,0.18581410867966192,6,,,0,,,0,,,0,,,0,,,0,,,0,,,0,,,0,,,0,,,0,,,0,,,0
Log-relative transfer,17000,0.5666666666666667,Middle (10-20k),6,0.14166666815678278,0.048376417347981,6,0.07341666302333276,0.030644651284615358,6,4000.0,0.0,6,0.03408759005833417,0.007182718128171635,6,0.8842689220669789,0.18652134727449143,6,0.3802083333333333,0.03820233504352552,6,0.6197916666666666,0.03820233504352552,6,0.609375,0.039322054350368486,6,5.095641935498745,0.6510029001730564,6,2.691662629853497,0.2699468125641226,6,0.3802083333333333,0.03820233504352552,6,0.1321558662594643,0.01083034197945561,6,0.18930408841651447,0.0021034904915213596,6,23.557291666666668,0.32759547219517215,6,0.13939225838264302,0.0019384347467169929,6,1.0,0.0,6,7.276041666666667,1.4794692325524867,6,6.536458333333333,1.0472066224339134,6,1.0807460768398267,0.03883811883983581,6,0.999498558717219,7.186767780485381e-05,6,0.026999953646937098,0.004481470767327523,6,0.8138066826820606,0.008909798719980027,6
Log-relative transfer,17200,0.5733333333333334,Middle (10-20k),6,0.22916666666666666,0.056703418391898804,6,0.10914415866136551,0.028880192319972464,6,4000.0,0.0,6,0.024591251082407933,0.0023768154563941738,6,0.6372974890803972,0.050345471946004874,6,0.4739583333333333,0.020438975906613106,6,0.5260416666666666,0.020438975906613113,6,0.5260416666666666,0.02340854693150441,6,7.01703948882554,0.5252358068600304,6,3.473954473448116,0.24735776180489505,6,,,0,,,0,,,0,,,0,,,0,,,0,,,0,,,0,,,0,,,0,,,0,,,0
Log-relative transfer,17400,0.58,Middle (10-20k),6,0.1583333333643774,0.059395097751324365,6,0.0796508308655272,0.02564240464995797,6,4000.0,0.0,6,0.029336516628973186,0.001845333213559558,6,0.7787639709536363,0.06893274027179651,6,0.3645833333333333,0.042440726640548675,6,0.6354166666666666,0.042440726640548675,6,0.625,0.05229125165837973,6,4.925900325033414,0.8806617728160341,6,2.6738263223289747,0.42563633191574435,6,,,0,,,0,,,0,,,0,,,0,,,0,,,0,,,0,,,0,,,0,,,0,,,0
Log-relative transfer,17600,0.5866666666666667,Middle (10-20k),6,0.21458333109815916,0.025293416072894502,6,0.09146332802871864,0.0182742022513875,6,4000.0,0.0,6,0.023480267108728487,0.002268197884565959,6,0.6218601998143666,0.05297589588332162,6,0.421875,0.022462352763383153,6,0.578125,0.022462352763383153,6,0.5833333333333334,0.02375365468956538,6,5.679282526278251,0.48232659848425424,6,2.8685422453336145,0.19707500736235992,6,,,0,,,0,,,0,,,0,,,0,,,0,,,0,,,0,,,0,,,0,,,0,,,0
Log-relative transfer,17800,0.5933333333333334,Middle (10-20k),6,0.2770833360652129,0.07888656775575094,6,0.13301582634449005,0.039180947378016244,6,4000.0,0.0,6,0.029629905048447352,0.0037145698844392736,6,0.8037973172311017,0.10612709988276899,6,0.3645833333333333,0.042440726640548675,6,0.6354166666666666,0.042440726640548675,6,0.6197916666666666,0.04801846071506713,6,4.939109369787566,0.8704881741399935,6,2.6775934374756054,0.38978137869244817,6,,,0,,,0,,,0,,,0,,,0,,,0,,,0,,,0,,,0,,,0,,,0,,,0
Log-relative transfer,18000,0.6,Middle (10-20k),6,0.2624999973922968,0.07345633513375963,6,0.12533249085148176,0.04009913511237372,6,4000.0,0.0,6,0.026185869006440043,0.005602954828069928,6,0.6917903454255994,0.13126167079882134,6,0.4166666666666667,0.027559909490256152,6,0.5833333333333334,0.027559909490256156,6,0.578125,0.033994101816834835,6,5.7829619312204175,0.7095357384489812,6,2.9771228531320095,0.32811231863249163,6,0.4166666666666667,0.027559909490256152,6,0.14201779919832028,0.008888609188247907,6,0.18761450991480577,0.0029311625607356764,6,23.598958333333332,0.22913115255120692,6,0.13963880670611442,0.001355805636397674,6,1.0,0.0,6,10.505208333333334,0.4573201395843447,6,10.421875,0.46615601711408455,6,1.0109788359788359,0.005000739181384709,6,0.9977431990697004,0.0007024293298280611,6,0.0305723117949548,0.00396339207744188,6,0.8123263947907966,0.005794273330092742,6
Log-relative transfer,18200,0.6066666666666667,Middle (10-20k),6,0.3229166828095913,0.08620571319105326,6,0.17696666717529297,0.05079676901404954,6,4000.0,0.0,6,0.028645838843658566,0.002148625708627897,6,0.7774361435980253,0.0729730272666043,6,0.4010416666666667,0.018778912893041608,6,0.5989583333333334,0.018778912893041615,6,0.5677083333333334,0.027263025683963337,6,5.647428322786456,0.4975623392623659,6,2.9968537759329124,0.24825072843560092,6,,,0,,,0,,,0,,,0,,,0,,,0,,,0,,,0,,,0,,,0,,,0,,,0
Log-relative transfer,18400,0.6133333333333333,Middle (10-20k),6,0.3062500034769376,0.04629502209796314,6,0.1622724967698256,0.03330287656174229,6,4000.0,0.0,6,0.025592180318199098,0.002236596379884978,6,0.6920410535682971,0.0646463659041894,6,0.3854166666666667,0.023753654689565376,6,0.6145833333333334,0.02375365468956538,6,0.5833333333333334,0.01920738428602685,6,5.187256343911179,0.34765942722271437,6,2.7893765761745506,0.17090773461965098,6,,,0,,,0,,,0,,,0,,,0,,,0,,,0,,,0,,,0,,,0,,,0,,,0
Log-relative transfer,18600,0.62,Middle (10-20k),6,0.3000000026077032,0.0698957536342091,6,0.14897249918431044,0.0412182932372124,6,4000.0,0.0,6,0.030450283433310688,0.004505423337446781,6,0.8357856171573043,0.14157768481413824,6,0.375,0.02795084971874737,6,0.625,0.02795084971874737,6,0.6197916666666666,0.035554267012241694,6,4.889331179185982,0.6267978432090254,6,2.6108521480188407,0.3099934857093036,6,,,0,,,0,,,0,,,0,,,0,,,0,,,0,,,0,,,0,,,0,,,0,,,0
Log-relative transfer,18800,0.6266666666666667,Middle (10-20k),6,0.24999999875823656,0.0640637699346354,6,0.13092249942322573,0.040527158991391,6,4000.0,0.0,6,0.019827896418670814,0.0016189281644767726,6,0.5500611405574922,0.05325299540199769,6,0.4114583333333333,0.028431966799908715,6,0.5885416666666666,0.028431966799908715,6,0.59375,0.029092166757851964,6,5.5030682812886065,0.614072063753819,6,2.8060850726697524,0.2580509092310891,6,,,0,,,0,,,0,,,0,,,0,,,0,,,0,,,0,,,0,,,0,,,0,,,0
Log-relative transfer,19000,0.6333333333333333,Middle (10-20k),6,0.14583333830038706,0.06330043239040307,6,0.07652583469947179,0.03498319456977827,6,4000.0,0.0,6,0.021729527390561998,0.0015952951983565023,6,0.6111671764349552,0.06691981959770696,6,0.4010416666666667,0.03168105484530323,6,0.5989583333333334,0.03168105484530323,6,0.5833333333333334,0.027559909490256156,6,5.49161118091823,0.64938382958497,6,2.867729706802242,0.2733096030463181,6,0.4010416666666667,0.03168105484530323,6,0.1389438983266527,0.007371154113386315,6,0.18713028287732425,0.001826589230814651,6,23.119791666666668,0.2674163453046786,6,0.1368035009861933,0.0015823452384892231,6,1.0,0.0,6,8.588541666666666,0.8776157578364108,6,8.171875,0.864661768530524,6,1.0508723047785546,0.030528838991822148,6,0.994804067803337,0.003214910032792071,6,0.021854704536761225,0.002804030680900026,6,0.8137357585455837,0.0038232169343447473,6
Log-relative transfer,19200,0.64,Middle (10-20k),6,0.20208333929379782,0.03727944752404885,6,0.10162832960486412,0.022698049918994986,6,4000.0,0.0,6,0.022609188881081838,0.0017548646813305327,6,0.6359972549266788,0.047523520956247095,6,0.3854166666666667,0.010416666666666668,6,0.6145833333333334,0.010416666666666668,6,0.6197916666666666,0.018778912893041615,6,4.796762105292026,0.19959095572778163,6,2.5229663067275627,0.13521552365188585,6,,,0,,,0,,,0,,,0,,,0,,,0,,,0,,,0,,,0,,,0,,,0,,,0
Log-relative transfer,19400,0.6466666666666666,Middle (10-20k),6,0.20208333556850752,0.03891987840591516,6,0.11000583445032437,0.02288343867083811,6,4000.0,0.0,6,0.021313586039468646,0.002510182686424008,6,0.5980169230567355,0.05840652634871815,6,0.3802083333333333,0.040678383728680496,6,0.6197916666666666,0.040678383728680496,6,0.59375,0.04269562819149833,6,5.354239883302458,0.9451017044495565,6,2.8769649137032496,0.41595372052882745,6,,,0,,,0,,,0,,,0,,,0,,,0,,,0,,,0,,,0,,,0,,,0,,,0
Log-relative transfer,19600,0.6533333333333333,Middle (10-20k),6,0.31041667113701504,0.059810175781247144,6,0.15215915938218436,0.03344572762378441,6,4000.0,0.0,6,0.02901025318230192,0.0017620224586551412,6,0.8303314494178241,0.07443251149423927,6,0.4270833333333333,0.023753654689565376,6,0.5729166666666666,0.02375365468956538,6,0.5729166666666666,0.027559909490256156,6,5.899265054089621,0.5676825933759434,6,2.9866025586762723,0.2482127230804646,6,,,0,,,0,,,0,,,0,,,0,,,0,,,0,,,0,,,0,,,0,,,0,,,0
Log-relative transfer,19800,0.66,Middle (10-20k),6,0.22291666766007742,0.04138446027598176,6,0.11034916403392951,0.02229605341890059,6,4000.0,0.0,6,0.02483253600075841,0.00321575675527651,6,0.6974640651176583,0.06808644087849557,6,0.3958333333333333,0.061801654059130524,6,0.6041666666666666,0.061801654059130524,6,0.609375,0.05970304117044625,6,5.7621861800469665,1.6960806879151458,6,3.0879410577186714,0.8423191989488843,6,,,0,,,0,,,0,,,0,,,0,,,0,,,0,,,0,,,0,,,0,,,0,,,0
Log-relative transfer,20000,0.6666666666666666,Middle (10-20k),6,0.22500000894069672,0.06381941312169562,6,0.1270274973164002,0.03648449189401532,6,4000.0,0.0,6,0.0242166854829217,0.002601534388419232,6,0.6976770568907789,0.09560511296525555,6,0.359375,0.023867581744561668,6,0.640625,0.023867581744561668,6,0.6041666666666666,0.020833333333333336,6,4.816956682584256,0.39019985167762367,6,2.630894729795509,0.15582553739743696,6,0.359375,0.023867581744561668,6,0.13462731437297193,0.00598222488978826,6,0.19233486215734738,0.0018217056772452016,6,23.666666666666668,0.307212207240822,6,0.14003944773175542,0.0018178237114841527,6,1.0,0.0,6,9.9375,1.1267925533714418,6,9.0625,0.9887386746085474,6,1.1014895405520406,0.035405059318379166,6,0.9968835056886607,0.0012783248851301484,6,0.024936431411596318,0.00288157069159333,6,0.8111876833265311,0.00526010744542778,6
Log-relative transfer,20200,0.6733333333333333,Late (20-30k),6,0.23125000298023224,0.03125000158945753,6,0.11307249590754509,0.018640855172890415,6,4000.0,0.0,6,0.020669382453585666,0.0020681515660933305,6,0.5899647539664167,0.06578295329938416,6,0.3177083333333333,0.029554710331481476,6,0.6822916666666666,0.02955471033148148,6,0.6875,0.03326816546389857,6,3.8067559457252282,0.5049337565891774,6,2.128876510106396,0.20372455693498595,6,,,0,,,0,,,0,,,0,,,0,,,0,,,0,,,0,,,0,,,0,,,0,,,0
Log-relative transfer,20400,0.68,Late (20-30k),6,0.1979166710128387,0.04758946456996619,6,0.10861416005839904,0.028006658582580165,6,4000.0,0.0,6,0.023857919227642316,0.0010282199795709117,6,0.6969969339366334,0.047260682412856234,6,0.3645833333333333,0.015450413514782631,6,0.6354166666666666,0.015450413514782635,6,0.640625,0.017585357308473056,6,4.458840654438124,0.24760496983980138,6,2.3760009686446346,0.10770514735762554,6,,,0,,,0,,,0,,,0,,,0,,,0,,,0,,,0,,,0,,,0,,,0,,,0
Log-relative transfer,20600,0.6866666666666666,Late (20-30k),6,0.2541666676600774,0.0366098049820753,6,0.13378416250149408,0.02044491487907188,6,4000.0,0.0,6,0.024227750254794955,0.004032940298830675,6,0.6965530576058278,0.09642752443781359,6,0.4010416666666667,0.035554267012241694,6,0.5989583333333334,0.035554267012241694,6,0.59375,0.036084391824351615,6,5.5025165763678165,0.6879031403474658,6,2.83410836203741,0.28411305716366314,6,,,0,,,0,,,0,,,0,,,0,,,0,,,0,,,0,,,0,,,0,,,0,,,0
Log-relative transfer,20800,0.6933333333333334,Late (20-30k),6,0.2916666641831398,0.048483958507085964,6,0.13786416438718638,0.023949060202521667,6,4000.0,0.0,6,0.02123510076974829,0.0017539115468456243,6,0.6224008000183942,0.044809032272879,6,0.40625,0.025515518153991442,6,0.59375,0.025515518153991442,6,0.5833333333333334,0.03193689524324144,6,5.5945284023718385,0.7244572766131744,6,2.9230621852904313,0.36008296763119735,6,,,0,,,0,,,0,,,0,,,0,,,0,,,0,,,0,,,0,,,0,,,0,,,0
Log-relative transfer,21000,0.7,Late (20-30k),6,0.28750000211099785,0.10000000026387475,6,0.1439574925849835,0.05322215613851223,6,4000.0,0.0,6,0.023862110800109804,0.0024386573598079685,6,0.7103654857860912,0.07641008053923604,6,0.375,0.04269562819149833,6,0.625,0.04269562819149833,6,0.6197916666666666,0.040678383728680496,6,4.979394895019412,0.656274201848791,6,2.6162243449953775,0.25530718907461325,6,0.375,0.04269562819149833,6,0.12663238849653244,0.011660106828343826,6,0.18599722926646003,0.0018404751754139731,6,22.869791666666668,0.22352186150228004,6,0.13532421104536488,0.0013226145651022488,6,1.0,0.0,6,7.520833333333333,0.9653726971716389,6,7.15625,0.8939539394361063,6,1.049674948893699,0.02769938943454721,6,0.9973273588006997,0.0019841203250480703,6,0.0207552394412837,0.0024769289138672876,6,0.8172475799712647,0.003624338403033933,6
Log-relative transfer,21200,0.7066666666666667,Late (20-30k),6,0.16041666874662042,0.053756460589797786,6,0.0841266637823234,0.02721133794925247,6,4000.0,0.0,6,0.02189163751124094,0.0018771571926322539,6,0.6496394675512607,0.04533383487454892,6,0.3697916666666667,0.023408546931504414,6,0.6302083333333334,0.023408546931504414,6,0.640625,0.03202172114362375,6,4.5827864759614005,0.5335037663167478,6,2.434964069269003,0.23764413382670305,6,,,0,,,0,,,0,,,0,,,0,,,0,,,0,,,0,,,0,,,0,,,0,,,0
Log-relative transfer,21400,0.7133333333333334,Late (20-30k),6,0.1500000056500236,0.0422048607988537,6,0.07447499549016356,0.025453255485689084,6,4000.0,0.0,6,0.02607965962185214,0.0032411549635610803,6,0.7778176874741513,0.0850402711793052,6,0.3541666666666667,0.03294039229342062,6,0.6458333333333334,0.03294039229342062,6,0.640625,0.03585815516262189,6,4.548624243199207,0.5747062486385836,6,2.445643104519168,0.2423819320260568,6,,,0,,,0,,,0,,,0,,,0,,,0,,,0,,,0,,,0,,,0,,,0,,,0
Log-relative transfer,21600,0.72,Late (20-30k),6,0.2291666679084301,0.051200859420857635,6,0.09823916293680668,0.025188049279908132,6,4000.0,0.0,6,0.025791639112867415,0.003719433685439672,6,0.7741773758200742,0.10404154678041062,6,0.4010416666666667,0.04522561113769253,6,0.5989583333333334,0.04522561113769253,6,0.6145833333333334,0.046116549210788865,6,5.320819602328938,0.8327610285068029,6,2.718538519204371,0.33169224686351456,6,,,0,,,0,,,0,,,0,,,0,,,0,,,0,,,0,,,0,,,0,,,0,,,0
Log-relative transfer,21800,0.7266666666666667,Late (20-30k),6,0.24374999850988388,0.06798820258346702,6,0.11089499667286873,0.03894479742467413,6,4000.0,0.0,6,0.026604417711496353,0.00933719221771119,6,0.7785417678045685,0.257574793258463,6,0.4114583333333333,0.0519268482525605,6,0.5885416666666666,0.0519268482525605,6,0.578125,0.048913987007807906,6,6.005783419939384,1.062414847040993,6,3.104977282308115,0.46044034583355165,6,,,0,,,0,,,0,,,0,,,0,,,0,,,0,,,0,,,0,,,0,,,0,,,0
Log-relative transfer,22000,0.7333333333333333,Late (20-30k),6,0.24375000099341074,0.058519049923247926,6,0.11372249697645505,0.03178080844270689,6,4000.0,0.0,6,0.026330856878000002,0.0028362443078910502,6,0.7864710645835477,0.07765799228810782,6,0.375,0.019764235376052375,6,0.625,0.019764235376052375,6,0.6302083333333334,0.018778912893041615,6,4.677092799231766,0.3390033396505438,6,2.460722992634591,0.13986665493353556,6,0.375,0.019764235376052375,6,0.12890103073105552,0.005039834307547221,6,0.18781593160291385,0.0013877566817590704,6,23.604166666666668,0.3230174573885718,6,0.13966962524654833,0.001911345901707527,6,1.0,0.0,6,7.734375,0.7380008010101796,6,7.536458333333333,0.7050052021577179,6,1.0277210347522847,0.011726204794390392,6,0.9966734490977281,0.0011310956843373688,6,0.027420828167967103,0.002567757598204597,6,0.8116503094289985,0.006005980149583493,6
Log-relative transfer,22200,0.74,Late (20-30k),6,0.20625000447034836,0.03023346637129348,6,0.09759749347964923,0.02119953323524188,6,4000.0,0.0,6,0.022599512167895835,0.0019129096987232285,6,0.7012061819940275,0.08494927293770471,6,0.3854166666666667,0.02508665537248395,6,0.6145833333333334,0.02508665537248395,6,0.6145833333333334,0.03486083443891982,6,4.982754418632211,0.5668097919578754,6,2.6335812625252792,0.27289991806443475,6,,,0,,,0,,,0,,,0,,,0,,,0,,,0,,,0,,,0,,,0,,,0,,,0
Log-relative transfer,22400,0.7466666666666667,Late (20-30k),6,0.2666666756073634,0.05300026313161133,6,0.11913416348397732,0.024015891941518624,6,4000.0,0.0,6,0.023548921764207382,0.002971182072813108,6,0.7301977373952396,0.10210309769344017,6,0.4114583333333333,0.018778912893041615,6,0.5885416666666666,0.018778912893041615,6,0.5572916666666666,0.03269240588849004,6,5.892413459199584,0.575797104869509,6,3.1302585913662213,0.32039884289086107,6,,,0,,,0,,,0,,,0,,,0,,,0,,,0,,,0,,,0,,,0,,,0,,,0
Log-relative transfer,22600,0.7533333333333333,Late (20-30k),6,0.27916667237877846,0.054930512171328015,6,0.1422841673096021,0.03502487495557166,6,4000.0,0.0,6,0.020765436347573996,0.0028288637058620164,6,0.6287150087184279,0.066842261458714,6,0.421875,0.028811076429040273,6,0.578125,0.028811076429040273,6,0.5833333333333334,0.03090082702956527,6,5.746532105722966,0.618176882859343,6,2.9057840212130794,0.25712876039843996,6,,,0,,,0,,,0,,,0,,,0,,,0,,,0,,,0,,,0,,,0,,,0,,,0
Log-relative transfer,22800,0.76,Late (20-30k),6,0.26666667017464835,0.07518495678396568,6,0.13201166107319295,0.040994243444599114,6,4000.0,0.0,6,0.01984826261953761,0.0018627643961788784,6,0.6056302197093542,0.053204165190437705,6,0.4166666666666667,0.023753654689565373,6,0.5833333333333334,0.02375365468956538,6,0.5833333333333334,0.0263523138347365,6,5.612057735737619,0.46531987543981457,6,2.868151744911634,0.21634683805962235,6,,,0,,,0,,,0,,,0,,,0,,,0,,,0,,,0,,,0,,,0,,,0,,,0
Log-relative transfer,23000,0.7666666666666667,Late (20-30k),6,0.23750000012417635,0.06208193553233997,6,0.1157974951590101,0.04236632281668722,6,4000.0,0.0,6,0.019079752072381478,0.001295498296501587,6,0.588432497066027,0.04709284881242227,6,0.3489583333333333,0.03269240588849003,6,0.6510416666666666,0.03269240588849004,6,0.6458333333333334,0.03668086846178961,6,4.467403902115883,0.5940172687681614,6,2.411770595830873,0.23966867703307584,6,0.3489583333333333,0.03269240588849003,6,0.12216469428007888,0.010963066288921495,6,0.18863607902069437,0.00171296759382973,6,23.1875,0.34469566891196457,6,0.1372041420118343,0.0020396193426743484,6,1.0,0.0,6,7.5,1.1161107135943102,6,6.885416666666667,1.0184389436507446,6,1.0902988215488216,0.0613675676918776,6,0.9976342007024878,0.001557036194585856,6,0.023578297410086418,0.0020988652303150414,6,0.8107690518890878,0.01164390032274161,6
Log-relative transfer,23200,0.7733333333333333,Late (20-30k),6,0.24791666368643442,0.05631169308454655,6,0.12145916310449441,0.027992896166340427,6,4000.0,0.0,6,0.02527903000979374,0.0027997350687872435,6,0.7880333507215421,0.08409310963485786,6,0.421875,0.044009646196411685,6,0.578125,0.044009646196411685,6,0.5625,0.045643546458763846,6,6.227729685226173,1.0098702404660107,6,3.240741541605716,0.48676071831794976,6,,,0,,,0,,,0,,,0,,,0,,,0,,,0,,,0,,,0,,,0,,,0,,,0
Log-relative transfer,23400,0.78,Late (20-30k),6,0.25208334003885585,0.055096189406955404,6,0.1232033297419548,0.03928546248409991,6,4000.0,0.0,6,0.021890079835429788,0.002333355774039944,6,0.6881073311708761,0.08383354048874879,6,0.359375,0.033022640591973663,6,0.640625,0.033022640591973663,6,0.625,0.038696199210430646,6,4.791036666136467,0.6568162150486689,6,2.5805935976680363,0.29178668640021704,6,,,0,,,0,,,0,,,0,,,0,,,0,,,0,,,0,,,0,,,0,,,0,,,0
Log-relative transfer,23600,0.7866666666666666,Late (20-30k),6,0.3062500034769376,0.03411836010529707,6,0.1525524966418743,0.028350398912614417,6,4000.0,0.0,6,0.030721252434886992,0.0030253809555643783,6,0.9811926856654899,0.1086727826323283,6,0.4322916666666667,0.04301213087929704,6,0.5677083333333334,0.04301213087929704,6,0.5364583333333334,0.03168105484530323,6,6.4995451977879855,0.9344116295737546,6,3.376945024501051,0.382840410613975,6,,,0,,,0,,,0,,,0,,,0,,,0,,,0,,,0,,,0,,,0,,,0,,,0
Log-relative transfer,23800,0.7933333333333333,Late (20-30k),6,0.26666667809089023,0.05027701105568834,6,0.12555416176716486,0.03237386820030884,6,4000.0,0.0,6,0.02483226137701422,0.0016516350614214081,6,0.7779774876249218,0.06807148796331665,6,0.3854166666666667,0.03193689524324144,6,0.6145833333333334,0.03193689524324144,6,0.5989583333333334,0.03269240588849004,6,5.186415406764537,0.5974174005028128,6,2.744315872109697,0.26163325656719794,6,,,0,,,0,,,0,,,0,,,0,,,0,,,0,,,0,,,0,,,0,,,0,,,0
Log-relative transfer,24000,0.8,Late (20-30k),6,0.21666666741172472,0.03841476695579618,6,0.09224916125337283,0.016253754296706696,6,4000.0,0.0,6,0.031861815485171974,0.005538514967397648,6,0.9822304130222758,0.18293816566995555,6,0.4010416666666667,0.01491439694091287,6,0.5989583333333334,0.01491439694091287,6,0.5572916666666666,0.01491439694091287,6,5.691591932352904,0.2980354422157478,6,3.0308068641858164,0.14892643792017912,6,0.4010416666666667,0.01491439694091287,6,0.14765063307246928,0.004019989240502775,6,0.18930264344465528,0.0007819281311773856,6,23.5625,0.27111363699870705,6,0.1394230769230769,0.001604222704134364,6,0.9895833333333334,0.0065880784586841235,6,10.013944892473118,1.0780225601529174,6,8.807291666666666,0.9662742782992715,6,1.1327587865390283,0.03737844757795703,6,0.9987073173972568,0.0003253749922909331,6,0.018966303337345655,0.0019420982912959394,6,0.8100291209211307,0.002335593119753508,6
Log-relative transfer,24200,0.8066666666666666,Late (20-30k),6,0.25625001018246013,0.06942847448524682,6,0.12084499560296535,0.03705999881675442,6,4000.0,0.0,6,0.024732056151454646,0.0022705785502758497,6,0.7734733704375517,0.08772237810709536,6,0.4166666666666667,0.03294039229342062,6,0.5833333333333334,0.03294039229342062,6,0.5833333333333334,0.02375365468956538,6,5.632444468156009,0.5871327068717247,6,2.863754249897648,0.22098779921659858,6,,,0,,,0,,,0,,,0,,,0,,,0,,,0,,,0,,,0,,,0,,,0,,,0
Log-relative transfer,24400,0.8133333333333334,Late (20-30k),6,0.2166666698952516,0.055402570307625305,6,0.09449916100129485,0.031731607187119336,6,4000.0,0.0,6,0.0294407499798884,0.004110708559850465,6,0.9024165519528135,0.10340301300866082,6,0.3645833333333333,0.026352313834736494,6,0.6354166666666666,0.0263523138347365,6,0.6302083333333334,0.02340854693150441,6,4.652509563440549,0.47467164979043636,6,2.4771197679574772,0.1937223724623122,6,,,0,,,0,,,0,,,0,,,0,,,0,,,0,,,0,,,0,,,0,,,0,,,0
Log-relative transfer,24600,0.82,Late (20-30k),6,0.22500000024835268,0.07056320829524526,6,0.10521749500185251,0.03227616588752983,6,4000.0,0.0,6,0.026168373801435035,0.003036797127032815,6,0.8101907016419259,0.08394243644520241,6,0.3958333333333333,0.026352313834736494,6,0.6041666666666666,0.0263523138347365,6,0.6041666666666666,0.02982879388182574,6,5.210742322425065,0.543987311243828,6,2.7045529885564776,0.2357222496604159,6,,,0,,,0,,,0,,,0,,,0,,,0,,,0,,,0,,,0,,,0,,,0,,,0
Log-relative transfer,24800,0.8266666666666667,Late (20-30k),6,0.2666666681567828,0.06171732018956668,6,0.1372091630473733,0.03963290899049204,6,4000.0,0.0,6,0.02348167336701105,0.002353212446413483,6,0.740707279133111,0.06142090003322115,6,0.390625,0.022462352763383153,6,0.609375,0.022462352763383153,6,0.5885416666666666,0.027263025683963337,6,5.3572102571785445,0.5273334494537195,6,2.8242819595049053,0.24509683979411453,6,,,0,,,0,,,0,,,0,,,0,,,0,,,0,,,0,,,0,,,0,,,0,,,0
Log-relative transfer,25000,0.8333333333333334,Late (20-30k),6,0.3125000124176343,0.09236477243584751,6,0.14714749002208313,0.04884249684097413,6,4000.0,0.0,6,0.0235088929378738,0.003088907654702801,6,0.7587780490894338,0.09559042333292858,6,0.3802083333333333,0.03734051735194775,6,0.6197916666666666,0.03734051735194775,6,0.6197916666666666,0.03462660445540555,6,4.985507584809365,0.7448526355241708,6,2.6165278831714978,0.30110129135410724,6,0.3802083333333333,0.03734051735194775,6,0.13012780746961888,0.009489905541374665,6,0.18689982298579585,0.003002306282281212,6,23.505208333333332,0.3587101337702135,6,0.13908407297830372,0.0021225451702379487,6,1.0,0.0,6,8.875,1.2850553246845056,6,7.708333333333333,1.086244086417863,6,1.1639910725848226,0.06291596662936337,6,0.9988168660433785,0.0008057200723843281,6,0.02738861450137416,0.003307296845671045,6,0.812170304285805,0.004564866992111329,6
Log-relative transfer,25200,0.84,Late (20-30k),6,0.23333333246409893,0.05913144385835342,6,0.1081583301226298,0.027189645304517625,6,4000.0,0.0,6,0.026625091520448525,0.003017413000212354,6,0.8956057768084745,0.13315309360310545,6,0.3385416666666667,0.040678383728680496,6,0.6614583333333334,0.040678383728680496,6,0.6510416666666666,0.03367339557342628,6,4.305227683429912,0.7468671616653718,6,2.3649620565322333,0.2884638121153575,6,,,0,,,0,,,0,,,0,,,0,,,0,,,0,,,0,,,0,,,0,,,0,,,0
Log-relative transfer,25400,0.8466666666666667,Late (20-30k),6,0.3041666659216086,0.10316181725764602,6,0.1491416667898496,0.05306828275875833,6,4000.0,0.0,6,0.024381702532991767,0.0030881386652319306,6,0.7836072883088755,0.0840034378126449,6,0.3072916666666667,0.024760134008343156,6,0.6927083333333334,0.024760134008343156,6,0.6979166666666666,0.025086655372483953,6,3.5819739879786545,0.32380159223784405,6,2.0341712261848994,0.12281215504566936,6,,,0,,,0,,,0,,,0,,,0,,,0,,,0,,,0,,,0,,,0,,,0,,,0
Log-relative transfer,25600,0.8533333333333334,Late (20-30k),6,0.3000000019868215,0.08484053774865301,6,0.15984749607741833,0.05012029136832444,6,4000.0,0.0,6,0.02467901073396206,0.0030735670964239983,6,0.7977009319079723,0.08664530309551899,6,0.3541666666666667,0.023753654689565376,6,0.6458333333333334,0.02375365468956538,6,0.6197916666666666,0.01695710478760386,6,4.609606337995003,0.3521018101742557,6,2.51048440753196,0.12895162615027625,6,,,0,,,0,,,0,,,0,,,0,,,0,,,0,,,0,,,0,,,0,,,0,,,0
Log-relative transfer,25800,0.86,Late (20-30k),6,0.22916666542490324,0.06103846815151825,6,0.11650165853401025,0.025354657957919288,6,4000.0,0.0,6,0.02875710550385217,0.005614372696760531,6,0.9707618655432597,0.22924729467697072,6,0.3802083333333333,0.03367339557342628,6,0.6197916666666666,0.03367339557342628,6,0.6145833333333334,0.040877951813226225,6,5.05720716330237,0.6971279788770288,6,2.673646341502064,0.3049079121082044,6,,,0,,,0,,,0,,,0,,,0,,,0,,,0,,,0,,,0,,,0,,,0,,,0
Log-relative transfer,26000,0.8666666666666667,Late (20-30k),6,0.24791665996114412,0.06895172107217061,6,0.12829166712860265,0.03996734322834369,6,4000.0,0.0,6,0.019145204646823306,0.002571432796207198,6,0.6466318801591954,0.10445180509697956,6,0.3489583333333333,0.03904513502914857,6,0.6510416666666666,0.03904513502914857,6,0.625,0.05818433351570393,6,4.738877442826962,0.9294241634228807,6,2.7033964826975176,0.5397759698207648,6,0.3489583333333333,0.03904513502914857,6,0.12446713749443279,0.01268740858913785,6,0.18473317992548763,0.0023753046124714884,6,23.010416666666668,0.29344694769431684,6,0.13615631163708086,0.001736372471564004,6,1.0,0.0,6,9.546875,0.7665598034671963,6,9.265625,0.6740034116815237,6,1.0263296310171308,0.020416772927874093,6,0.998649291336303,0.00035951130797075504,6,0.027625900729673896,0.004020581273822482,6,0.8062640693181002,0.005478398545333539,6
Log-relative transfer,26200,0.8733333333333333,Late (20-30k),6,0.2916666666666667,0.06658849356148187,6,0.14311415950457254,0.03429373981553417,6,4000.0,0.0,6,0.030427365680225194,0.0029398174941350705,6,1.0515115916311337,0.13731679691626728,6,0.4010416666666667,0.018778912893041615,6,0.5989583333333334,0.018778912893041615,6,0.6145833333333334,0.01743041721945991,6,5.058460883258998,0.3366077034264541,6,2.5826287812401008,0.13157605412226897,6,,,0,,,0,,,0,,,0,,,0,,,0,,,0,,,0,,,0,,,0,,,0,,,0
Log-relative transfer,26400,0.88,Late (20-30k),6,0.30000000074505806,0.05818433346234932,6,0.15480749929944673,0.029675404781893188,6,4000.0,0.0,6,0.023772678920067847,0.00358861115756524,6,0.787591018270548,0.09739048621713749,6,0.40625,0.026760901205552357,6,0.59375,0.026760901205552357,6,0.6197916666666666,0.03063633577052655,6,5.143293329805159,0.628661130094117,6,2.6105807804851136,0.2681978300588284,6,,,0,,,0,,,0,,,0,,,0,,,0,,,0,,,0,,,0,,,0,,,0,,,0
Log-relative transfer,26600,0.8866666666666667,Late (20-30k),6,0.2937500091890494,0.0833385468270238,6,0.14098999773462614,0.04305193748669296,6,4000.0,0.0,6,0.026123793562874198,0.0019245086677699707,6,0.8959332647187167,0.0493666288226,6,0.3697916666666667,0.03269240588849004,6,0.6302083333333334,0.03269240588849004,6,0.6354166666666666,0.03925300766961828,6,4.733344647575002,0.6548378176524718,6,2.511069002201129,0.2894232636605866,6,,,0,,,0,,,0,,,0,,,0,,,0,,,0,,,0,,,0,,,0,,,0,,,0
Log-relative transfer,26800,0.8933333333333333,Late (20-30k),6,0.252083337555329,0.0684209303551125,6,0.11549332660312454,0.030852707326529002,6,4000.0,0.0,6,0.020679679582826793,0.002196961858920954,6,0.7218385342762003,0.0776503763243481,6,0.3802083333333333,0.029554710331481476,6,0.6197916666666666,0.02955471033148148,6,0.625,0.04034357652299393,6,4.94290630078364,0.679610937182236,6,2.6031975522061734,0.3112218989686229,6,,,0,,,0,,,0,,,0,,,0,,,0,,,0,,,0,,,0,,,0,,,0,,,0
Log-relative transfer,27000,0.9,Late (20-30k),6,0.2541666716958086,0.07843964705881208,6,0.12061416202535231,0.03639020728792903,6,4000.0,0.0,6,0.02334518583181004,0.0013793711606844238,6,0.8233488031896948,0.06345989223353896,6,0.3697916666666667,0.03367339557342628,6,0.6302083333333334,0.03367339557342628,6,0.609375,0.05213539065100917,6,5.025986598920389,0.7777325773044804,6,2.755081737268028,0.3849043998727977,6,0.3697916666666667,0.03367339557342628,6,0.13074218998536616,0.013757271988302561,6,0.1899772154210024,0.0019886646854659204,6,23.666666666666668,0.22077436319564928,6,0.14003944773175545,0.001306357178672485,6,0.9895833333333334,0.0065880784586841235,6,8.096942204301074,0.6450951545753085,6,7.953125,0.6519576889070333,6,1.0253713112133103,0.00684496553209847,6,0.9953577720181327,0.0022077771198914828,6,0.02035255620467935,0.0030813893524490365,6,0.8196571277829365,0.0056592861756755135,6
Log-relative transfer,27200,0.9066666666666666,Late (20-30k),6,0.23541667188207308,0.05035464707500074,6,0.1184391633917888,0.02620749772790084,6,4000.0,0.0,6,0.027630708374393482,0.00553053364881866,6,0.9740576626233114,0.20093899243906183,6,0.3489583333333333,0.04869164955216768,6,0.6510416666666666,0.04869164955216768,6,0.6458333333333334,0.04540519732854869,6,4.630082232446852,0.9496533889727132,6,2.497011432097984,0.3904358783850538,6,,,0,,,0,,,0,,,0,,,0,,,0,,,0,,,0,,,0,,,0,,,0,,,0
Log-relative transfer,27400,0.9133333333333333,Late (20-30k),6,0.24166666716337204,0.048911768830737376,6,0.127681665122509,0.018346127829757298,6,4000.0,0.0,6,0.02354358621717741,0.0040454260251389556,6,0.8263279754274864,0.11966062766877192,6,0.375,0.04269562819149833,6,0.625,0.04269562819149833,6,0.6145833333333334,0.04468252206151503,6,5.1334357092100795,0.9790231272434998,6,2.740024548058127,0.4362410807571743,6,,,0,,,0,,,0,,,0,,,0,,,0,,,0,,,0,,,0,,,0,,,0,,,0
Log-relative transfer,27600,0.92,Late (20-30k),6,0.28958332911133766,0.06482480976262814,6,0.14490082922081152,0.02937732487818915,6,4000.0,0.0,6,0.018538807169534266,0.0019173190186270285,6,0.6562539601906247,0.07567983628334793,6,0.34375,0.032274861218395144,6,0.65625,0.032274861218395144,6,0.6666666666666666,0.0384147685720537,6,4.218137772367257,0.6695387074489856,6,2.2994356566015957,0.2978202475796803,6,,,0,,,0,,,0,,,0,,,0,,,0,,,0,,,0,,,0,,,0,,,0,,,0
Log-relative transfer,27800,0.9266666666666666,Late (20-30k),6,0.2895833340783914,0.061187608765547276,6,0.14581582508981228,0.03313846495556103,6,4000.0,0.0,6,0.025868719715314608,0.0026037981338649964,6,0.9202563096142332,0.11003088682361054,6,0.390625,0.026455052290000614,6,0.609375,0.026455052290000614,6,0.6302083333333334,0.03063633577052655,6,4.892908109098456,0.5535885496890565,6,2.5170349872237647,0.22534380561017558,6,,,0,,,0,,,0,,,0,,,0,,,0,,,0,,,0,,,0,,,0,,,0,,,0
Log-relative transfer,28000,0.9333333333333333,Late (20-30k),6,0.256250007233272,0.06752700256604627,6,0.1287274934584275,0.03832354286244381,6,4000.0,0.0,6,0.021575404913164675,0.0031073977878139565,6,0.7761265607308593,0.10383234575218017,6,0.4791666666666667,0.0287167682335213,6,0.5208333333333334,0.0287167682335213,6,0.4947916666666667,0.024760134008343156,6,7.50954723939747,0.6097528925338606,6,3.838461696016807,0.30275313720824126,6,0.4791666666666667,0.0287167682335213,6,0.16032202392314054,0.005989319255629457,6,0.18708884441350504,0.0026868629528581703,6,23.536458333333332,0.22029464565163126,6,0.1392689842209073,0.001303518613323259,6,1.0,0.0,6,7.484375,0.821811626200514,6,7.109375,0.9258916732669109,6,1.1015246616809118,0.07591393689207832,6,0.9989555555865857,0.00046723926813424293,6,0.031055244408138363,0.0035802626226674144,6,0.8067718879933542,0.004381164562327913,6
Log-relative transfer,28200,0.94,Late (20-30k),6,0.31250000403573114,0.09309493425371157,6,0.1680350030461947,0.04828726471077994,6,4000.0,0.0,6,0.02095166073801617,0.0023627227884396355,6,0.7693109314602906,0.09199519550491822,6,0.3802083333333333,0.03462660445540555,6,0.6197916666666666,0.03462660445540555,6,0.6302083333333334,0.035554267012241694,6,4.874098764408706,0.5862758988901563,6,2.5302349208017425,0.23616316040306287,6,,,0,,,0,,,0,,,0,,,0,,,0,,,0,,,0,,,0,,,0,,,0,,,0
Log-relative transfer,28400,0.9466666666666667,Late (20-30k),6,0.24791667067135373,0.08578174076772184,6,0.11190416427173962,0.04156187684279543,6,4000.0,0.0,6,0.021257529074015718,0.0025352114232156716,6,0.7768405254277647,0.08672949595319193,6,0.359375,0.022462352763383153,6,0.640625,0.022462352763383153,6,0.6302083333333334,0.024760134008343156,6,4.5800547546021155,0.39820992436524616,6,2.4664959254771297,0.16914636424373386,6,,,0,,,0,,,0,,,0,,,0,,,0,,,0,,,0,,,0,,,0,,,0,,,0
Log-relative transfer,28600,0.9533333333333334,Late (20-30k),6,0.2749999997516473,0.06590713071852662,6,0.13408999517560005,0.03711504995143861,6,4000.0,0.0,6,0.021172085544094443,0.002603171030656328,6,0.7779539077361428,0.09189328088964294,6,0.421875,0.03585815516262189,6,0.578125,0.03585815516262189,6,0.5677083333333334,0.024760134008343156,6,5.932706269543029,0.5732638933612186,6,3.011543514359559,0.20926362754785907,6,,,0,,,0,,,0,,,0,,,0,,,0,,,0,,,0,,,0,,,0,,,0,,,0
Log-relative transfer,28800,0.96,Late (20-30k),6,0.20000000251457095,0.05562148894484102,6,0.11914250107171635,0.03489955396132866,6,4000.0,0.0,6,0.02750687887116025,0.0045910428137106805,6,0.9849710511762607,0.13558792105473622,6,0.3802083333333333,0.02340854693150441,6,0.6197916666666666,0.023408546931504414,6,0.6197916666666666,0.01695710478760386,6,4.829747325884387,0.3328987066316074,6,2.5298160397918745,0.12152761420316265,6,,,0,,,0,,,0,,,0,,,0,,,0,,,0,,,0,,,0,,,0,,,0,,,0
Log-relative transfer,29000,0.9666666666666667,Late (20-30k),6,0.25833333532015484,0.07105357801002136,6,0.12508083010713258,0.035917944594979934,6,4000.0,0.0,6,0.022806311724707484,0.002410369063697897,6,0.8544343124698163,0.09261189147284113,6,0.4322916666666667,0.024760134008343152,6,0.5677083333333334,0.024760134008343156,6,0.5520833333333334,0.03391420957520772,6,6.265739732427203,0.7638879412388806,6,3.2516165027778103,0.4196842472188592,6,0.4322916666666667,0.024760134008343152,6,0.14822524972959217,0.008692937711095482,6,0.18724288242213757,0.0013348229032246956,6,23.473958333333332,0.15147208786696573,6,0.1388991617357002,0.0008962845435915103,6,1.0,0.0,6,8.484375,0.8481271493463308,6,7.901041666666667,0.7244527688097487,6,1.074220253126503,0.03630418180309583,6,0.9975603293342555,0.0009336618579095568,6,0.022739807490461787,0.0028344959457781557,6,0.8104831028238344,0.005279314069389251,6
Log-relative transfer,29200,0.9733333333333334,Late (20-30k),6,0.1979166679084301,0.04670571365361517,6,0.09758916000525157,0.02586955846027487,6,4000.0,0.0,6,0.017157666850835085,0.0008401658184851279,6,0.6500715842632064,0.0468329194193496,6,0.375,0.03423265984407289,6,0.625,0.03423265984407289,6,0.6041666666666666,0.050173310744967906,6,5.197778682224675,0.8187870904340973,6,2.828108616736353,0.42268411714403226,6,,,0,,,0,,,0,,,0,,,0,,,0,,,0,,,0,,,0,,,0,,,0,,,0
Log-relative transfer,29400,0.98,Late (20-30k),6,0.27916666492819786,0.0650854108019578,6,0.1405966654419899,0.02751555828587748,6,4000.0,0.0,6,0.021358612614373367,0.0032669300366595317,6,0.8259708519483752,0.15980567084644537,6,0.4270833333333333,0.027559909490256152,6,0.5729166666666666,0.027559909490256152,6,0.5729166666666666,0.03578242507774514,6,5.8738716216069164,0.6853104943007509,6,3.0205232936287003,0.3518881550286737,6,,,0,,,0,,,0,,,0,,,0,,,0,,,0,,,0,,,0,,,0,,,0,,,0
Log-relative transfer,29600,0.9866666666666667,Late (20-30k),6,0.32083334773778915,0.09313222925521437,6,0.15736332101126513,0.04801055105786318,6,4000.0,0.0,6,0.022362395888194442,0.003816111121237073,6,0.8967914469905414,0.2107558000670062,6,0.3541666666666667,0.01743041721945991,6,0.6458333333333334,0.01743041721945991,6,0.6302083333333334,0.018778912893041615,6,4.464063158689521,0.24859286659811472,6,2.434917044072184,0.12404820603070625,6,,,0,,,0,,,0,,,0,,,0,,,0,,,0,,,0,,,0,,,0,,,0,,,0
Log-relative transfer,29800,0.9933333333333333,Late (20-30k),6,0.2750000037873785,0.07739239946378848,6,0.14032249075050154,0.041918220615066705,6,4000.0,0.0,6,0.021616322919726372,0.004002014835845345,6,0.8749211272940144,0.2273873841953414,6,0.3541666666666667,0.01920738428602685,6,0.6458333333333334,0.01920738428602685,6,0.6510416666666666,0.024760134008343156,6,4.318588380820379,0.36768649434626177,6,2.328742415470579,0.165564032407944,6,,,0,,,0,,,0,,,0,,,0,,,0,,,0,,,0,,,0,,,0,,,0,,,0
Log-relative transfer,30000,1.0,Late (20-30k),6,0.24166666467984518,0.07343269555629045,6,0.12410416329900424,0.04288725133380699,6,4000.0,0.0,6,0.028123022949633498,0.0043608790087363725,6,1.0716337811665448,0.15539964902790737,6,0.4739583333333333,0.024760134008343156,6,0.5260416666666666,0.024760134008343156,6,0.53125,0.019764235376052375,6,6.9369670312698135,0.5581398701034451,6,3.405790136334133,0.2356993199523717,6,0.4739583333333333,0.024760134008343156,6,0.15188569701596996,0.004576936314666416,6,0.18436438184741352,0.0014416416090118087,6,23.416666666666668,0.21449229460389582,6,0.138560157790927,0.0012691851751709833,6,1.0,0.0,6,9.338541666666666,0.7888553427188735,6,8.838541666666666,0.7981267401877837,6,1.0815363455988456,0.0558814522147844,6,0.9945662578260377,0.0033356104392659167,6,0.02128136762932645,0.001060773702905229,6,0.8167317910723564,0.002749581425179675,6
MaxMC,200,0.006666666666666667,Early (0-10k),6,0.0,0.0,6,0.0,0.0,6,2949.3333333333335,55.06521386299866,6,,,0,,,0,0.4166666666666667,0.015450413514782635,6,0.5833333333333334,0.015450413514782635,6,0.578125,0.023867581744561668,6,5.638519879039014,0.4119903191518457,6,2.9009446349024373,0.20927689044235784,6,,,0,,,0,,,0,,,0,,,0,,,0,,,0,,,0,,,0,,,0,,,0,,,0
MaxMC,400,0.013333333333333334,Early (0-10k),6,0.008333333457509676,0.0026352314227416577,6,0.0028358331182971597,0.0009737328214480719,6,4000.0,0.0,6,0.4531164231399695,0.008897341354940908,6,0.5678168900968429,0.008832508509952276,3,0.4010416666666667,0.018778912893041615,6,0.5989583333333334,0.018778912893041615,6,0.5989583333333334,0.023408546931504414,6,5.287499139345845,0.44786617490760267,6,2.7291355749592774,0.21217393552269187,6,,,0,,,0,,,0,,,0,,,0,,,0,,,0,,,0,,,0,,,0,,,0,,,0
MaxMC,600,0.02,Early (0-10k),6,0.037500000869234405,0.004564354713890574,6,0.012547499189774195,0.0012937946162814738,6,4000.0,0.0,6,0.349323533475399,0.0047926277606695055,6,0.5025510381883215,0.015127518287961404,3,0.4166666666666667,0.026352313834736494,6,0.5833333333333334,0.0263523138347365,6,0.5885416666666666,0.03367339557342628,6,5.630059875211818,0.7055192611957595,6,2.88341490279471,0.32181375336473,6,,,0,,,0,,,0,,,0,,,0,,,0,,,0,,,0,,,0,,,0,,,0,,,0
MaxMC,800,0.02666666666666667,Early (0-10k),6,0.05000000214204192,0.01767767042967452,6,0.02604499994777143,0.010151518236810406,6,4000.0,0.0,6,0.26216749226053554,0.010100171995560058,6,0.42303812010435,0.031861598533844314,3,0.3802083333333333,0.04801846071506713,6,0.6197916666666666,0.04801846071506713,6,0.609375,0.04756437523679531,6,5.228384194119582,1.0216232371577285,6,2.782140750915532,0.4404268292730044,6,,,0,,,0,,,0,,,0,,,0,,,0,,,0,,,0,,,0,,,0,,,0,,,0
MaxMC,1000,0.03333333333333333,Early (0-10k),6,0.09791666843617956,0.019742263633966993,6,0.04579916433431208,0.01003596548337555,6,4000.0,0.0,6,0.25353971868753433,0.022294877347490163,6,0.3738636026405715,0.0217162802264105,3,0.3645833333333333,0.036680868461789605,6,0.6354166666666666,0.03668086846178961,6,0.640625,0.02991959711738557,6,4.617341163261215,0.5849209359988233,6,2.430060968609294,0.21276506814093427,6,0.3645833333333333,0.036680868461789605,6,0.12479520582808422,0.00880377605010759,6,0.18632478632478633,0.0023960866745409213,6,23.578125,0.28558579234910597,6,0.1395155325443787,0.0016898567594621616,6,1.0,0.0,6,9.958333333333334,1.1118638942984185,6,9.125,1.0241231005108713,6,1.0952546296296297,0.0446150756198525,6,0.9995719043494097,0.00018375730494235215,6,0.017441277491189695,0.00311712412248617,6,0.8100708269598155,0.0066951333947660565,6
MaxMC,1200,0.04,Early (0-10k),6,0.08958333482344945,0.007511565570500536,6,0.04258083055416743,0.005387621917774739,6,4000.0,0.0,6,0.231409785648187,0.022932687958486617,6,0.47271305394115365,0.09411073546034521,3,0.3697916666666667,0.02955471033148148,6,0.6302083333333334,0.02955471033148148,6,0.6614583333333334,0.02955471033148148,6,4.396127434147187,0.5797916378425346,6,2.299761358224585,0.22699648545202097,6,,,0,,,0,,,0,,,0,,,0,,,0,,,0,,,0,,,0,,,0,,,0,,,0
MaxMC,1400,0.04666666666666667,Early (0-10k),6,0.09375000077610214,0.01789727659578565,6,0.04525500014036273,0.010016915556190564,6,4000.0,0.0,6,0.19067378590504327,0.019415460923375455,6,0.5588150947646788,0.10769483667260175,3,0.3385416666666667,0.0219739824059677,6,0.6614583333333334,0.0219739824059677,6,0.6614583333333334,0.020438975906613113,6,4.084685484113613,0.3082490423579933,6,2.2401454279525512,0.11827310892518061,6,,,0,,,0,,,0,,,0,,,0,,,0,,,0,,,0,,,0,,,0,,,0,,,0
MaxMC,1600,0.05333333333333334,Early (0-10k),6,0.10625000298023224,0.015394129523548529,6,0.05314999880890051,0.012048535115947306,6,4000.0,0.0,6,0.21311237663030624,0.019675545173594218,6,0.6546127774041824,0.06160297828563952,3,0.375,0.02795084971874737,6,0.625,0.02795084971874737,6,0.6145833333333334,0.03294039229342062,6,4.855876337876619,0.48979099943928345,6,2.5981652403063578,0.23245373943708825,6,,,0,,,0,,,0,,,0,,,0,,,0,,,0,,,0,,,0,,,0,,,0,,,0
MaxMC,1800,0.06,Early (0-10k),6,0.13541666946063438,0.030519234919185338,6,0.07173416476386289,0.01606259746094653,6,4000.0,0.0,6,0.14631741245587668,0.020969973180127825,6,0.5624759862147773,0.11602570347552825,3,0.3645833333333333,0.05392574627310327,6,0.6354166666666666,0.05392574627310327,6,0.6354166666666666,0.05145453764678528,6,4.953633530000805,1.0519164908708716,6,2.6310103742785045,0.45957098086456183,6,,,0,,,0,,,0,,,0,,,0,,,0,,,0,,,0,,,0,,,0,,,0,,,0
MaxMC,2000,0.06666666666666667,Early (0-10k),6,0.18333334227403006,0.02204793097147079,6,0.08488832786679268,0.011693925271702592,6,4000.0,0.0,6,0.1903837869564692,0.028410977262071438,6,0.6478385903720447,0.15846559162423934,3,0.359375,0.026455052290000614,6,0.640625,0.026455052290000614,6,0.625,0.03125,6,4.672826940891319,0.5056236937843437,6,2.5245282800327495,0.2092799910568591,6,0.359375,0.026455052290000614,6,0.13004032258064516,0.008962860432535018,6,0.18872153487538104,0.0014354917945698042,6,23.661458333333332,0.10625510608645801,6,0.1400086291913215,0.000628728438381407,6,1.0,0.0,6,10.604166666666666,0.7741202443921603,6,10.4375,0.7740081018094492,6,1.019476356976357,0.007229790938571057,6,0.9984928384405514,0.0006904492856457106,6,0.02448814379322563,0.004115055757052243,6,0.8153554791638956,0.0030717680944308875,6
MaxMC,2200,0.07333333333333333,Early (0-10k),6,0.1791666733721892,0.03530620224344854,6,0.08115666421751182,0.01402752981373022,6,4000.0,0.0,6,0.17835863182942072,0.027418656501463502,6,0.6400324025979783,0.16082616818433246,3,0.3958333333333333,0.026352313834736494,6,0.6041666666666666,0.0263523138347365,6,0.5572916666666666,0.039870123352092994,6,5.662306279402247,0.7051585024248496,6,3.1158945952164063,0.4020297319848179,6,,,0,,,0,,,0,,,0,,,0,,,0,,,0,,,0,,,0,,,0,,,0,,,0
MaxMC,2400,0.08,Early (0-10k),6,0.22500000521540642,0.04862698534125734,6,0.11699250030020873,0.022975528551116255,6,4000.0,0.0,6,0.1995936930179596,0.029236434639358273,6,0.7647663002153916,0.1262382020796331,3,0.3854166666666667,0.027559909490256152,6,0.6145833333333334,0.027559909490256156,6,0.578125,0.02519455546343297,6,5.355570323261548,0.49358507686717945,6,2.8702622084280986,0.20704497714650727,6,,,0,,,0,,,0,,,0,,,0,,,0,,,0,,,0,,,0,,,0,,,0,,,0
MaxMC,2600,0.08666666666666667,Early (0-10k),6,0.16666666666666666,0.026549219928752425,6,0.08365666555861632,0.01572472598419486,6,4000.0,0.0,6,0.23809637129306793,0.03857433851451209,6,0.7850640456170607,0.3081319607441492,3,0.4270833333333333,0.030900827029565262,6,0.5729166666666666,0.03090082702956527,6,0.5625,0.030190368221228,6,6.072624491941252,0.6902741049964416,6,3.104774226627684,0.3062840505041966,6,,,0,,,0,,,0,,,0,,,0,,,0,,,0,,,0,,,0,,,0,,,0,,,0
MaxMC,2800,0.09333333333333334,Early (0-10k),6,0.2083333358168602,0.012360333089001458,6,0.10786333431800206,0.007673388289709946,6,4000.0,0.0,6,0.2042019640405973,0.04232512815279005,6,0.6691889304079582,0.2657306239985674,3,0.3541666666666667,0.042440726640548675,6,0.6458333333333334,0.042440726640548675,6,0.6458333333333334,0.04952026801668631,6,4.587693412317562,0.8007088456883679,6,2.4849211423214848,0.34601863083357853,6,,,0,,,0,,,0,,,0,,,0,,,0,,,0,,,0,,,0,,,0,,,0,,,0
MaxMC,3000,0.1,Early (0-10k),6,0.2166666661699613,0.03868498008570777,6,0.10096416498223941,0.013025320821756125,6,4000.0,0.0,6,0.19909230122963587,0.029594044087976702,6,0.6288503825527997,0.07042588656899548,3,0.4010416666666667,0.042248541230569266,6,0.5989583333333334,0.04224854123056927,6,0.59375,0.04841229182759271,6,5.627897606423019,0.8254567321963885,6,2.9084959466476428,0.3506153144478172,6,0.4010416666666667,0.042248541230569266,6,0.13572485207100593,0.013405068936893843,6,0.18724171128017283,0.0020694354763266293,6,23.291666666666668,0.4048587287903989,6,0.13782051282051283,0.002395613779824845,6,1.0,0.0,6,9.953125,1.1500325516226342,6,9.776041666666666,1.1639500551582005,6,1.0232051224238725,0.004993430908176571,6,0.9993214082822309,0.0002014893897612767,6,0.02546336798962055,0.0016332727837842147,6,0.8164239244987305,0.005134634337699794,6
MaxMC,3200,0.10666666666666667,Early (0-10k),6,0.18125000099341074,0.030233464625713222,6,0.08853499653438728,0.013411514713869045,6,4000.0,0.0,6,0.30037420491377514,0.015315298375586166,6,1.121535504605357,0.11240101587130996,3,0.3802083333333333,0.01877891289304161,6,0.6197916666666666,0.018778912893041615,6,0.609375,0.026455052290000614,6,4.972276537863374,0.43779775416429767,6,2.638700988950236,0.22015024421950283,6,,,0,,,0,,,0,,,0,,,0,,,0,,,0,,,0,,,0,,,0,,,0,,,0
MaxMC,3400,0.11333333333333333,Early (0-10k),6,0.18333333979050317,0.036467262525658635,6,0.09728583258887132,0.022389020028649426,6,4000.0,0.0,6,0.16103311628103256,0.02557485522608438,6,0.6688647416978412,0.16007934491838294,3,0.3645833333333333,0.03294039229342062,6,0.6354166666666666,0.03294039229342062,6,0.6354166666666666,0.025086655372483953,6,4.628619425739481,0.47575874676591184,6,2.445424404060714,0.17998381371201133,6,,,0,,,0,,,0,,,0,,,0,,,0,,,0,,,0,,,0,,,0,,,0,,,0
MaxMC,3600,0.12,Early (0-10k),6,0.17291667188207308,0.02876207666947084,6,0.09349166353543599,0.01598530708519156,6,4000.0,0.0,6,0.19418860971927643,0.023011696069014986,6,0.8131096789770206,0.12545740231149738,3,0.34375,0.03952847075210475,6,0.65625,0.03952847075210475,6,0.65625,0.03125,6,4.319584948281936,0.5574610508035842,6,2.3214772770292433,0.20376265789588324,6,,,0,,,0,,,0,,,0,,,0,,,0,,,0,,,0,,,0,,,0,,,0,,,0
MaxMC,3800,0.12666666666666668,Early (0-10k),6,0.19583333656191826,0.028987545311025556,6,0.09458333067595959,0.010989463609155871,6,4000.0,0.0,6,0.16809238493442535,0.031637898855642686,6,0.8508497900318165,0.18012468792801403,3,0.3385416666666667,0.041470894244571635,6,0.6614583333333334,0.041470894244571635,6,0.6614583333333334,0.035554267012241694,6,4.244609780598479,0.5869244836960686,6,2.2983908995917144,0.21778881138360948,6,,,0,,,0,,,0,,,0,,,0,,,0,,,0,,,0,,,0,,,0,,,0,,,0
MaxMC,4000,0.13333333333333333,Early (0-10k),6,0.2041666687776645,0.03800584762038281,6,0.10878166276961565,0.02159283682157392,6,4000.0,0.0,6,0.2534072721997897,0.02214434772612831,6,0.9811278975608562,0.2048098090410563,3,0.375,0.03784562942621865,6,0.625,0.03784562942621865,6,0.640625,0.03675474742578615,6,4.733947254953116,0.6809976933325527,6,2.4660669805686646,0.2611767751268501,6,0.375,0.03784562942621865,6,0.12406351402939492,0.009703739791666837,6,0.18855044528121448,0.002882598375348514,6,23.421875,0.34277798177780716,6,0.13859097633136094,0.002028272081525488,6,1.0,0.0,6,10.78125,1.1713818406765006,6,9.65625,1.039142775721091,6,1.154444745069745,0.08287338067536217,6,0.998894360334277,0.0006407851612854765,6,0.025431558392754655,0.00308418661507656,6,0.8082880678717483,0.003807760117074829,6
MaxMC,4200,0.14,Early (0-10k),6,0.18125000099341074,0.035758158376158776,6,0.09092749655246735,0.01994342606483156,6,4000.0,0.0,6,0.2216497336824735,0.030108585792011863,6,0.6478399289366396,0.12349625150376631,3,0.3645833333333333,0.04166666666666667,6,0.6354166666666666,0.04166666666666667,6,0.6302083333333334,0.044500019506862144,6,4.858736068714916,0.8245596272035659,6,2.595145861462679,0.3650005092384596,6,,,0,,,0,,,0,,,0,,,0,,,0,,,0,,,0,,,0,,,0,,,0,,,0
MaxMC,4400,0.14666666666666667,Early (0-10k),6,0.21458333637565374,0.05704682637736569,6,0.11807332746684551,0.03237331662647052,6,4000.0,0.0,6,0.1750622863570849,0.025154947785539946,6,0.7167795210574406,0.15619541939147924,3,0.34375,0.024206145913796356,6,0.65625,0.024206145913796356,6,0.640625,0.022462352763383153,6,4.370079478075318,0.3933000568720706,6,2.384875721632709,0.15255968870956915,6,,,0,,,0,,,0,,,0,,,0,,,0,,,0,,,0,,,0,,,0,,,0,,,0
MaxMC,4600,0.15333333333333332,Early (0-10k),6,0.23125000670552254,0.05615733376597172,6,0.12330249759058158,0.03120047940133875,6,4000.0,0.0,6,0.15966514497995377,0.03298424656511545,6,0.6196723451713236,0.18738052179419687,3,0.375,0.03423265984407289,6,0.625,0.03423265984407289,6,0.6145833333333334,0.040073716795148644,6,5.012707933010135,0.7004502330753305,6,2.6707918113145896,0.31161292805110047,6,,,0,,,0,,,0,,,0,,,0,,,0,,,0,,,0,,,0,,,0,,,0,,,0
MaxMC,4800,0.16,Early (0-10k),6,0.18125000099341074,0.034573289631671576,6,0.09680749910573165,0.018781651941436175,6,4000.0,0.0,6,0.17859606444835663,0.026571776142083184,6,0.701925330117191,0.20236404502350264,3,0.3697916666666667,0.027263025683963337,6,0.6302083333333334,0.027263025683963337,6,0.6041666666666666,0.039253007669618284,6,4.98323897487128,0.6296371044756417,6,2.7335346878039535,0.3557200265541084,6,,,0,,,0,,,0,,,0,,,0,,,0,,,0,,,0,,,0,,,0,,,0,,,0
MaxMC,5000,0.16666666666666666,Early (0-10k),6,0.2666666756073634,0.04783507743479151,6,0.13831165681282678,0.02463254435843658,6,4000.0,0.0,6,0.1638450026512146,0.02547039930829395,6,0.7733070761843567,0.11585024537011966,3,0.3645833333333333,0.04818763960925158,6,0.6354166666666666,0.04818763960925158,6,0.6145833333333334,0.03755782578608322,6,4.917039805265279,0.7652380941520643,6,2.635298295017121,0.29654879618929575,6,0.3645833333333333,0.04818763960925158,6,0.13158522618820387,0.009815110210655951,6,0.19110234816813307,0.0031817353870153106,6,23.302083333333332,0.23001736045592538,6,0.13788214990138067,0.001361049470153408,6,1.0,0.0,6,11.817708333333334,1.2682885210272326,6,9.734375,0.6425023305729457,6,1.195687660140785,0.08931539722955385,6,0.9968253576344592,0.0016026417041300402,6,0.022440948124937982,0.0025451243678907354,6,0.8109102729180782,0.008615983963386949,6
MaxMC,5200,0.17333333333333334,Early (0-10k),6,0.23541667188207308,0.05462149011371028,6,0.12609666554878154,0.026440787449747052,6,4000.0,0.0,6,0.18143723408381143,0.02899266633142363,6,0.7656561834987814,0.22017400466344977,3,0.3385416666666667,0.02043897590661311,6,0.6614583333333334,0.020438975906613113,6,0.671875,0.02519455546343297,6,4.0066872670834295,0.343885681212861,6,2.1928824108394287,0.14248727706951955,6,,,0,,,0,,,0,,,0,,,0,,,0,,,0,,,0,,,0,,,0,,,0,,,0
MaxMC,5400,0.18,Early (0-10k),6,0.2208333301047484,0.05493050706612185,6,0.11431832859913509,0.023864433140585086,6,4000.0,0.0,6,0.17000049352645874,0.028951288468372992,6,0.9196238548995659,0.17028754367849888,3,0.359375,0.026455052290000614,6,0.640625,0.026455052290000614,6,0.640625,0.037629983058725926,6,4.544193451769812,0.6041097052735149,6,2.458730002391627,0.28671440891915756,6,,,0,,,0,,,0,,,0,,,0,,,0,,,0,,,0,,,0,,,0,,,0,,,0
MaxMC,5600,0.18666666666666668,Early (0-10k),6,0.2562499977648258,0.04302978393698989,6,0.12738499728341898,0.023009584186653928,6,4000.0,0.0,6,0.16946779191493988,0.02312783489601505,6,0.7809759299500083,0.14501828823729337,3,0.375,0.018042195912175808,6,0.625,0.018042195912175808,6,0.625,0.022821773229381923,6,4.768395451471189,0.37856322537195247,6,2.5104594810528718,0.1600366353798057,6,,,0,,,0,,,0,,,0,,,0,,,0,,,0,,,0,,,0,,,0,,,0,,,0
MaxMC,5800,0.19333333333333333,Early (0-10k),6,0.21041667213042578,0.042256247275711305,6,0.11017916227380435,0.020812671301438383,6,4000.0,0.0,6,0.2032935693860054,0.022466966518552896,6,0.9648100707472625,0.2247727793582133,3,0.3854166666666667,0.02234126103075752,6,0.6145833333333334,0.022341261030757523,6,0.609375,0.02765816259864949,6,5.01930326674888,0.44330611352783794,6,2.6404928510119547,0.20032557903830428,6,,,0,,,0,,,0,,,0,,,0,,,0,,,0,,,0,,,0,,,0,,,0,,,0
MaxMC,6000,0.2,Early (0-10k),6,0.1562500006208817,0.02695482360974549,6,0.08624499943107367,0.0153917009536296,6,4000.0,0.0,6,0.18534819533427557,0.015878043558538044,6,0.8061664333087527,0.1338773919748438,3,0.3333333333333333,0.04320091948609942,6,0.6666666666666666,0.043200919486099415,6,0.6510416666666666,0.044500019506862144,6,4.382425541950446,0.6772425556990718,6,2.4023812603550527,0.2720997086614615,6,0.3333333333333333,0.04320091948609942,6,0.12222036648215308,0.013466825887638957,6,0.19188838774637593,0.0013792379405127171,6,23.322916666666668,0.3059380497384688,6,0.1380054240631164,0.0018102843179791076,6,1.0,0.0,6,11.0,1.3186364485078266,6,9.71875,0.5684293968178166,6,1.1364583333333333,0.10783689179182017,6,0.9967908668898134,0.0017884001769574926,6,0.022181594616704495,0.0022961946149577133,6,0.8192673471658605,0.005953133488179801,6
MaxMC,6200,0.20666666666666667,Early (0-10k),6,0.22083333041518927,0.06379219666339264,6,0.10452332844336827,0.02850309499766101,6,4000.0,0.0,6,0.19790095587571463,0.03299989431575528,6,0.6562108530717593,0.14492179531508464,3,0.3854166666666667,0.039253007669618284,6,0.6145833333333334,0.03925300766961828,6,0.6145833333333334,0.04681709386300882,6,5.213288141508059,0.8183007758486704,6,2.7319441157673885,0.36184987479309844,6,,,0,,,0,,,0,,,0,,,0,,,0,,,0,,,0,,,0,,,0,,,0,,,0
MaxMC,6400,0.21333333333333335,Early (0-10k),6,0.18124999850988388,0.018470132910724624,6,0.10114249773323536,0.013157830401064838,6,4000.0,0.0,6,0.1736952563126882,0.01915563152764094,6,0.8339739827441076,0.15641345693751238,3,0.328125,0.028811076429040273,6,0.671875,0.028811076429040273,6,0.6927083333333334,0.03063633577052655,6,3.809852522644921,0.44034029917006756,6,2.092581000584961,0.17141422062413156,6,,,0,,,0,,,0,,,0,,,0,,,0,,,0,,,0,,,0,,,0,,,0,,,0
MaxMC,6600,0.22,Early (0-10k),6,0.19166667138536772,0.0333333328055839,6,0.1097516647229592,0.01956731389495648,6,4000.0,0.0,6,0.11600938439369202,0.006603824759006141,6,0.47491647594188846,0.032166258153460234,3,0.4114583333333333,0.03367339557342628,6,0.5885416666666666,0.03367339557342628,6,0.5989583333333334,0.03168105484530323,6,5.503888714574367,0.7416643442429303,6,2.7919770088231286,0.3051755161121815,6,,,0,,,0,,,0,,,0,,,0,,,0,,,0,,,0,,,0,,,0,,,0,,,0
MaxMC,6800,0.22666666666666666,Early (0-10k),6,0.17708332960804304,0.051378564358364257,6,0.09747833292931318,0.028939071896554213,6,4000.0,0.0,6,0.19621063272158304,0.0281921925780052,6,1.0159114332149974,0.2493794804034892,3,0.359375,0.03202172114362375,6,0.640625,0.03202172114362375,6,0.6302083333333334,0.03645833333333334,6,4.667855804966879,0.6008863762237642,6,2.518796183423918,0.2585408365860337,6,,,0,,,0,,,0,,,0,,,0,,,0,,,0,,,0,,,0,,,0,,,0,,,0
MaxMC,7000,0.23333333333333334,Early (0-10k),6,0.23541666520759463,0.06947846057207706,6,0.11795916028010349,0.03770445944914722,6,4000.0,0.0,6,0.17485237369934717,0.016852109618760137,6,0.8375928262368895,0.04614872929284628,3,0.4010416666666667,0.039870123352092994,6,0.5989583333333334,0.039870123352092994,6,0.5989583333333334,0.03645833333333334,6,5.43703879881273,0.7100900779617096,6,2.7896252724645154,0.27774273190859705,6,0.4010416666666667,0.039870123352092994,6,0.13516216517147037,0.010706140227966602,6,0.18408060956137876,0.0018221557529882115,6,23.494791666666668,0.31243923020236186,6,0.1390224358974359,0.0018487528414340949,6,1.0,0.0,6,11.026041666666666,0.9467397684876829,6,10.515625,0.9099690213362578,6,1.0514708960021462,0.02611804355340729,6,0.9989248299632139,0.0003346659488293039,6,0.021266067205640237,0.001891477239312639,6,0.8021553632423286,0.007652316925065481,6
MaxMC,7200,0.24,Early (0-10k),6,0.20624999950329462,0.03760402095476744,6,0.10623749593893687,0.01920194958005761,6,4000.0,0.0,6,0.18374818315108618,0.02865166812646943,6,0.6038313819282045,0.14538689323460183,3,0.3802083333333333,0.01695710478760386,6,0.6197916666666666,0.01695710478760386,6,0.6197916666666666,0.020438975906613113,6,4.825759059127927,0.3309468197524137,6,2.537724781864553,0.1505719696698103,6,,,0,,,0,,,0,,,0,,,0,,,0,,,0,,,0,,,0,,,0,,,0,,,0
MaxMC,7400,0.24666666666666667,Early (0-10k),6,0.3333333383003871,0.058243983688988636,6,0.166420828551054,0.03131658646374179,6,4000.0,0.0,6,0.16171097258726755,0.03058522070418191,6,0.8372533441302102,0.2583736043078169,3,0.4270833333333333,0.03925300766961828,6,0.5729166666666666,0.03925300766961828,6,0.5572916666666666,0.043762399036666684,6,6.198661317481097,0.9485715032429852,6,3.2575933971284403,0.5163755143311851,6,,,0,,,0,,,0,,,0,,,0,,,0,,,0,,,0,,,0,,,0,,,0,,,0
MaxMC,7600,0.25333333333333335,Early (0-10k),6,0.21458333730697632,0.022457520118987225,6,0.11523082976539929,0.01504113596093662,6,4000.0,0.0,6,0.13150362422068915,0.014282812797289919,6,0.6799925027013266,0.09730413578550284,3,0.40625,0.03125,6,0.59375,0.03125,6,0.5677083333333334,0.020438975906613113,6,5.702648435844384,0.5549186883172014,6,2.9757163361280834,0.20727420778016564,6,,,0,,,0,,,0,,,0,,,0,,,0,,,0,,,0,,,0,,,0,,,0,,,0
MaxMC,7800,0.26,Early (0-10k),6,0.27291667461395264,0.05385326512023025,6,0.14618916437029839,0.022946606357112646,6,4000.0,0.0,6,0.15892372032006583,0.02286821413349767,6,0.5878981376705589,0.11266123627666434,3,0.359375,0.037629983058725926,6,0.640625,0.037629983058725926,6,0.6197916666666666,0.04801846071506712,6,4.837980958419955,0.6510869066392584,6,2.629094768810334,0.2861305054882533,6,,,0,,,0,,,0,,,0,,,0,,,0,,,0,,,0,,,0,,,0,,,0,,,0
MaxMC,8000,0.26666666666666666,Early (0-10k),6,0.2708333469927311,0.05027701447230497,6,0.14754833032687506,0.025605402313137647,6,4000.0,0.0,6,0.1309612194697062,0.021649490034703,6,0.445834067807303,0.025236899645740336,3,0.3958333333333333,0.01743041721945991,6,0.6041666666666666,0.01743041721945991,6,0.5885416666666666,0.027263025683963337,6,5.344280536788507,0.49184118144796796,6,2.8200536578770943,0.2624433292253373,6,0.3958333333333333,0.01743041721945991,6,0.13538684227269837,0.00604500696936206,6,0.18649191045640748,0.0015547047960467366,6,22.958333333333332,0.4482798914864587,6,0.1358481262327416,0.0026525437366062637,6,1.0,0.0,6,7.885416666666667,0.4137659446407406,6,7.760416666666667,0.44646081232785084,6,1.0158110119047619,0.0068384884662319465,6,0.9882045632546336,0.011494769705482407,6,0.01771276977680652,0.0016871507893211541,6,0.813532018367371,0.006210324306563604,6
MaxMC,8200,0.2733333333333333,Early (0-10k),6,0.24166667213042578,0.04228704843259346,6,0.13836916536092758,0.025196489727071395,6,4000.0,0.0,6,0.12443012247482936,0.01896034884489591,6,0.605271625219186,0.0534472957242752,3,0.3333333333333333,0.03925300766961828,6,0.6666666666666666,0.03925300766961828,6,0.6770833333333334,0.04394796481193539,6,4.141843720954403,0.7160937760755218,6,2.255197672986601,0.2899254671896362,6,,,0,,,0,,,0,,,0,,,0,,,0,,,0,,,0,,,0,,,0,,,0,,,0
MaxMC,8400,0.28,Early (0-10k),6,0.27916667362054187,0.03814264389502025,6,0.13868415976564089,0.01767062009217046,6,4000.0,0.0,6,0.14193841069936752,0.03675271690246727,6,0.5086405193093071,0.06254714151640901,3,0.34375,0.041142536787773965,6,0.65625,0.041142536787773965,6,0.6458333333333334,0.04007371679514864,6,4.442234225373963,0.6594398013488755,6,2.426579755377348,0.28825127204099826,6,,,0,,,0,,,0,,,0,,,0,,,0,,,0,,,0,,,0,,,0,,,0,,,0
MaxMC,8600,0.2866666666666667,Early (0-10k),6,0.22500000397364298,0.020155644555572616,6,0.11661749954024951,0.00942965905489902,6,4000.0,0.0,6,0.13181544343630472,0.021520284632076527,6,0.672006221290887,0.21588942842238878,3,0.390625,0.03848531917064826,6,0.609375,0.03848531917064826,6,0.5885416666666666,0.03734051735194775,6,5.365445465217043,0.7003330179997042,6,2.8456885099242104,0.288950562167273,6,,,0,,,0,,,0,,,0,,,0,,,0,,,0,,,0,,,0,,,0,,,0,,,0
MaxMC,8800,0.29333333333333333,Early (0-10k),6,0.26875000447034836,0.029002517534227366,6,0.13786749417583147,0.010547071150039422,6,4000.0,0.0,6,0.19070030748844147,0.03445206898239912,6,0.8536541208674766,0.1933012403582615,3,0.375,0.013975424859373685,6,0.625,0.013975424859373685,6,0.5989583333333334,0.023408546931504414,6,4.955758111805334,0.34318408706754117,6,2.6828839319037368,0.1840855391963801,6,,,0,,,0,,,0,,,0,,,0,,,0,,,0,,,0,,,0,,,0,,,0,,,0
MaxMC,9000,0.3,Early (0-10k),6,0.2916666641831398,0.04826863770560305,6,0.14864167074362436,0.036312356332414655,6,4000.0,0.0,6,0.17180407295624414,0.031099315820966953,6,0.9675423026009318,0.29470878693107005,3,0.3489583333333333,0.021973982405967693,6,0.6510416666666666,0.0219739824059677,6,0.625,0.026760901205552357,6,4.473757530204582,0.3596280845002471,6,2.477537075263104,0.16971740224825912,6,0.3489583333333333,0.021973982405967693,6,0.12788302475027039,0.006579500633275778,6,0.1871128159589698,0.0010603858599607017,6,23.364583333333332,0.21795490422970018,6,0.1382519723865878,0.0012896739895248506,6,1.0,0.0,6,11.333333333333334,1.0020703394860953,6,10.927083333333334,1.1521228896162847,6,1.0773726851851853,0.0412481066666541,6,0.9960940303337521,0.0011325244652552534,6,0.025267611323814058,0.0012763168621776045,6,0.8187914556367001,0.007734036688215686,6
MaxMC,9200,0.30666666666666664,Early (0-10k),6,0.28958333532015484,0.057772603315891395,6,0.14363332837820053,0.03195696421477689,6,4000.0,0.0,6,0.1404222697019577,0.022167530334925262,6,0.6441425780268634,0.05671562619789814,3,0.3697916666666667,0.028431966799908715,6,0.6302083333333334,0.028431966799908715,6,0.6145833333333334,0.020833333333333336,6,4.813382470674303,0.41906685094578416,6,2.5687781698350696,0.15851214867891997,6,,,0,,,0,,,0,,,0,,,0,,,0,,,0,,,0,,,0,,,0,,,0,,,0
MaxMC,9400,0.31333333333333335,Early (0-10k),6,0.28541666517655057,0.05989718777396739,6,0.15088165923953056,0.030981162897048057,6,4000.0,0.0,6,0.1692661295334498,0.03364221758575275,6,0.6966951309560244,0.07100980582906823,3,0.3958333333333333,0.03755782578608322,6,0.6041666666666666,0.03755782578608323,6,0.5885416666666666,0.03820233504352552,6,5.515992558488203,0.790245398807363,6,2.8934150935442933,0.3441718867734238,6,,,0,,,0,,,0,,,0,,,0,,,0,,,0,,,0,,,0,,,0,,,0,,,0
MaxMC,9600,0.32,Early (0-10k),6,0.2916666716337204,0.05697831835804017,6,0.1360266568760077,0.028881535960797615,6,4000.0,0.0,6,0.15620360026756921,0.02649799821269478,6,0.7766631058134013,0.059115360480853626,3,0.3645833333333333,0.04087795181322622,6,0.6354166666666666,0.040877951813226225,6,0.6302083333333334,0.028431966799908715,6,4.7126634623686945,0.7079272799024325,6,2.5023231244330835,0.26434464175054956,6,,,0,,,0,,,0,,,0,,,0,,,0,,,0,,,0,,,0,,,0,,,0,,,0
MaxMC,9800,0.32666666666666666,Early (0-10k),6,0.31874999900658924,0.02009094001250994,6,0.14930249253908792,0.012134303840673835,6,4000.0,0.0,6,0.21892805645863214,0.033611676173625565,6,0.79247834136157,0.14416724821123575,3,0.3854166666666667,0.051454537646785294,6,0.6145833333333334,0.051454537646785294,6,0.609375,0.06024580725383856,6,5.458254118691058,1.0561779587791507,6,2.889490242974342,0.48393834473724767,6,,,0,,,0,,,0,,,0,,,0,,,0,,,0,,,0,,,0,,,0,,,0,,,0
MaxMC,10000,0.3333333333333333,Early (0-10k),6,0.33958334227403003,0.043231056710179405,6,0.16664832333723703,0.01305871327941305,6,4000.0,0.0,6,0.1594675158460935,0.01702580738323193,6,0.8712645261276108,0.17170669067399108,3,0.3958333333333333,0.020833333333333336,6,0.6041666666666666,0.020833333333333336,6,0.5625,0.011410886614690962,6,5.5414084190838935,0.30053894010231796,6,2.958557357072484,0.10618654411582908,6,0.3958333333333333,0.020833333333333336,6,0.14451708341286507,0.004042141532803978,6,0.19015184355421036,0.00257348029409061,6,23.34375,0.3476108935769035,6,0.13812869822485208,0.0020568691927627457,6,1.0,0.0,6,9.854166666666666,0.6015749006658366,6,9.604166666666666,0.5004338395610131,6,1.0247767857142855,0.016469019662109625,6,0.9990085853559925,0.0005966893742733738,6,0.02347926996726943,0.0036377295370080315,6,0.8152082780685367,0.0033757021299045398,6
MaxMC,10200,0.34,Middle (10-20k),6,0.3125000074505806,0.043898554333406524,6,0.15889999642968178,0.024308961798750403,6,4000.0,0.0,6,0.12213880817095439,0.015122396029528083,6,0.5603128675146481,0.09688050950328977,3,0.4010416666666667,0.03645833333333334,6,0.5989583333333334,0.03645833333333334,6,0.6041666666666666,0.03294039229342062,6,5.380619162022035,0.7975750574727308,6,2.7562789726967067,0.32729656576813965,6,,,0,,,0,,,0,,,0,,,0,,,0,,,0,,,0,,,0,,,0,,,0,,,0
MaxMC,10400,0.3466666666666667,Middle (10-20k),6,0.2000000054637591,0.030448045134994044,6,0.10451749836405118,0.020603630197320654,6,4000.0,0.0,6,0.15416713307301202,0.03240999632275414,6,0.5490803335773696,0.005739356443463438,3,0.4166666666666667,0.03391420957520772,6,0.5833333333333334,0.03391420957520772,6,0.5052083333333334,0.03063633577052655,6,6.4306892737077375,0.6611905447386673,6,3.5209611733846304,0.2829041477990807,6,,,0,,,0,,,0,,,0,,,0,,,0,,,0,,,0,,,0,,,0,,,0,,,0
MaxMC,10600,0.35333333333333333,Middle (10-20k),6,0.32708333681027096,0.04737007138321941,6,0.1643483303487301,0.02531157100401733,6,4000.0,0.0,6,0.1454071675737699,0.026210952424444718,6,0.6515238862682472,0.19936556204112685,3,0.3645833333333333,0.006588078458684125,6,0.6354166666666666,0.0065880784586841235,6,0.6197916666666666,0.018778912893041615,6,4.658489832405691,0.21746710087547072,6,2.5168930774403564,0.13366743938712897,6,,,0,,,0,,,0,,,0,,,0,,,0,,,0,,,0,,,0,,,0,,,0,,,0
MaxMC,10800,0.36,Middle (10-20k),6,0.35208333532015484,0.03699896956042096,6,0.18097832798957825,0.013251599427378549,6,4000.0,0.0,6,0.12958961725234985,0.02090369928971923,6,0.6565522830032486,0.16819449304006714,3,0.3854166666666667,0.010416666666666668,6,0.6145833333333334,0.010416666666666668,6,0.6197916666666666,0.012543327686241976,6,4.865373256860031,0.20672425674805425,6,2.5270389077383535,0.09203200067960099,6,,,0,,,0,,,0,,,0,,,0,,,0,,,0,,,0,,,0,,,0,,,0,,,0
MaxMC,11000,0.36666666666666664,Middle (10-20k),6,0.2333333349476258,0.058778066863625356,6,0.12190583099921544,0.023767829659856816,6,4000.0,0.0,6,0.18039661149183908,0.03154314606548223,6,0.78826703054464,0.1981377316143691,3,0.3958333333333333,0.03294039229342062,6,0.6041666666666666,0.03294039229342061,6,0.5885416666666666,0.023408546931504414,6,5.375897904828541,0.5948417988165298,6,2.80548795845543,0.22619231988279473,6,0.3958333333333333,0.03294039229342062,6,0.13878483489215498,0.005734193035179736,6,0.1895703737419714,0.002259428084330218,6,23.276041666666668,0.29452652976618443,6,0.13772805719921105,0.0017427605311608595,6,1.0,0.0,6,10.125,1.04358157323709,6,9.3125,1.0650092918217506,6,1.1002175775613277,0.030228006989047523,6,0.9991440145520739,0.00032572594281450563,6,0.027549354085801617,0.003671768913063347,6,0.8124999266723835,0.005768738096695041,6
MaxMC,11200,0.37333333333333335,Middle (10-20k),6,0.27916668231288594,0.08014744052363396,6,0.14679166053732237,0.041035717957053956,6,4000.0,0.0,6,0.09128317485253017,0.008329528950433911,6,0.5143188996564626,0.06597003329912744,3,0.4114583333333333,0.021973982405967697,6,0.5885416666666666,0.021973982405967697,6,0.5989583333333334,0.02955471033148148,6,5.398786067534044,0.5002918513838256,6,2.756147240638004,0.23724241150416056,6,,,0,,,0,,,0,,,0,,,0,,,0,,,0,,,0,,,0,,,0,,,0,,,0
MaxMC,11400,0.38,Middle (10-20k),6,0.25833334277073544,0.05109903448718265,6,0.12127082546552022,0.024814619333927375,6,4000.0,0.0,6,0.11386136462291081,0.021284715709469954,6,0.48584593349109095,0.03557316560754844,3,0.3645833333333333,0.03391420957520772,6,0.6354166666666666,0.03391420957520772,6,0.6197916666666666,0.03645833333333334,6,4.882092885653964,0.6476737619307555,6,2.6112461932383053,0.28195948482774896,6,,,0,,,0,,,0,,,0,,,0,,,0,,,0,,,0,,,0,,,0,,,0,,,0
MaxMC,11600,0.38666666666666666,Middle (10-20k),6,0.275000002545615,0.07381000541170851,6,0.13975249587868652,0.03650808853856662,6,4000.0,0.0,6,0.15765528877576193,0.036112413021760076,6,1.1531923661836652,0.29448013969938985,3,0.3697916666666667,0.024760134008343156,6,0.6302083333333334,0.024760134008343156,6,0.6145833333333334,0.015450413514782635,6,4.78837211795049,0.3276100196514828,6,2.5508651913902045,0.10889321943862795,6,,,0,,,0,,,0,,,0,,,0,,,0,,,0,,,0,,,0,,,0,,,0,,,0
MaxMC,11800,0.3933333333333333,Middle (10-20k),6,0.25416667262713116,0.046510156397217776,6,0.12561665723721185,0.01932430981351663,6,4000.0,0.0,6,0.21008737881978354,0.0330405240528138,6,0.8751598348203545,0.2508594928134659,3,0.40625,0.036975498644372606,6,0.59375,0.036975498644372606,6,0.609375,0.03848531917064826,6,5.375953921214578,0.836907199138376,6,2.7460933736158832,0.3564087180436264,6,,,0,,,0,,,0,,,0,,,0,,,0,,,0,,,0,,,0,,,0,,,0,,,0
MaxMC,12000,0.4,Middle (10-20k),6,0.3333333358168602,0.0670561531118382,6,0.16355582885444164,0.03170277626889616,6,4000.0,0.0,6,0.13928825656572977,0.015418551230627726,6,0.6733956600440957,0.09625950901646184,3,0.3854166666666667,0.04166666666666667,6,0.6145833333333334,0.04166666666666667,6,0.6197916666666666,0.043762399036666684,6,5.133873385884318,0.7864706989551792,6,2.665391161683995,0.320209830474981,6,0.3854166666666667,0.04166666666666667,6,0.12977389132786157,0.011800142255940947,6,0.18785475564321719,0.0026137140794350562,6,23.473958333333332,0.17009813854393324,6,0.1388991617357002,0.0010064978612067048,6,1.0,0.0,6,8.661458333333334,1.1080439981048187,6,8.390625,1.1901218315610942,6,1.0783110119047619,0.07051774850629432,6,0.9974942158360353,0.0014576657115449323,6,0.024389509457884043,0.005532751781456194,6,0.8211759942478948,0.007605501731036423,6
MaxMC,12200,0.4066666666666667,Middle (10-20k),6,0.27708333482344943,0.046817093133606574,6,0.14380082984765372,0.03180602706283079,6,4000.0,0.0,6,0.13199846694866815,0.0169509894891998,6,0.5420784860944544,0.0598395378725021,3,0.390625,0.03202172114362375,6,0.609375,0.03202172114362375,6,0.6197916666666666,0.03168105484530323,6,5.041500297787674,0.663819758301493,6,2.6050659203269118,0.26798187272081947,6,,,0,,,0,,,0,,,0,,,0,,,0,,,0,,,0,,,0,,,0,,,0,,,0
MaxMC,12400,0.41333333333333333,Middle (10-20k),6,0.3875000129143397,0.07500000711944448,6,0.19040748849511147,0.04330552334642358,6,4000.0,0.0,6,0.1304029325644175,0.021825907632415313,6,0.5359681481164855,0.03158251192894808,3,0.40625,0.049080079122457286,6,0.59375,0.049080079122457286,6,0.6041666666666666,0.05331868288362387,6,5.706084976771673,1.229248528364701,6,2.956819916232595,0.565893011709477,6,,,0,,,0,,,0,,,0,,,0,,,0,,,0,,,0,,,0,,,0,,,0,,,0
MaxMC,12600,0.42,Middle (10-20k),6,0.24375000596046448,0.051815981392880794,6,0.11376749537885189,0.018820936614791072,6,4000.0,0.0,6,0.11287953704595566,0.013404405298962394,6,0.6084779064934315,0.08935877307364004,3,0.3958333333333333,0.01920738428602685,6,0.6041666666666666,0.01920738428602685,6,0.6197916666666666,0.018778912893041615,6,4.960756697732102,0.3607540728064124,6,2.545680287773666,0.14149567642182564,6,,,0,,,0,,,0,,,0,,,0,,,0,,,0,,,0,,,0,,,0,,,0,,,0
MaxMC,12800,0.4266666666666667,Middle (10-20k),6,0.40416666865348816,0.06395527890612805,6,0.18757416556278864,0.02751410027296854,6,4000.0,0.0,6,0.12133357673883438,0.017395800368882566,6,0.47751041544394407,0.03090292954579673,3,0.3802083333333333,0.02340854693150441,6,0.6197916666666666,0.023408546931504414,6,0.59375,0.030190368221228,6,5.121736157503265,0.43977882005602376,6,2.74645349644638,0.21259147516115506,6,,,0,,,0,,,0,,,0,,,0,,,0,,,0,,,0,,,0,,,0,,,0,,,0
MaxMC,13000,0.43333333333333335,Middle (10-20k),6,0.3374999985098839,0.07506941219164077,6,0.16608749826749167,0.030085659738716925,6,4000.0,0.0,6,0.12117997805277507,0.019032996439110123,6,0.6151790245540387,0.05275864333540501,3,0.34375,0.030190368221228,6,0.65625,0.030190368221228,6,0.6666666666666666,0.03391420957520772,6,4.180336031998687,0.5348957176990633,6,2.268032257741931,0.23317072059004856,6,0.34375,0.030190368221228,6,0.11457140357574601,0.00874183756254752,6,0.1888348830656523,0.00321578264576254,6,22.546875,0.43696023250596466,6,0.13341346153846154,0.0025855635059524556,6,1.0,0.0,6,10.239583333333334,1.0420103599666262,6,9.583333333333334,1.091833638630192,6,1.0920732623857623,0.05069090794144687,6,0.9976792499199333,0.00172152185268178,6,0.02514983920929965,0.004213700738577404,6,0.8307371806945888,0.00822690889809418,6
MaxMC,13200,0.44,Middle (10-20k),6,0.3562499980131785,0.05484352402491107,6,0.16826999063293138,0.029609649963267193,6,4000.0,0.0,6,0.14453975359598795,0.01067731439928053,6,0.7590380419189406,0.033271875564845545,3,0.328125,0.028811076429040273,6,0.671875,0.028811076429040273,6,0.6458333333333334,0.03668086846178961,6,4.247479687095531,0.4923443540164444,6,2.3813376784641114,0.2111363532136315,6,,,0,,,0,,,0,,,0,,,0,,,0,,,0,,,0,,,0,,,0,,,0,,,0
MaxMC,13400,0.44666666666666666,Middle (10-20k),6,0.36666667833924294,0.07877094680294473,6,0.179361658791701,0.038490588948980324,6,4000.0,0.0,6,0.11640523374080658,0.01630359172076245,6,0.5958446361932009,0.1434473047126688,3,0.3958333333333333,0.03391420957520772,6,0.6041666666666666,0.033914209575207716,6,0.5885416666666666,0.03820233504352552,6,5.464212682759052,0.7220150662229348,6,2.884340158945687,0.33653428354056586,6,,,0,,,0,,,0,,,0,,,0,,,0,,,0,,,0,,,0,,,0,,,0,,,0
MaxMC,13600,0.4533333333333333,Middle (10-20k),6,0.3229166691501935,0.07132792550978673,6,0.1658516600728035,0.029001215513304,6,4000.0,0.0,6,0.16104168693224588,0.029754540959825267,6,0.8003851373821281,0.17990766449420847,3,0.3645833333333333,0.03391420957520772,6,0.6354166666666666,0.03391420957520772,6,0.6302083333333334,0.02955471033148148,6,4.72842515746144,0.6400978760515869,6,2.5112889513093504,0.26061836758226653,6,,,0,,,0,,,0,,,0,,,0,,,0,,,0,,,0,,,0,,,0,,,0,,,0
MaxMC,13800,0.46,Middle (10-20k),6,0.38958333681027096,0.06672523468696485,6,0.1967958336075147,0.02562228051227101,6,4000.0,0.0,6,0.11367448916037877,0.015871903865957392,6,0.5112648700810309,0.0353898375723874,3,0.375,0.03326816546389857,6,0.625,0.03326816546389857,6,0.6197916666666666,0.03269240588849004,6,4.936238345800455,0.656937320211115,6,2.6026763003173357,0.2744749755815099,6,,,0,,,0,,,0,,,0,,,0,,,0,,,0,,,0,,,0,,,0,,,0,,,0
MaxMC,14000,0.4666666666666667,Middle (10-20k),6,0.30416666716337204,0.07250478564856387,6,0.1378241553902626,0.028818338261497944,6,4000.0,0.0,6,0.16715798527002335,0.022756382856667902,6,1.0233230370893704,0.3155557409089867,3,0.3697916666666667,0.024760134008343156,6,0.6302083333333334,0.024760134008343156,6,0.6197916666666666,0.023408546931504414,6,4.7571677614395975,0.4263593793073933,6,2.5385315504053376,0.1714629718412938,6,0.3697916666666667,0.024760134008343156,6,0.1305453489851753,0.006952107162646321,6,0.19002829846025113,0.0024200766882212735,6,23.338541666666668,0.2149092387562196,6,0.13809787968441814,0.001271652300332661,6,1.0,0.0,6,10.411458333333334,0.8266168132228969,6,10.276041666666666,0.8576940631150352,6,1.0170945272048215,0.00782820517856562,6,0.9958340239148186,0.003265832828754877,6,0.024969353775298266,0.0032278000813385386,6,0.8223291887852056,0.008553616521718231,6
MaxMC,14200,0.47333333333333333,Middle (10-20k),6,0.3583333343267441,0.026744677126452693,6,0.1782208283742269,0.007372757051310231,6,4000.0,0.0,6,0.10731079429388046,0.006192243434246278,6,0.6410976786692535,0.04421484259578629,3,0.3541666666666667,0.04320091948609942,6,0.6458333333333334,0.043200919486099415,6,0.6510416666666666,0.040678383728680496,6,4.527310660186896,0.7152995093440552,6,2.408115161447499,0.27929030333217064,6,,,0,,,0,,,0,,,0,,,0,,,0,,,0,,,0,,,0,,,0,,,0,,,0
MaxMC,14400,0.48,Middle (10-20k),6,0.41875000298023224,0.04629502417673233,6,0.20943249017000198,0.019656584046091063,6,4000.0,0.0,6,0.19539968172709146,0.023810277292419073,6,1.2844554833449366,0.16122896643379014,3,0.4270833333333333,0.05208333333333333,6,0.5729166666666666,0.05208333333333334,6,0.578125,0.05748074858883915,6,6.257414516522251,1.2465459471451799,6,3.2243848095473027,0.5763410650322984,6,,,0,,,0,,,0,,,0,,,0,,,0,,,0,,,0,,,0,,,0,,,0,,,0
MaxMC,14600,0.4866666666666667,Middle (10-20k),6,0.3416666587193807,0.04241003214256505,6,0.16840166101853052,0.018170747011165236,6,4000.0,0.0,6,0.12963774055242538,0.014262329243300117,6,0.7032433479025207,0.14788390388481934,3,0.3645833333333333,0.026352313834736494,6,0.6354166666666666,0.0263523138347365,6,0.6041666666666666,0.044682522061515045,6,5.024270467205928,0.6700958204854943,6,2.7680598506322656,0.35508666296711383,6,,,0,,,0,,,0,,,0,,,0,,,0,,,0,,,0,,,0,,,0,,,0,,,0
MaxMC,14800,0.49333333333333335,Middle (10-20k),6,0.40416667362054187,0.05815448687287758,6,0.20808666571974754,0.029955560581387534,6,4000.0,0.0,6,0.12387766689062119,0.014158126178305402,6,0.5933006000256191,0.038632378242644504,3,0.4114583333333333,0.03367339557342628,6,0.5885416666666666,0.03367339557342628,6,0.578125,0.02765816259864949,6,5.7151947122045215,0.7139113531492884,6,2.940277584460872,0.2939229316451261,6,,,0,,,0,,,0,,,0,,,0,,,0,,,0,,,0,,,0,,,0,,,0,,,0
MaxMC,15000,0.5,Middle (10-20k),6,0.3604166731238365,0.06007085156806327,6,0.17152166677018008,0.03249192814758029,6,4000.0,0.0,6,0.11347709099451701,0.0137150734946864,6,0.4755018429246411,0.02418727716729061,3,0.328125,0.033994101816834835,6,0.671875,0.033994101816834835,6,0.6614583333333334,0.03269240588849004,6,4.088860856765753,0.5029265139160167,6,2.2745080220756093,0.20320810997456662,6,0.328125,0.033994101816834835,6,0.12066949799580073,0.010051424081069694,6,0.1930332488024796,0.0013749021729656298,6,23.416666666666668,0.28386133400737135,6,0.13856015779092704,0.001679652863948944,6,0.9947916666666666,0.005208333333333334,6,8.986895161290322,0.987910769117569,6,8.90625,0.9770811122931403,6,1.01442465651135,0.007825957090197308,6,0.997527618639201,0.0010025280577917448,6,0.020937990146621233,0.0031345979718092236,6,0.8125262934686294,0.008473485259567188,6
MaxMC,15200,0.5066666666666667,Middle (10-20k),6,0.37916667262713116,0.04537651573346243,6,0.18802165985107422,0.028681180151283066,6,4000.0,0.0,6,0.12580029418071112,0.020784329799096564,6,0.7588617413456767,0.2025181409712039,3,0.3802083333333333,0.028431966799908715,6,0.6197916666666666,0.028431966799908715,6,0.59375,0.038696199210430646,6,5.203041982784934,0.7281280180513712,6,2.828378616937265,0.3725522918579996,6,,,0,,,0,,,0,,,0,,,0,,,0,,,0,,,0,,,0,,,0,,,0,,,0
MaxMC,15400,0.5133333333333333,Middle (10-20k),6,0.3520833229025205,0.07468102776188927,6,0.17591582549115023,0.036440666452696384,6,4000.0,0.0,6,0.12158622592687607,0.014133513652231304,6,0.8528449980724241,0.04435405717194872,3,0.3802083333333333,0.027263025683963337,6,0.6197916666666666,0.027263025683963337,6,0.59375,0.016137430609197572,6,5.165475684266519,0.44252172371749704,6,2.730754088871299,0.1551660230156165,6,,,0,,,0,,,0,,,0,,,0,,,0,,,0,,,0,,,0,,,0,,,0,,,0
MaxMC,15600,0.52,Middle (10-20k),6,0.3645833432674408,0.07241494228463183,6,0.17959583178162575,0.03167422309113632,6,4000.0,0.0,6,0.12882974247137705,0.026069576228591577,6,0.8701691539435634,0.25319259710985326,3,0.3854166666666667,0.036680868461789605,6,0.6145833333333334,0.03668086846178961,6,0.6041666666666666,0.03755782578608323,6,5.2478655906707266,0.699593058529552,6,2.7472752697427283,0.2874824411552915,6,,,0,,,0,,,0,,,0,,,0,,,0,,,0,,,0,,,0,,,0,,,0,,,0
MaxMC,15800,0.5266666666666666,Middle (10-20k),6,0.31666666517655057,0.05130248382657353,6,0.15663166344165802,0.01830243085916129,6,4000.0,0.0,6,0.16084412237008414,0.025381051079767035,6,1.093247299569966,0.11045061667985388,3,0.40625,0.026760901205552357,6,0.59375,0.026760901205552357,6,0.6041666666666666,0.020833333333333336,6,5.249862667668671,0.4825284765283758,6,2.676214469862984,0.18135192569661843,6,,,0,,,0,,,0,,,0,,,0,,,0,,,0,,,0,,,0,,,0,,,0,,,0
MaxMC,16000,0.5333333333333333,Middle (10-20k),6,0.4625000034769376,0.08827041996999492,6,0.21898249040047327,0.048052653847001504,6,4000.0,0.0,6,0.1096041997273763,0.012411991070180792,6,0.5421034147109323,0.06254674625245152,3,0.3854166666666667,0.042440726640548675,6,0.6145833333333334,0.042440726640548675,6,0.609375,0.04326366595269831,6,5.261043460554146,0.7701929423538368,6,2.7415147795021078,0.3199716666785991,6,0.3854166666666667,0.042440726640548675,6,0.1315713081376853,0.011369652914692689,6,0.1892588468402078,0.002475830758231959,6,23.015625,0.3670822100815202,6,0.1361871301775148,0.0021720840833226026,6,1.0,0.0,6,9.755208333333334,0.6528890456293304,6,9.453125,0.6980604640418575,6,1.0453207671957674,0.027128301242956163,6,0.9988195654063664,0.0006555375686461001,6,0.024689966344346503,0.0010953022329173987,6,0.8124161537859127,0.005657132089890951,6
MaxMC,16200,0.54,Middle (10-20k),6,0.379166675110658,0.08512654397362997,6,0.20131915807724,0.038115125094247415,6,4000.0,0.0,6,0.11533645788828532,0.010739853268411816,6,0.7651578876137188,0.056862007802663025,3,0.3229166666666667,0.03294039229342062,6,0.6770833333333334,0.03294039229342062,6,0.6666666666666666,0.03486083443891982,6,4.03762750696355,0.5428453738381058,6,2.2547848070228973,0.21986665040471357,6,,,0,,,0,,,0,,,0,,,0,,,0,,,0,,,0,,,0,,,0,,,0,,,0
MaxMC,16400,0.5466666666666666,Middle (10-20k),6,0.3958333308498065,0.07559945796328851,6,0.18815082559982935,0.038178267742401434,6,4000.0,0.0,6,0.17840060591697693,0.027508031281952658,6,1.16483173470076,0.25849029821611347,3,0.453125,0.020963137289060532,6,0.546875,0.020963137289060532,6,0.5104166666666666,0.03668086846178961,6,6.904184565350671,0.6973391897540347,6,3.6670680843637435,0.4079238031974401,6,,,0,,,0,,,0,,,0,,,0,,,0,,,0,,,0,,,0,,,0,,,0,,,0
MaxMC,16600,0.5533333333333333,Middle (10-20k),6,0.3541666741172473,0.0681348751954743,6,0.15450915694236755,0.02652486076398277,6,4000.0,0.0,6,0.14733402182658514,0.020524043888661723,6,0.7243871940390313,0.1573621907665533,3,0.328125,0.026455052290000614,6,0.671875,0.026455052290000614,6,0.6979166666666666,0.030900827029565262,6,3.761992600431961,0.49472678396294445,6,2.0724228734558126,0.20142557563831032,6,,,0,,,0,,,0,,,0,,,0,,,0,,,0,,,0,,,0,,,0,,,0,,,0
MaxMC,16800,0.56,Middle (10-20k),6,0.4583333457509677,0.0931322253441018,6,0.2359058285752932,0.04624101732098321,6,4000.0,0.0,6,0.09362852821747462,0.010824478430393745,6,0.5928745023939355,0.17039973739960965,3,0.4010416666666667,0.027263025683963337,6,0.5989583333333334,0.027263025683963337,6,0.5989583333333334,0.02604166666666667,6,5.312284638865112,0.5821821675220813,6,2.738926470115857,0.23607598122597667,6,,,0,,,0,,,0,,,0,,,0,,,0,,,0,,,0,,,0,,,0,,,0,,,0
MaxMC,17000,0.5666666666666667,Middle (10-20k),6,0.3541666716337204,0.061632877102512806,6,0.17562916005651155,0.03480154394356602,6,4000.0,0.0,6,0.14190600564082465,0.02626505173290449,6,0.7464953409385373,0.18424335042749965,3,0.3645833333333333,0.015450413514782635,6,0.6354166666666666,0.015450413514782635,6,0.6458333333333334,0.022341261030757523,6,4.441610328541964,0.3401179689392461,6,2.3612229762841532,0.15393269495660594,6,0.3645833333333333,0.015450413514782635,6,0.12370562130177515,0.006623379316323629,6,0.187323738063383,0.001654042624036494,6,23.390625,0.08939539394361062,6,0.1384060650887574,0.0005289668280687004,6,1.0,0.0,6,10.119791666666666,0.7448790741250854,6,9.411458333333334,0.6935536821828895,6,1.0804687500000003,0.04487063609143227,6,0.9993194935823486,0.00010299622796337078,6,0.025259591480197782,0.0028172707500905675,6,0.7998276703107913,0.00506546291599104,6
MaxMC,17200,0.5733333333333334,Middle (10-20k),6,0.39791667958100635,0.046031771305989164,6,0.19666916131973267,0.021926245490220903,6,4000.0,0.0,6,0.10024841129779816,0.013488851317484583,6,0.5110543746485633,0.05662737487038076,3,0.375,0.025515518153991442,6,0.625,0.025515518153991442,6,0.6197916666666666,0.024760134008343156,6,4.818248607466501,0.42673726567923703,6,2.5478794540109684,0.17419422312038768,6,,,0,,,0,,,0,,,0,,,0,,,0,,,0,,,0,,,0,,,0,,,0,,,0
MaxMC,17400,0.58,Middle (10-20k),6,0.3916666805744171,0.08105211732356551,6,0.19716165959835052,0.043951021102857646,6,4000.0,0.0,6,0.12984546522299448,0.012529241302642533,6,0.7572174828863695,0.10067136480118549,3,0.3958333333333333,0.04540519732854868,6,0.6041666666666666,0.04540519732854869,6,0.6041666666666666,0.052704627669473,6,5.52319258873747,1.0306313977755444,6,2.8921066446438783,0.4604372538760183,6,,,0,,,0,,,0,,,0,,,0,,,0,,,0,,,0,,,0,,,0,,,0,,,0
MaxMC,17600,0.5866666666666667,Middle (10-20k),6,0.37291667113701504,0.06849701030395842,6,0.17769166082143784,0.030990305390566096,6,4000.0,0.0,6,0.13294072449207306,0.022110545474442224,6,0.8119640784695871,0.16164046850613484,3,0.4010416666666667,0.021973982405967697,6,0.5989583333333334,0.021973982405967697,6,0.609375,0.026455052290000614,6,5.193080739424691,0.4820994910975847,6,2.6572977932935733,0.20303309973449682,6,,,0,,,0,,,0,,,0,,,0,,,0,,,0,,,0,,,0,,,0,,,0,,,0
MaxMC,17800,0.5933333333333334,Middle (10-20k),6,0.38333334277073544,0.09228955698705671,6,0.18121582518021265,0.045360661781493575,6,4000.0,0.0,6,0.13869793464740118,0.020193810111054564,6,0.786766823132587,0.08566912115242907,3,0.390625,0.04250459533979826,6,0.609375,0.04250459533979826,6,0.59375,0.03326816546389857,6,5.401201943771983,0.9028402160611023,6,2.8430307523203653,0.39056394949058837,6,,,0,,,0,,,0,,,0,,,0,,,0,,,0,,,0,,,0,,,0,,,0,,,0
MaxMC,18000,0.6,Middle (10-20k),6,0.3854166666666667,0.09807610670855242,6,0.20669916147987047,0.05301622330453388,6,4000.0,0.0,6,0.08956976979970932,0.009562786488659332,6,0.5384590255386762,0.1005558356957447,3,0.40625,0.022821773229381923,6,0.59375,0.022821773229381923,6,0.5625,0.021347814095749165,6,5.727119491848981,0.45641048485974106,6,3.0185477803069247,0.21180224279756432,6,0.40625,0.022821773229381923,6,0.14768045746643763,0.0046651692067826355,6,0.18857624952299504,0.002122930524837504,6,23.755208333333332,0.24292283082516372,6,0.14056336291913216,0.0014374132001488986,6,1.0,0.0,6,10.552083333333334,0.4135298591933168,6,10.166666666666666,0.5519653962080514,6,1.0535135582010582,0.029583865669044754,6,0.9991782322813484,0.0001165301190485249,6,0.02446960009873332,0.0026956883147587103,6,0.810383768815066,0.0026969964612398533,6
MaxMC,18200,0.6066666666666667,Middle (10-20k),6,0.47083332886298496,0.11056986002186893,6,0.25882332772016525,0.05877251008037418,6,4000.0,0.0,6,0.08701954036951065,0.008468709337248415,6,0.44037479802938284,0.004008320808662192,3,0.3697916666666667,0.02340854693150441,6,0.6302083333333334,0.023408546931504414,6,0.6302083333333334,0.035554267012241694,6,4.720656729814462,0.5488814004598525,6,2.5223746788076813,0.2657586141402436,6,,,0,,,0,,,0,,,0,,,0,,,0,,,0,,,0,,,0,,,0,,,0,,,0
MaxMC,18400,0.6133333333333333,Middle (10-20k),6,0.3520833303531011,0.06726941441150736,6,0.1925583283106486,0.03175874083826554,6,4000.0,0.0,6,0.10839775453011195,0.017255699936144682,6,0.558232086088969,0.11875819134250455,3,0.4635416666666667,0.03168105484530323,6,0.5364583333333334,0.03168105484530323,6,0.5364583333333334,0.03645833333333334,6,6.871394912694356,0.8363135493748015,6,3.4477006258279537,0.38758902222404484,6,,,0,,,0,,,0,,,0,,,0,,,0,,,0,,,0,,,0,,,0,,,0,,,0
MaxMC,18600,0.62,Middle (10-20k),6,0.3395833397905032,0.051073548012894966,6,0.16008582587043443,0.02259913989775262,6,4000.0,0.0,6,0.10904494673013687,0.013094782993278082,6,0.7583575527570586,0.050209788484670434,3,0.3697916666666667,0.021973982405967697,6,0.6302083333333334,0.0219739824059677,6,0.59375,0.021347814095749165,6,4.915963438837952,0.33358288700342004,6,2.685232160676748,0.15219448997735285,6,,,0,,,0,,,0,,,0,,,0,,,0,,,0,,,0,,,0,,,0,,,0,,,0
MaxMC,18800,0.6266666666666667,Middle (10-20k),6,0.28958334277073544,0.024455886848368944,6,0.13167083139220873,0.018566058352267153,6,4000.0,0.0,6,0.12189460545778275,0.021191723319579622,6,0.8848860286986922,0.2810807418966816,3,0.4427083333333333,0.028431966799908708,6,0.5572916666666666,0.028431966799908715,6,0.5520833333333334,0.02982879388182574,6,6.36239466576583,0.698199261761494,6,3.220837797538396,0.3332642479302441,6,,,0,,,0,,,0,,,0,,,0,,,0,,,0,,,0,,,0,,,0,,,0,,,0
MaxMC,19000,0.6333333333333333,Middle (10-20k),6,0.4291666770974795,0.0746287147672377,6,0.22947916264335314,0.03585655678588358,6,4000.0,0.0,6,0.09329868604739507,0.003871666954066852,6,0.5060168651771014,0.038310044048933935,3,0.3958333333333333,0.02982879388182574,6,0.6041666666666666,0.02982879388182574,6,0.6145833333333334,0.036680868461789605,6,5.166632852300576,0.6709316844786064,6,2.668355546360468,0.2896678067633191,6,0.3958333333333333,0.02982879388182574,6,0.13029084748997902,0.009996634196547385,6,0.18761078117586993,0.0026818351691969377,6,23.192708333333332,0.5665029251787772,6,0.13723496055226822,0.0033520883146673196,6,1.0,0.0,6,10.625,0.8059027029776403,6,10.53125,0.8110162734701033,6,1.0125111289173787,0.0033346029592741027,6,0.9992813325575925,0.0001731204692276548,6,0.023482385051408382,0.0022868740689338963,6,0.8194936340904304,0.008218839117654378,6
MaxMC,19200,0.64,Middle (10-20k),6,0.3604166805744171,0.09732980573337335,6,0.16961666258672872,0.03325858913019067,6,4000.0,0.0,6,0.0999314362804095,0.01149698814430527,6,0.5600070454762236,0.0958119732049234,3,0.3541666666666667,0.023753654689565376,6,0.6458333333333334,0.02375365468956538,6,0.625,0.024206145913796356,6,4.588777841983078,0.425650270456328,6,2.5000803621017504,0.18791125407743814,6,,,0,,,0,,,0,,,0,,,0,,,0,,,0,,,0,,,0,,,0,,,0,,,0
MaxMC,19400,0.6466666666666666,Middle (10-20k),6,0.31458334003885585,0.08686775905630081,6,0.16350332461297512,0.03416875262309563,6,4000.0,0.0,6,0.10998980700969696,0.011197011335176749,6,0.6610422965469239,0.13125079219848082,3,0.4427083333333333,0.009603692143013426,6,0.5572916666666666,0.009603692143013424,6,0.546875,0.023867581744561668,6,6.255331758256804,0.3683286659459569,6,3.1955708210429776,0.22482412826837544,6,,,0,,,0,,,0,,,0,,,0,,,0,,,0,,,0,,,0,,,0,,,0,,,0
MaxMC,19600,0.6533333333333333,Middle (10-20k),6,0.337499996026357,0.051437658697882756,6,0.16884749879439673,0.020848091422667275,6,4000.0,0.0,6,0.12149112671613693,0.017357037528200215,6,0.862768347475919,0.20481518886945327,3,0.359375,0.02765816259864949,6,0.640625,0.02765816259864949,6,0.625,0.02795084971874737,6,4.662005752333431,0.4597976903132175,6,2.5155850179262065,0.2011039110629226,6,,,0,,,0,,,0,,,0,,,0,,,0,,,0,,,0,,,0,,,0,,,0,,,0
MaxMC,19800,0.66,Middle (10-20k),6,0.3875000129143397,0.07395100031125237,6,0.21014749507109323,0.031398678884008276,6,4000.0,0.0,6,0.10744468619426091,0.013281510189300745,6,0.6505876116079751,0.11629300693738133,3,0.359375,0.019348099605215323,6,0.640625,0.019348099605215323,6,0.6145833333333334,0.02982879388182574,6,4.718225803146806,0.41134297467271425,6,2.584404132469793,0.2209983129671827,6,,,0,,,0,,,0,,,0,,,0,,,0,,,0,,,0,,,0,,,0,,,0,,,0
MaxMC,20000,0.6666666666666666,Middle (10-20k),6,0.46458332737286884,0.060931709875765135,6,0.22322582205136618,0.02644790472580315,6,4000.0,0.0,6,0.09610318144162495,0.010583374187800856,6,0.5168391871370822,0.052425862797988936,3,0.359375,0.03675474742578615,6,0.640625,0.03675474742578615,6,0.6302083333333334,0.039870123352092994,6,4.7665168764170325,0.6498541715673187,6,2.5443365633523918,0.2686672005394412,6,0.359375,0.03675474742578615,6,0.1282886365082395,0.010956610757991129,6,0.18725661255247059,0.003171118775182047,6,23.520833333333332,0.24309027529797334,6,0.13917652859960553,0.0014384039958459907,6,1.0,0.0,6,10.822916666666666,1.7205230753401068,6,10.520833333333334,1.7715868494877065,6,1.0349351025132274,0.021543978532559672,6,0.9984593760028537,0.0009097795235419293,6,0.024457136279268623,0.003133177732757341,6,0.8189577764576009,0.00975739403754003,6
MaxMC,20200,0.6733333333333333,Late (20-30k),6,0.44583334525426227,0.0657224838357863,6,0.22248332823316255,0.03752504460166922,6,4000.0,0.0,6,0.1424198846022288,0.022016545790452362,6,0.8964844862604755,0.18824380496419346,3,0.359375,0.03848531917064826,6,0.640625,0.03848531917064826,6,0.6302083333333334,0.035554267012241694,6,4.720737144908282,0.8005636349320987,6,2.5435541824230383,0.34088864558421184,6,,,0,,,0,,,0,,,0,,,0,,,0,,,0,,,0,,,0,,,0,,,0,,,0
MaxMC,20400,0.68,Late (20-30k),6,0.40416668355464935,0.07662590128676462,6,0.21034416059652963,0.03452436008840269,6,4000.0,0.0,6,0.1301408658425013,0.019607222461501022,6,0.7544438794325155,0.15007957551955203,3,0.4114583333333333,0.026041666666666664,6,0.5885416666666666,0.02604166666666667,6,0.5885416666666666,0.02955471033148148,6,5.522213976429682,0.5880022705354812,6,2.8445932456262124,0.2721716806653217,6,,,0,,,0,,,0,,,0,,,0,,,0,,,0,,,0,,,0,,,0,,,0,,,0
MaxMC,20600,0.6866666666666666,Late (20-30k),6,0.4312500109275182,0.07135226970550376,6,0.2011499876777331,0.03597488112293724,6,4000.0,0.0,6,0.10051413377126057,0.017021620921471286,6,0.6827125056415831,0.16847539951355645,3,0.3697916666666667,0.034626604455405545,6,0.6302083333333334,0.03462660445540555,6,0.6041666666666666,0.0263523138347365,6,5.03512431689812,0.6119110870550988,6,2.687159614105576,0.2444979195722636,6,,,0,,,0,,,0,,,0,,,0,,,0,,,0,,,0,,,0,,,0,,,0,,,0
MaxMC,20800,0.6933333333333334,Late (20-30k),6,0.3875000129143397,0.07792892364854218,6,0.17734999085466066,0.03165035590181547,6,4000.0,0.0,6,0.11220041165749232,0.023998416613031162,6,0.5884695036545632,0.08416608371460445,3,0.3645833333333333,0.015450413514782635,6,0.6354166666666666,0.015450413514782635,6,0.640625,0.010673907047874583,6,4.47003843708177,0.22157572684391227,6,2.3701914917179647,0.08028450504535765,6,,,0,,,0,,,0,,,0,,,0,,,0,,,0,,,0,,,0,,,0,,,0,,,0
MaxMC,21000,0.7,Late (20-30k),6,0.33124999950329465,0.0648515934490087,6,0.16157749046881995,0.02596644686218614,6,4000.0,0.0,6,0.10057461510101955,0.014246133030459367,6,0.6595252744239489,0.08536863491310943,3,0.3697916666666667,0.035554267012241694,6,0.6302083333333334,0.035554267012241694,6,0.6302083333333334,0.039870123352092994,6,4.801579254252153,0.6031604718294249,6,2.536266973971173,0.24496512048078553,6,0.3697916666666667,0.035554267012241694,6,0.12845764140739327,0.01135845554453525,6,0.1876727972881819,0.003403699309306027,6,23.567708333333332,0.27803915653994576,6,0.13945389546351086,0.0016452021097038193,6,0.9947916666666666,0.005208333333333334,6,10.436995967741936,0.4220911706414426,6,9.953125,0.41021700938852684,6,1.048163421852938,0.04124130211345296,6,0.9923142854721667,0.00556682102205062,6,0.02408892887876096,0.0035344149211955595,6,0.7942309971430307,0.007674869373403909,6
MaxMC,21200,0.7066666666666667,Late (20-30k),6,0.34166667362054187,0.060092523599675145,6,0.1810391570130984,0.031199414089143528,6,4000.0,0.0,6,0.11258246997992198,0.020319308386727037,6,0.5990381516381448,0.05237009004887845,3,0.4375,0.04034357652299393,6,0.5625,0.04034357652299393,6,0.5677083333333334,0.04224854123056927,6,6.214680399314314,0.856753063277083,6,3.1297866086849004,0.3591211423906977,6,,,0,,,0,,,0,,,0,,,0,,,0,,,0,,,0,,,0,,,0,,,0,,,0
MaxMC,21400,0.7133333333333334,Late (20-30k),6,0.3895833343267441,0.09102521428813037,6,0.1964508220553398,0.036788600756925194,6,4000.0,0.0,6,0.11085480451583862,0.005704460099112946,6,0.7312882919724627,0.09651485590259604,3,0.3541666666666667,0.027559909490256152,6,0.6458333333333334,0.027559909490256156,6,0.640625,0.03098848912634066,6,4.487988962660153,0.5528066758838647,6,2.4271039019874254,0.2372888618605938,6,,,0,,,0,,,0,,,0,,,0,,,0,,,0,,,0,,,0,,,0,,,0,,,0
MaxMC,21600,0.72,Late (20-30k),6,0.4437499965230624,0.09041282104473412,6,0.2204674929380417,0.031000569147171843,6,4000.0,0.0,6,0.11608532816171646,0.019350945289287925,6,0.8351235321263298,0.2814545341798436,3,0.3645833333333333,0.01317615691736825,6,0.6354166666666666,0.01317615691736825,6,0.6041666666666666,0.02982879388182574,6,4.672998982838805,0.17735942407815494,6,2.576842438238867,0.1597809002303068,6,,,0,,,0,,,0,,,0,,,0,,,0,,,0,,,0,,,0,,,0,,,0,,,0
MaxMC,21800,0.7266666666666667,Late (20-30k),6,0.4562499945362409,0.06987712043174842,6,0.21253749231497446,0.029180127185970735,6,4000.0,0.0,6,0.09666923185189565,0.010327564541823294,6,0.5852917095081946,0.07855152457823575,3,0.359375,0.028811076429040273,6,0.640625,0.028811076429040273,6,0.625,0.04269562819149833,6,4.707962247064589,0.6882212073751584,6,2.596881713926176,0.37610435783359186,6,,,0,,,0,,,0,,,0,,,0,,,0,,,0,,,0,,,0,,,0,,,0,,,0
MaxMC,22000,0.7333333333333333,Late (20-30k),6,0.3791666676600774,0.0830202443406303,6,0.18078415965040526,0.03740511096744757,6,4000.0,0.0,6,0.0972330446044604,0.009531854528553405,6,0.6907744716268045,0.12877302689843256,3,0.4427083333333333,0.03367339557342628,6,0.5572916666666666,0.03367339557342628,6,0.5625,0.041142536787773965,6,6.327533545656098,0.8215533427810393,6,3.1876664041847036,0.3676216719788736,6,0.4427083333333333,0.03367339557342628,6,0.1441412960488643,0.010982566950765129,6,0.18532602390068453,0.0003018440727023237,6,23.130208333333332,0.2265595066852072,6,0.13686513806706116,0.001340588796953887,6,1.0,0.0,6,9.265625,0.7015491600439226,6,9.140625,0.7331328146784412,6,1.0160790598290599,0.007483009631751018,6,0.9944150937645194,0.0029602147954773846,6,0.021932423434464794,0.0031573295158875674,6,0.8115401892136461,0.006609344564288731,6
MaxMC,22200,0.74,Late (20-30k),6,0.3750000049670537,0.11497282587820691,6,0.1777274968723456,0.049046572081454506,6,4000.0,0.0,6,0.11575249582529068,0.02462444284113899,6,0.953242214322792,0.2426402751028959,3,0.390625,0.020963137289060532,6,0.609375,0.020963137289060532,6,0.6145833333333334,0.03294039229342062,6,5.0373222613309,0.5633295264659247,6,2.63945078279731,0.2734180944662669,6,,,0,,,0,,,0,,,0,,,0,,,0,,,0,,,0,,,0,,,0,,,0,,,0
MaxMC,22400,0.7466666666666667,Late (20-30k),6,0.42291667064030963,0.07154665313406414,6,0.2061141555507978,0.03473941904439216,6,4000.0,0.0,6,0.13160867740710577,0.023452282127154268,6,0.9060097395484682,0.19626045155169825,3,0.4114583333333333,0.027263025683963334,6,0.5885416666666666,0.027263025683963337,6,0.6041666666666666,0.03193689524324144,6,5.3723162552864245,0.6135134183146711,6,2.733253958841217,0.2699011358202888,6,,,0,,,0,,,0,,,0,,,0,,,0,,,0,,,0,,,0,,,0,,,0,,,0
MaxMC,22600,0.7533333333333333,Late (20-30k),6,0.4520833392937978,0.0834426356976181,6,0.20349582408865294,0.03489590110900232,6,4000.0,0.0,6,0.08690129468838374,0.0077682956471108195,6,0.6137816578802872,0.08995921522858992,3,0.3541666666666667,0.03193689524324144,6,0.6458333333333334,0.03193689524324144,6,0.6197916666666666,0.040678383728680496,6,4.752821339377312,0.7693983275424922,6,2.6356050751242797,0.392768716950945,6,,,0,,,0,,,0,,,0,,,0,,,0,,,0,,,0,,,0,,,0,,,0,,,0
MaxMC,22800,0.76,Late (20-30k),6,0.3895833392937978,0.05902123932216875,6,0.1927158311009407,0.029714491803819097,6,4000.0,0.0,6,0.10720333953698476,0.01682386871128675,6,0.7970574584667193,0.22189574134707116,3,0.359375,0.023867581744561668,6,0.640625,0.023867581744561668,6,0.640625,0.034938562148434216,6,4.547282855384512,0.5935332972582691,6,2.452846234182242,0.2777878138355854,6,,,0,,,0,,,0,,,0,,,0,,,0,,,0,,,0,,,0,,,0,,,0,,,0
MaxMC,23000,0.7666666666666667,Late (20-30k),6,0.3854166666666667,0.06711438064252526,6,0.17073666428526243,0.029714108111471033,6,4000.0,0.0,6,0.11454240481058757,0.021056144421490248,6,0.5980968520106643,0.08189419930875438,3,0.375,0.03952847075210475,6,0.625,0.03952847075210475,6,0.6302083333333334,0.03367339557342628,6,4.858590206239484,0.8409314749625397,6,2.5521645096460683,0.34120870094584316,6,0.375,0.03952847075210475,6,0.1276265349621429,0.008954561879059332,6,0.18461488653796343,0.002085912620056737,6,23.453125,0.21236975174994518,6,0.1387758875739645,0.0012566257499996764,6,1.0,0.0,6,9.536458333333334,0.850222729192834,6,9.390625,0.8562252885728538,6,1.0176463293650795,0.004760241344100611,6,0.9993561343195102,0.0001460156886120504,6,0.024286568065213978,0.0022794403310241965,6,0.8205749532885314,0.006248281194157816,6
MaxMC,23200,0.7733333333333333,Late (20-30k),6,0.4312500109275182,0.09064296134724108,6,0.19714498644073805,0.03110418096089837,6,4000.0,0.0,6,0.08760731170574824,0.0057779532119194435,6,0.5407568938189921,0.030789824356971682,3,0.3802083333333333,0.018778912893041615,6,0.6197916666666666,0.018778912893041615,6,0.6145833333333334,0.0263523138347365,6,4.940516373172668,0.48862812405696476,6,2.6089051807922696,0.2317288015495394,6,,,0,,,0,,,0,,,0,,,0,,,0,,,0,,,0,,,0,,,0,,,0,,,0
MaxMC,23400,0.78,Late (20-30k),6,0.381250003973643,0.06314252915312112,6,0.18528999264041582,0.023424548331451075,6,4000.0,0.0,6,0.1196039542555809,0.023837139344073874,6,0.6731116932945868,0.09627270942880538,3,0.453125,0.028811076429040273,6,0.546875,0.028811076429040273,6,0.546875,0.02765816259864949,6,6.531046085523935,0.674335938834638,6,3.2618802994678524,0.2857777139842369,6,,,0,,,0,,,0,,,0,,,0,,,0,,,0,,,0,,,0,,,0,,,0,,,0
MaxMC,23600,0.7866666666666666,Late (20-30k),6,0.4062499950329463,0.08034754858220441,6,0.1925524945060412,0.03629856685725828,6,4000.0,0.0,6,0.10704007496436437,0.007480661039410658,6,0.7494665274407485,0.053932830359576606,3,0.34375,0.025515518153991442,6,0.65625,0.025515518153991442,6,0.6197916666666666,0.020438975906613113,6,4.534020320153989,0.3887530589688295,6,2.5091356489893184,0.15178035089833677,6,,,0,,,0,,,0,,,0,,,0,,,0,,,0,,,0,,,0,,,0,,,0,,,0
MaxMC,23800,0.7933333333333333,Late (20-30k),6,0.3562499980131785,0.056250001103789755,6,0.16359749188025793,0.023024821070208628,6,4000.0,0.0,6,0.08884630103905995,0.006522878170881312,6,0.5555107839775321,0.09222154392092134,3,0.375,0.029092166757851964,6,0.625,0.029092166757851964,6,0.6145833333333334,0.020833333333333336,6,4.8591687066929286,0.4279731295069649,6,2.572845517521655,0.1622500066819497,6,,,0,,,0,,,0,,,0,,,0,,,0,,,0,,,0,,,0,,,0,,,0,,,0
MaxMC,24000,0.8,Late (20-30k),6,0.3937500019868215,0.05975209114074505,6,0.19338748728235564,0.030562602195792297,6,4000.0,0.0,6,0.11847768723964691,0.01939602955809035,6,0.5954052705585765,0.10072431370137244,3,0.4375,0.047735163489123336,6,0.5625,0.047735163489123336,6,0.5520833333333334,0.048187639609251584,6,6.627302110315473,1.1842440916097383,6,3.4103252440919065,0.5492346685349773,6,0.4375,0.047735163489123336,6,0.1484558917096138,0.011899390478336477,6,0.19172481065193617,0.001605300235552283,6,23.713541666666668,0.2418484409765293,6,0.14031681459566078,0.0014310558637664467,6,0.9947916666666666,0.005208333333333333,6,10.110551075268818,0.7292958918740611,6,9.223958333333334,0.4904967100495624,6,1.101333127744418,0.03881808568263168,6,0.9982014673488667,0.0007811915418075255,6,0.028671794399015894,0.0035355223612339197,6,0.8167494962106693,0.003386933099683394,6
MaxMC,24200,0.8066666666666666,Late (20-30k),6,0.4187499980131785,0.0976681215954103,6,0.19729749858379364,0.03719120917894673,6,4000.0,0.0,6,0.10733847816785176,0.018621217419947905,6,0.8029741358701724,0.21495556059009407,3,0.359375,0.040141351808328535,6,0.640625,0.040141351808328535,6,0.6354166666666666,0.046116549210788865,6,4.783909274875745,0.8034470003001503,6,2.557905718521661,0.3417730586587579,6,,,0,,,0,,,0,,,0,,,0,,,0,,,0,,,0,,,0,,,0,,,0,,,0
MaxMC,24400,0.8133333333333334,Late (20-30k),6,0.4583333358168602,0.06288768801600492,6,0.21541583041350046,0.024319076107010645,6,4000.0,0.0,6,0.10592708736658096,0.012082566065191357,6,0.7930197002987409,0.11335650261073577,3,0.3697916666666667,0.01491439694091287,6,0.6302083333333334,0.01491439694091287,6,0.6197916666666666,0.018778912893041615,6,4.718429312961768,0.27664731994338576,6,2.5229957717552858,0.1314454877676463,6,,,0,,,0,,,0,,,0,,,0,,,0,,,0,,,0,,,0,,,0,,,0,,,0
MaxMC,24600,0.82,Late (20-30k),6,0.46666668355464935,0.09457507372599026,6,0.230956661204497,0.03593911391387905,6,4000.0,0.0,6,0.10835263629754384,0.019679463981513122,6,0.8401995113739362,0.22959932453499624,3,0.3854166666666667,0.05855612217731332,6,0.6145833333333334,0.058556122177313326,6,0.5989583333333334,0.06006543018057707,6,5.69686765500517,1.358417634666276,6,3.068498971551366,0.6639955026386792,6,,,0,,,0,,,0,,,0,,,0,,,0,,,0,,,0,,,0,,,0,,,0,,,0
MaxMC,24800,0.8266666666666667,Late (20-30k),6,0.4145833303531011,0.09986535800225402,6,0.20984082420667013,0.051452302512037626,6,4000.0,0.0,6,0.11768122017383575,0.01510968830952043,6,0.905526847026672,0.1463171413689309,3,0.40625,0.05038911092686594,6,0.59375,0.05038911092686594,6,0.59375,0.045643546458763846,6,5.722175002577829,1.0857173611696824,6,2.9439177535746346,0.4553199560809982,6,,,0,,,0,,,0,,,0,,,0,,,0,,,0,,,0,,,0,,,0,,,0,,,0
MaxMC,25000,0.8333333333333334,Late (20-30k),6,0.4250000019868215,0.07964766126737442,6,0.20242249220609665,0.037889124556431106,6,4000.0,0.0,6,0.10592036694288254,0.015114704110693116,6,0.653222256637364,0.12444975124178172,3,0.3854166666666667,0.043200919486099415,6,0.6145833333333334,0.04320091948609942,6,0.640625,0.04474319082273861,6,4.913066569970282,0.8324527834704913,6,2.525600508404787,0.331682891099994,6,0.3854166666666667,0.043200919486099415,6,0.12369369154418781,0.011965801291478171,6,0.18879685338961358,0.0014521188687110743,6,23.098958333333332,0.22117946537320726,6,0.1366802268244576,0.0013087542329775549,6,1.0,0.0,6,9.71875,0.2748105407973525,6,9.364583333333334,0.36216459579098076,6,1.0519401605339107,0.026266495739518784,6,0.998867101535129,0.0004672145528216936,6,0.025047642110790035,0.002320353117308227,6,0.8217238785070174,0.00766294372457955,6
MaxMC,25200,0.84,Late (20-30k),6,0.42500000943740207,0.09470348701078547,6,0.20010499035318693,0.037044432797236834,6,4000.0,0.0,6,0.11369834095239639,0.016756780398617596,6,0.703012367984941,0.1669502846457857,3,0.4322916666666667,0.06866313957365416,6,0.5677083333333334,0.06866313957365416,6,0.5677083333333334,0.06625032756732435,6,6.794812331767202,1.6768269863083087,6,3.5448932892235683,0.8248361550260455,6,,,0,,,0,,,0,,,0,,,0,,,0,,,0,,,0,,,0,,,0,,,0,,,0
MaxMC,25400,0.8466666666666667,Late (20-30k),6,0.3708333447575569,0.08609991596347763,6,0.16596331944068274,0.03292935745050685,6,4000.0,0.0,6,0.10198232779900233,0.026718583302487997,6,0.8758806419478623,0.42860872615998746,3,0.3854166666666667,0.02234126103075752,6,0.6145833333333334,0.022341261030757523,6,0.6041666666666666,0.03090082702956527,6,5.075927144056721,0.504876931260451,6,2.6905101750191402,0.23461227556379113,6,,,0,,,0,,,0,,,0,,,0,,,0,,,0,,,0,,,0,,,0,,,0,,,0
MaxMC,25600,0.8533333333333334,Late (20-30k),6,0.43541667113701504,0.09367589738791123,6,0.2094566524028778,0.03633884733490349,6,4000.0,0.0,6,0.11816487461328506,0.017738389238178085,6,0.6677189938692053,0.08638754829203382,3,0.34375,0.019764235376052375,6,0.65625,0.019764235376052375,6,0.6354166666666666,0.03668086846178961,6,4.401250654590997,0.434683683812391,6,2.4531889774445474,0.2256885918898817,6,,,0,,,0,,,0,,,0,,,0,,,0,,,0,,,0,,,0,,,0,,,0,,,0
MaxMC,25800,0.86,Late (20-30k),6,0.3958333432674408,0.07399793800210455,6,0.18815082808335623,0.030921709309286043,6,4000.0,0.0,6,0.11589700977007548,0.020593023790435823,6,0.9955481579503713,0.22147462623596348,3,0.3958333333333333,0.0287167682335213,6,0.6041666666666666,0.0287167682335213,6,0.5885416666666666,0.028431966799908715,6,5.407736769484425,0.596449548771095,6,2.8298921285251004,0.25285455249976535,6,,,0,,,0,,,0,,,0,,,0,,,0,,,0,,,0,,,0,,,0,,,0,,,0
MaxMC,26000,0.8666666666666667,Late (20-30k),6,0.45208334426085156,0.061864825646049774,6,0.20459832499424616,0.023350239239318744,6,4000.0,0.0,6,0.07871946940819423,0.004721042907922112,6,0.5220802078867698,0.01817812979257517,3,0.4375,0.018042195912175808,6,0.5625,0.018042195912175808,6,0.5677083333333334,0.0219739824059677,6,6.013652235362856,0.46353916505347115,6,3.0125991730269193,0.2058637524205791,6,0.4375,0.018042195912175808,6,0.14280118661322136,0.005239768472391658,6,0.18583570850582687,0.0011450825784428396,6,22.786458333333332,0.24117451683261326,6,0.13483111439842208,0.0014270681469385391,6,1.0,0.0,6,9.369791666666666,0.46262784456779565,6,8.661458333333334,0.7495405131830953,6,1.2057208994708994,0.1860219162502764,6,0.9978226485122983,0.0008891025070035782,6,0.02631695023665183,0.0009087710967613956,6,0.8215164966147013,0.006126574159003965,6
MaxMC,26200,0.8733333333333333,Late (20-30k),6,0.4166666716337204,0.1022490153380565,6,0.20091415320833525,0.04470505370967414,6,4000.0,0.0,6,0.10533407578865688,0.021875373006625197,6,0.8273912867210397,0.22387021024736925,3,0.421875,0.020963137289060532,6,0.578125,0.020963137289060532,6,0.5625,0.036975498644372606,6,5.962408310010993,0.6173265738768514,6,3.1213206549454946,0.3513356503092978,6,,,0,,,0,,,0,,,0,,,0,,,0,,,0,,,0,,,0,,,0,,,0,,,0
MaxMC,26400,0.88,Late (20-30k),6,0.40000001589457196,0.05907270205485784,6,0.20546499143044153,0.03060405561482726,6,4000.0,0.0,6,0.0919928178191185,0.009007193606579667,6,0.6195903809185583,0.11023144974037995,3,0.3125,0.036084391824351615,6,0.6875,0.036084391824351615,6,0.6979166666666666,0.037557825786083215,6,3.7136341151812577,0.45647533038716964,6,2.0730044615237038,0.1728687960817308,6,,,0,,,0,,,0,,,0,,,0,,,0,,,0,,,0,,,0,,,0,,,0,,,0
MaxMC,26600,0.8866666666666667,Late (20-30k),6,0.4833333392937978,0.12100562704558981,6,0.2254383253554503,0.0521621405584722,6,4000.0,0.0,6,0.13312033067146936,0.020589050073865443,6,0.9335096152030659,0.09937693413119447,3,0.40625,0.032274861218395144,6,0.59375,0.032274861218395144,6,0.59375,0.029092166757851964,6,5.443659133169629,0.6444816785681486,6,2.798125366478612,0.26051325682827825,6,,,0,,,0,,,0,,,0,,,0,,,0,,,0,,,0,,,0,,,0,,,0,,,0
MaxMC,26800,0.8933333333333333,Late (20-30k),6,0.49375000099341076,0.1031660251582403,6,0.24272499233484268,0.050425455897412694,6,4000.0,0.0,6,0.0992267777522405,0.009475904642615598,6,0.7151670425722999,0.09021761439104774,3,0.3697916666666667,0.03063633577052655,6,0.6302083333333334,0.03063633577052655,6,0.6302083333333334,0.03063633577052655,6,4.753082301188104,0.5583320467803782,6,2.507095968663176,0.22605751491011344,6,,,0,,,0,,,0,,,0,,,0,,,0,,,0,,,0,,,0,,,0,,,0,,,0
MaxMC,27000,0.9,Late (20-30k),6,0.4208333318432172,0.10446623747541597,6,0.2290208339691162,0.0521531066158729,6,4000.0,0.0,6,0.127481738726298,0.01684001167443589,6,0.6419579362826807,0.03098158598198978,3,0.390625,0.03675474742578615,6,0.609375,0.03675474742578615,6,0.6145833333333334,0.03193689524324144,6,5.123431542775562,0.6208708561699539,6,2.636515804973269,0.23357738998004474,6,0.390625,0.03675474742578615,6,0.1312670993192085,0.008475056112901773,6,0.1864878875233905,0.001739225047196483,6,23.635416666666668,0.19643082610538615,6,0.1398545364891519,0.0011623125805052406,6,1.0,0.0,6,8.786458333333334,1.4377132239205812,6,8.494791666666666,1.3973425454183064,6,1.03305987993488,0.02386184035064292,6,0.995399975636905,0.0024853473711720165,6,0.02398191384660622,0.0014029431004604833,6,0.8214353576593404,0.004872813442804714,6
MaxMC,27200,0.9066666666666666,Late (20-30k),6,0.4125000114242236,0.07905694173981809,6,0.2058299941321214,0.03343013225571806,6,4000.0,0.0,6,0.08224075535933177,0.004856771836677751,6,0.5895954285070553,0.04503073005958819,3,0.4114583333333333,0.050010849517324193,6,0.5885416666666666,0.05001084951732419,6,0.5677083333333334,0.043762399036666684,6,6.089174229477877,1.1003516166500424,6,3.184295063299689,0.49435734555957495,6,,,0,,,0,,,0,,,0,,,0,,,0,,,0,,,0,,,0,,,0,,,0,,,0
MaxMC,27400,0.9133333333333333,Late (20-30k),6,0.4625000059604645,0.08803408921700395,6,0.21742249528566995,0.034370108346496314,6,4000.0,0.0,6,0.1301189735531807,0.027717342562105333,6,0.8139103892251262,0.2328111152155159,3,0.3177083333333333,0.027263025683963337,6,0.6822916666666666,0.027263025683963337,6,0.6666666666666666,0.0501733107449679,6,4.028722167649676,0.6509740206660244,6,2.32422790489172,0.3411599818971641,6,,,0,,,0,,,0,,,0,,,0,,,0,,,0,,,0,,,0,,,0,,,0,,,0
MaxMC,27600,0.92,Late (20-30k),6,0.38333334525426227,0.041541475254129746,6,0.18522832915186882,0.02144433993129849,6,4000.0,0.0,6,0.09698469440142314,0.01518530198990038,6,0.6853739776201208,0.17809179480958498,3,0.390625,0.03098848912634066,6,0.609375,0.03098848912634066,6,0.59375,0.03125,6,5.3147638969756175,0.5618003506265947,6,2.7913434301602336,0.25297069803817124,6,,,0,,,0,,,0,,,0,,,0,,,0,,,0,,,0,,,0,,,0,,,0,,,0
MaxMC,27800,0.9266666666666666,Late (20-30k),6,0.4020833373069763,0.0542387325219406,6,0.19482832898696265,0.01982800660037424,6,4000.0,0.0,6,0.10533845176299413,0.01267105410284262,6,0.7368942282305531,0.1934990362001859,3,0.3385416666666667,0.035554267012241694,6,0.6614583333333334,0.035554267012241694,6,0.6614583333333334,0.041470894244571635,6,4.250318439034487,0.6902661317820087,6,2.332084091507307,0.2853167648565048,6,,,0,,,0,,,0,,,0,,,0,,,0,,,0,,,0,,,0,,,0,,,0,,,0
MaxMC,28000,0.9333333333333333,Late (20-30k),6,0.28333334624767303,0.06651023710132531,6,0.14501832611858845,0.03188894456124351,6,4000.0,0.0,6,0.11425229410330455,0.017210668094088444,6,0.6402513682500695,0.09002132095492807,3,0.3697916666666667,0.028431966799908715,6,0.6302083333333334,0.028431966799908715,6,0.625,0.03952847075210475,6,4.792990512621052,0.5847503785349324,6,2.571033843325003,0.27574236529804147,6,0.3697916666666667,0.028431966799908715,6,0.12578139912196984,0.010556573553521971,6,0.185424084462546,0.0015651554572977584,6,22.953125,0.2927898759491751,6,0.13581730769230768,0.0017324844730720432,6,1.0,0.0,6,9.755208333333334,0.7425593001478814,6,9.307291666666666,0.6182666813245811,6,1.0446883267195768,0.027399238506331202,6,0.9967748310980736,0.0012947546675642456,6,0.020831648999771496,0.0025968560838637894,6,0.8245536471633685,0.006182348883157387,6
MaxMC,28200,0.94,Late (20-30k),6,0.3583333343267441,0.053586636306876545,6,0.17783832922577858,0.02110975236285377,6,4000.0,0.0,6,0.1002258410056432,0.01966130979436987,6,0.6662647511116191,0.06702109087292818,3,0.359375,0.017585357308473056,6,0.640625,0.017585357308473056,6,0.6302083333333334,0.018778912893041615,6,4.566621354607853,0.2742687423808608,6,2.450659701206399,0.11860640803076378,6,,,0,,,0,,,0,,,0,,,0,,,0,,,0,,,0,,,0,,,0,,,0,,,0
MaxMC,28400,0.9466666666666667,Late (20-30k),6,0.4000000034769376,0.07499999875823683,6,0.21105249474445978,0.030307939833121435,6,4000.0,0.0,6,0.08832826465368271,0.005481302131375195,6,0.6620960566071474,0.11034482389118225,3,0.4322916666666667,0.03820233504352552,6,0.5677083333333334,0.03820233504352552,6,0.5520833333333334,0.036680868461789605,6,6.317752806989842,0.7245029850482967,6,3.233756955990255,0.3210309183958058,6,,,0,,,0,,,0,,,0,,,0,,,0,,,0,,,0,,,0,,,0,,,0,,,0
MaxMC,28600,0.9533333333333334,Late (20-30k),6,0.34166667610406876,0.07236098208759673,6,0.17935166756312051,0.03505460715717633,6,4000.0,0.0,6,0.1089900682369868,0.023768609748717685,6,0.8614940593081452,0.32509814379454804,3,0.3854166666666667,0.015450413514782635,6,0.6145833333333334,0.015450413514782636,6,0.6145833333333334,0.022341261030757523,6,4.959161534617656,0.34439115620827637,6,2.5872887714336406,0.15143752469326813,6,,,0,,,0,,,0,,,0,,,0,,,0,,,0,,,0,,,0,,,0,,,0,,,0
MaxMC,28800,0.96,Late (20-30k),6,0.4895833383003871,0.09839422481949138,6,0.23105832437674204,0.04059597299379914,6,4000.0,0.0,6,0.08848569293816884,0.004398924723150916,6,0.6666749518265837,0.04759734130908348,3,0.390625,0.026455052290000614,6,0.609375,0.026455052290000614,6,0.6197916666666666,0.024760134008343156,6,4.9713751543295315,0.4601381906446194,6,2.5638845436613464,0.18032063871894993,6,,,0,,,0,,,0,,,0,,,0,,,0,,,0,,,0,,,0,,,0,,,0,,,0
MaxMC,29000,0.9666666666666667,Late (20-30k),6,0.43541666368643445,0.05346500749463057,6,0.21274915834267935,0.021155828704267386,6,4000.0,0.0,6,0.08774122347434361,0.010105022382025337,6,0.624114141915299,0.16401905921400325,3,0.3958333333333333,0.03193689524324144,6,0.6041666666666666,0.03193689524324144,6,0.6197916666666666,0.027263025683963337,6,5.048572367817859,0.4851192961969193,6,2.574565583821618,0.17986990041710682,6,0.3958333333333333,0.03193689524324144,6,0.12908196538779665,0.007453165050402445,6,0.181828124209781,0.002327617277502323,6,23.057291666666668,0.23571376901398397,6,0.13643367850098617,0.0013947560296685448,6,1.0,0.0,6,9.255208333333334,0.5437509977640911,6,8.494791666666666,0.4112209230686645,6,1.1031963985088984,0.06263168585993975,6,0.9984625610609988,0.0005938666371772629,6,0.027265082406122257,0.004112956762762666,6,0.8210959994811543,0.0052154730941107825,6
MaxMC,29200,0.9733333333333334,Late (20-30k),6,0.40416666865348816,0.09940796523433368,6,0.1929741588731607,0.046703819113100835,6,4000.0,0.0,6,0.08686862637599309,0.013552925827689605,6,0.6421450516999542,0.12043541396123236,3,0.34375,0.016137430609197572,6,0.65625,0.016137430609197572,6,0.6354166666666666,0.03090082702956527,6,4.401932259360439,0.4044279568828001,6,2.4423197066129037,0.23256997588886735,6,,,0,,,0,,,0,,,0,,,0,,,0,,,0,,,0,,,0,,,0,,,0,,,0
MaxMC,29400,0.98,Late (20-30k),6,0.39374999701976776,0.0777783947655971,6,0.19100248937805495,0.03330504423597428,6,4000.0,0.0,6,0.09608715275923412,0.013234602661880113,6,0.6540279722790333,0.06702045664288987,3,0.390625,0.04546490175582333,6,0.609375,0.04546490175582333,6,0.6302083333333334,0.04801846071506713,6,5.149921989439357,1.014732957339122,6,2.65776311302105,0.4275742922331778,6,,,0,,,0,,,0,,,0,,,0,,,0,,,0,,,0,,,0,,,0,,,0,,,0
MaxMC,29600,0.9866666666666667,Late (20-30k),6,0.43541667362054187,0.10146924105708421,6,0.22285165761907896,0.04277718715518708,6,4000.0,0.0,6,0.10045050581296285,0.020654582579719104,6,0.7442474377083887,0.192372084745653,3,0.4166666666666667,0.015450413514782635,6,0.5833333333333334,0.015450413514782635,6,0.5729166666666666,0.010416666666666668,6,5.662499060784419,0.18807017770026468,6,2.90293088378756,0.08780399098821674,6,,,0,,,0,,,0,,,0,,,0,,,0,,,0,,,0,,,0,,,0,,,0,,,0
MaxMC,29800,0.9933333333333333,Late (20-30k),6,0.4125000014901161,0.0976281217119925,6,0.20779499784111977,0.03837262333580377,6,4000.0,0.0,6,0.08269936094681422,0.007342046610111632,6,0.5193774126766909,0.03639832636217195,3,0.375,0.03517071461694611,6,0.625,0.03517071461694611,6,0.640625,0.03585815516262189,6,4.724570816889529,0.6383609130487055,6,2.460669657079732,0.2490882773418933,6,,,0,,,0,,,0,,,0,,,0,,,0,,,0,,,0,,,0,,,0,,,0,,,0
MaxMC,30000,1.0,Late (20-30k),6,0.3437500024835269,0.06281172159410117,6,0.15171249335010847,0.02104897469291563,6,4000.0,0.0,6,0.07247453927993774,0.006976484069685634,6,0.480538403217962,0.03077065403626786,3,0.390625,0.019348099605215323,6,0.609375,0.019348099605215323,6,0.6041666666666666,0.03193689524324144,6,5.13884539639378,0.5162929817217535,6,2.708791255390191,0.2598174018220889,6,0.390625,0.019348099605215323,6,0.13614637017242479,0.007994077456843503,6,0.18840475763552686,0.0016915175978041922,6,23.489583333333332,0.33605658419048684,6,0.13899161735700197,0.0019885004981685613,6,1.0,0.0,6,10.098958333333334,0.9776611875130591,6,9.796875,1.027510581352653,6,1.0370402745402745,0.022699908490629958,6,0.9987166400324498,0.00069560113761335,6,0.025570472446185377,0.002909043899872155,6,0.809782473013463,0.004443881271365384,6
Mean absolute advantage,200,0.006666666666666667,Early (0-10k),3,0.0,0.0,3,0.0,0.0,3,2976.0,110.85125168440815,3,,,0,,,0,0.4479166666666667,0.07511565157216644,3,0.5520833333333334,0.07511565157216646,3,0.5729166666666666,0.0683066512948125,3,6.387340808778288,1.862465331587024,3,3.175330076701787,0.8075906057461939,3,,,0,,,0,,,0,,,0,,,0,,,0,,,0,,,0,,,0,,,0,,,0,,,0
Mean absolute advantage,400,0.013333333333333334,Early (0-10k),3,0.004166666728754838,0.004166666728754839,3,0.0011216665152460337,0.0011216665152460337,3,4000.0,0.0,3,0.0852098527053992,0.01355793550738018,3,,,0,0.3333333333333333,0.020833333333333336,3,0.6666666666666666,0.020833333333333332,3,0.6666666666666666,0.027559909490256152,3,3.9458911187964034,0.29842818747865196,3,2.194642263397807,0.15191649519954242,3,,,0,,,0,,,0,,,0,,,0,,,0,,,0,,,0,,,0,,,0,,,0,,,0
Mean absolute advantage,600,0.02,Early (0-10k),3,0.029166667411724728,0.015023130624396181,3,0.013716666648785273,0.0068695610584596336,3,4000.0,0.0,3,0.09109101941188176,0.013665345611569917,3,,,0,0.375,0.05412658773652742,3,0.625,0.05412658773652742,3,0.6458333333333334,0.06336210969060646,3,4.6976835060969,1.1260775589825203,3,2.4551055373187114,0.4695257342518845,3,,,0,,,0,,,0,,,0,,,0,,,0,,,0,,,0,,,0,,,0,,,0,,,0
Mean absolute advantage,800,0.02666666666666667,Early (0-10k),3,0.06666666766007741,0.03333333383003871,3,0.032376665621995926,0.017404322645523006,3,4000.0,0.0,3,0.06380593031644821,0.006192652024066754,3,,,0,0.4270833333333333,0.055119818980512304,3,0.5729166666666666,0.05511981898051231,3,0.5729166666666666,0.04540519732854869,3,5.945101540320451,1.117697899653485,3,2.9989855587763223,0.43581021155075,3,,,0,,,0,,,0,,,0,,,0,,,0,,,0,,,0,,,0,,,0,,,0,,,0
Mean absolute advantage,1000,0.03333333333333333,Early (0-10k),3,0.06666666766007741,0.03410563739901965,3,0.043596663822730385,0.02358684488863397,3,4000.0,0.0,3,0.07194509108861287,0.01894593697206231,3,,,0,0.3958333333333333,0.03755782578608323,3,0.6041666666666666,0.03755782578608323,3,0.6145833333333334,0.027559909490256152,3,5.024788764340023,0.6362125759757815,3,2.5816110966768413,0.2302174557253117,3,0.3958333333333333,0.03755782578608323,3,0.13093704269262582,0.007354416842281141,3,0.1864921403382942,0.002551833742991512,3,22.885416666666668,0.23547196990536076,3,0.13541666666666666,0.0013933252657121894,3,1.0,0.0,3,9.875,1.960797430256374,3,9.604166666666666,2.0157528490891714,3,1.0456446909571908,0.009507979407103982,3,0.9982904823806917,0.0011731617149676893,3,0.021084557483865323,0.0008024084026762382,3,0.8160525388571033,0.01746452868417089,3
Mean absolute advantage,1200,0.04,Early (0-10k),3,0.037500000248352684,0.019094065476941834,3,0.014489998730520407,0.00859671030224384,3,4000.0,0.0,3,0.03473586837450663,0.0010661270792124526,3,,,0,0.3020833333333333,0.03755782578608322,3,0.6979166666666666,0.03755782578608323,3,0.7083333333333334,0.03755782578608323,3,3.4584357546064375,0.5055776970004479,3,1.9779132967402262,0.18953073328178535,3,,,0,,,0,,,0,,,0,,,0,,,0,,,0,,,0,,,0,,,0,,,0,,,0
Mean absolute advantage,1400,0.04666666666666667,Early (0-10k),3,0.050000001986821495,0.03307189270246627,3,0.02868499917288621,0.0213714189049613,3,4000.0,0.0,3,0.03575111925601959,0.0036750056925826634,3,,,0,0.3854166666666667,0.03755782578608322,3,0.6145833333333334,0.03755782578608323,3,0.6041666666666666,0.027559909490256152,3,5.05500991861054,0.5709600233541952,3,2.650173320249008,0.21834802326670555,3,,,0,,,0,,,0,,,0,,,0,,,0,,,0,,,0,,,0,,,0,,,0,,,0
Mean absolute advantage,1600,0.05333333333333334,Early (0-10k),3,0.0833333358168602,0.00833333283662796,3,0.0392033327370882,0.005869756868896286,3,4000.0,0.0,3,0.05123060196638107,0.016815883945057522,3,,,0,0.3958333333333333,0.07511565157216644,3,0.6041666666666666,0.07511565157216644,3,0.5729166666666666,0.07511565157216646,3,5.709280118389301,1.3392012325901597,3,3.0530569801243117,0.6057514483718713,3,,,0,,,0,,,0,,,0,,,0,,,0,,,0,,,0,,,0,,,0,,,0,,,0
Mean absolute advantage,1800,0.06,Early (0-10k),3,0.07916666815678279,0.025344843386295435,3,0.04358666576445103,0.013549532846336773,3,4000.0,0.0,3,0.03888780126969019,0.006599968653425007,3,,,0,0.34375,0.047735163489123336,3,0.65625,0.047735163489123336,3,0.6666666666666666,0.05511981898051231,3,4.213210223031523,0.9306334632726306,3,2.2765684974829523,0.3784087624704889,3,,,0,,,0,,,0,,,0,,,0,,,0,,,0,,,0,,,0,,,0,,,0,,,0
Mean absolute advantage,2000,0.06666666666666667,Early (0-10k),3,0.09583333383003871,0.05416666668577072,3,0.05522833267847697,0.030580660406800596,3,4000.0,0.0,3,0.04601230969031652,0.006205690477578751,3,,,0,0.34375,0.018042195912175808,3,0.65625,0.018042195912175808,3,0.6666666666666666,0.020833333333333332,3,4.0642814187439535,0.32714704898680275,3,2.203606858216735,0.13493312157617574,3,0.34375,0.018042195912175808,3,0.11743653368963543,0.00551446941918799,3,0.18636363636363637,0.0023433659236103545,3,22.8125,0.19515618744994997,3,0.13498520710059173,0.0011547703399405326,3,1.0,0.0,3,9.125,1.4284133097018292,3,8.145833333333334,0.7165576467466601,3,1.1474358974358976,0.09228320544158955,3,0.9948013603567706,0.002732131673160936,3,0.02276206014507561,0.005942020882131858,3,0.8306354634204175,0.01937419155795356,3
Mean absolute advantage,2200,0.07333333333333333,Early (0-10k),3,0.10833333836247523,0.04912427844129981,3,0.05335833535840114,0.024556442998623095,3,4000.0,0.0,3,0.03994603455066681,0.004017557456254241,3,,,0,0.40625,0.036084391824351615,3,0.59375,0.036084391824351615,3,0.5833333333333334,0.020833333333333332,3,5.495918398767117,0.5230869355560674,3,2.8226228154671804,0.18118544091540148,3,,,0,,,0,,,0,,,0,,,0,,,0,,,0,,,0,,,0,,,0,,,0,,,0
Mean absolute advantage,2400,0.08,Early (0-10k),3,0.125,0.06414501779949917,3,0.06710000149905682,0.031847057321590114,3,4000.0,0.0,3,0.03250430027643839,0.0008687895804355908,3,,,0,0.4375,0.018042195912175808,3,0.5625,0.018042195912175808,3,0.5625,0.018042195912175808,3,6.055210557882238,0.4240014314331777,3,3.0271913966532242,0.18001022222603275,3,,,0,,,0,,,0,,,0,,,0,,,0,,,0,,,0,,,0,,,0,,,0,,,0
Mean absolute advantage,2600,0.08666666666666667,Early (0-10k),3,0.14583333736906448,0.07580585752043764,3,0.06652832628848653,0.04018379631609502,3,4000.0,0.0,3,0.0387168750166893,0.004611607933166754,3,,,0,0.4375,0.03125,3,0.5625,0.03125,3,0.5729166666666666,0.020833333333333332,3,5.924027473469099,0.5897493814647233,3,2.9384098544232926,0.21500559910414332,3,,,0,,,0,,,0,,,0,,,0,,,0,,,0,,,0,,,0,,,0,,,0,,,0
Mean absolute advantage,2800,0.09333333333333334,Early (0-10k),3,0.1458333358168602,0.06548430864191737,3,0.08059833074609439,0.037113817931347534,3,4000.0,0.0,3,0.030239296456178028,0.0018904997605519215,3,,,0,0.2916666666666667,0.027559909490256156,3,0.7083333333333334,0.027559909490256152,3,0.6875,0.03125,3,3.4937880794296063,0.35274732519727564,3,2.0594742636291636,0.15502625546205584,3,,,0,,,0,,,0,,,0,,,0,,,0,,,0,,,0,,,0,,,0,,,0,,,0
Mean absolute advantage,3000,0.1,Early (0-10k),3,0.17083333060145378,0.06052432767564035,3,0.07267333070437114,0.023698672517083873,3,4000.0,0.0,3,0.047989875078201294,0.0054783367675420224,3,,,0,0.375,0.09547032697824667,3,0.625,0.09547032697824667,3,0.625,0.10045469542700995,3,5.329071304691214,1.7577536688553623,3,2.799215187948859,0.7700801053453132,3,0.375,0.09547032697824667,3,0.128563020932748,0.0296796339992374,3,0.1855863153940077,0.003980362317250823,3,23.708333333333332,0.11458333333333333,3,0.14028599605522682,0.000678007889546343,3,1.0,0.0,3,9.302083333333334,0.03755782578608322,3,9.072916666666666,0.11738987155817339,3,1.0297371031746032,0.01532583579179271,3,0.9992151692593271,0.0003113356382582148,3,0.023759391781546613,0.004656955867614057,3,0.816436797969348,0.00774493578825898,3
Mean absolute advantage,3200,0.10666666666666667,Early (0-10k),3,0.18333333730697632,0.06305311003050296,3,0.09862832973400752,0.03813162877245851,3,4000.0,0.0,3,0.042717513938744865,0.003965155500274882,3,,,0,0.3854166666666667,0.027559909490256156,3,0.6145833333333334,0.027559909490256152,3,0.6354166666666666,0.03755782578608323,3,4.730012281482408,0.6664843320383302,3,2.4500419751577316,0.2863122931422852,3,,,0,,,0,,,0,,,0,,,0,,,0,,,0,,,0,,,0,,,0,,,0,,,0
Mean absolute advantage,3400,0.11333333333333333,Early (0-10k),3,0.17083334239820638,0.07716775265070222,3,0.07975333059827487,0.04172761514117593,3,4000.0,0.0,3,0.031838662922382355,0.0007001150415586016,3,,,0,0.4166666666666667,0.027559909490256156,3,0.5833333333333334,0.027559909490256156,3,0.5833333333333334,0.027559909490256152,3,5.582700625262558,0.6105797998427388,3,2.8421929880224384,0.25924512527293564,3,,,0,,,0,,,0,,,0,,,0,,,0,,,0,,,0,,,0,,,0,,,0,,,0
Mean absolute advantage,3600,0.12,Early (0-10k),3,0.19166667262713113,0.06468406449796874,3,0.10069165999690692,0.0384703827924709,3,4000.0,0.0,3,0.033249884843826294,0.0025145076816856923,3,,,0,0.34375,0.047735163489123336,3,0.65625,0.047735163489123336,3,0.6875,0.047735163489123336,3,3.9494244245788592,0.7009346060677663,3,2.123725594474854,0.2596201615282134,3,,,0,,,0,,,0,,,0,,,0,,,0,,,0,,,0,,,0,,,0,,,0,,,0
Mean absolute advantage,3800,0.12666666666666668,Early (0-10k),3,0.20416667064030966,0.07916667064030965,3,0.12027166535456975,0.052805701363671985,3,4000.0,0.0,3,0.030269600450992584,0.0009740670729606871,3,,,0,0.3854166666666667,0.020833333333333336,3,0.6145833333333334,0.020833333333333332,3,0.6145833333333334,0.03755782578608323,3,4.945176933587649,0.5706186822231027,3,2.5910076450975956,0.26919122811464774,3,,,0,,,0,,,0,,,0,,,0,,,0,,,0,,,0,,,0,,,0,,,0,,,0
Mean absolute advantage,4000,0.13333333333333333,Early (0-10k),3,0.20833333830038706,0.05220818127413129,3,0.10112832486629486,0.03392776091775099,3,4000.0,0.0,3,0.03150224685668945,0.0016237662705975158,3,,,0,0.375,0.03125,3,0.625,0.03125,3,0.6458333333333334,0.04166666666666667,3,4.557334242638895,0.7358296552499015,3,2.3858378979122015,0.31296340398507577,3,0.375,0.03125,3,0.1242881911306229,0.011534766433205536,3,0.18955403570788187,0.0008051555442251062,3,24.114583333333332,0.19291936643179308,3,0.14268984220907296,0.00114153471261416,3,1.0,0.0,3,9.041666666666666,2.047159914437018,3,8.979166666666666,2.0382358504217426,3,1.0064814814814815,0.0038106661187856774,3,0.9964767106714469,0.0014630340653386986,3,0.025564148399745124,0.003368853086120792,3,0.8136891529290932,0.004378175142741277,3
Mean absolute advantage,4200,0.14,Early (0-10k),3,0.1458333395421505,0.05416666988569956,3,0.08578833689292271,0.03244070579815074,3,4000.0,0.0,3,0.03179824103911718,0.0020599606816369474,3,,,0,0.3958333333333333,0.052083333333333336,3,0.6041666666666666,0.05208333333333334,3,0.6354166666666666,0.05208333333333334,3,4.9155118037255106,1.0940072163365175,3,2.50472334682861,0.4318488529014844,3,,,0,,,0,,,0,,,0,,,0,,,0,,,0,,,0,,,0,,,0,,,0,,,0
Mean absolute advantage,4400,0.14666666666666667,Early (0-10k),3,0.2375000019868215,0.0710780078275929,3,0.1271599903702736,0.04817815844614977,3,4000.0,0.0,3,0.028727345168590546,0.0009712688312540273,3,,,0,0.28125,0.018042195912175808,3,0.71875,0.018042195912175808,3,0.71875,0.03125,3,3.231751296662709,0.32750924677000964,3,1.9109230978630733,0.1454131507414729,3,,,0,,,0,,,0,,,0,,,0,,,0,,,0,,,0,,,0,,,0,,,0,,,0
Mean absolute advantage,4600,0.15333333333333332,Early (0-10k),3,0.13333333283662796,0.027322660593671895,3,0.07102333009243011,0.020349337389294012,3,4000.0,0.0,3,0.038485296070575714,0.007073744899898765,3,,,0,0.4583333333333333,0.03755782578608323,3,0.5416666666666666,0.03755782578608323,3,0.5625,0.036084391824351615,3,6.316486501905632,0.9005316270589923,3,3.087302493813059,0.3712195014200769,3,,,0,,,0,,,0,,,0,,,0,,,0,,,0,,,0,,,0,,,0,,,0,,,0
Mean absolute advantage,4800,0.16,Early (0-10k),3,0.21249999602635702,0.038188130140958725,3,0.1331499988834063,0.024583097621137768,3,4000.0,0.0,3,0.03615772475798925,0.002266487077186789,3,,,0,0.375,0.03125,3,0.625,0.03125,3,0.6041666666666666,0.04540519732854869,3,5.014013521456746,0.7535333812287066,3,2.6855761908766826,0.355180446853767,3,,,0,,,0,,,0,,,0,,,0,,,0,,,0,,,0,,,0,,,0,,,0,,,0
Mean absolute advantage,5000,0.16666666666666666,Early (0-10k),3,0.23333332439263663,0.02916666368643443,3,0.1443233291308085,0.008563943389465764,3,4000.0,0.0,3,0.038736830155054726,0.0045784263128989975,3,,,0,0.3645833333333333,0.04166666666666667,3,0.6354166666666666,0.04166666666666667,3,0.65625,0.047735163489123336,3,4.401965276816701,0.7351768405910284,3,2.3207552686857595,0.2918647706959432,3,0.3645833333333333,0.04166666666666667,3,0.12064961506648852,0.013416677171135736,3,0.18599436942632208,0.0023385279710117965,3,23.166666666666668,0.3879421760320015,3,0.13708086785009863,0.002295515834508885,3,1.0,0.0,3,9.958333333333334,3.0789488815629564,3,8.854166666666666,2.5481261838086264,3,1.0972222222222223,0.07638888888888888,3,0.9980094894917872,0.001681731322410229,3,0.029219826750457995,0.00604020934835495,3,0.8093635565162901,0.008821624610482323,3
Mean absolute advantage,5200,0.17333333333333334,Early (0-10k),3,0.14583333333333334,0.02204792815541594,3,0.08914833267529805,0.0179537479910766,3,4000.0,0.0,3,0.04080016165971756,0.007187571934858106,3,,,0,0.3125,0.018042195912175808,3,0.6875,0.018042195912175808,3,0.6770833333333334,0.020833333333333332,3,3.7628160980216703,0.2811041603867354,3,2.129203588162607,0.11659240272317789,3,,,0,,,0,,,0,,,0,,,0,,,0,,,0,,,0,,,0,,,0,,,0,,,0
Mean absolute advantage,5400,0.18,Early (0-10k),3,0.17083333432674408,0.02204792909410104,3,0.10624333471059799,0.004280785076982256,3,4000.0,0.0,3,0.03835258632898331,0.006953162985011777,3,,,0,0.375,0.018042195912175808,3,0.625,0.018042195912175808,3,0.6145833333333334,0.03755782578608323,3,4.816666385227212,0.497715275423909,3,2.5739976783201866,0.2572778469228691,3,,,0,,,0,,,0,,,0,,,0,,,0,,,0,,,0,,,0,,,0,,,0,,,0
Mean absolute advantage,5600,0.18666666666666668,Early (0-10k),3,0.14583333333333334,0.008333330353101095,3,0.10150833676258723,0.008398386958886301,3,4000.0,0.0,3,0.036797262728214264,0.006920025557093808,3,,,0,0.3854166666666667,0.03755782578608323,3,0.6145833333333334,0.03755782578608323,3,0.6354166666666666,0.027559909490256152,3,4.716799347441216,0.5609674562339837,3,2.429306978891548,0.19642407547383053,3,,,0,,,0,,,0,,,0,,,0,,,0,,,0,,,0,,,0,,,0,,,0,,,0
Mean absolute advantage,5800,0.19333333333333333,Early (0-10k),3,0.17500000695387521,0.03145764604611392,3,0.11384499569733937,0.03389020717989387,3,4000.0,0.0,3,0.026970585187276203,0.002091477685558798,3,,,0,0.3645833333333333,0.03755782578608322,3,0.6354166666666666,0.03755782578608323,3,0.625,0.03125,3,4.721308196622616,0.6558177502702294,3,2.5042951162998626,0.25375086470304126,3,,,0,,,0,,,0,,,0,,,0,,,0,,,0,,,0,,,0,,,0,,,0,,,0
Mean absolute advantage,6000,0.2,Early (0-10k),3,0.2291666716337204,0.056056767121245875,3,0.12283166249593098,0.016755893031184393,3,4000.0,0.0,3,0.02900097022453944,0.0016964828714963673,3,,,0,0.4479166666666667,0.020833333333333336,3,0.5520833333333334,0.020833333333333332,3,0.5520833333333334,0.010416666666666668,3,6.25934268394662,0.32458578381703646,3,3.1175784045404167,0.1154257995730333,3,0.4479166666666667,0.020833333333333336,3,0.14930091620538272,0.0033695247803049713,3,0.1886410762150407,0.002217726785540426,3,23.90625,0.2545164942264712,3,0.14145710059171598,0.0015060147587365141,3,1.0,0.0,3,8.666666666666666,0.5902675652711329,3,8.166666666666666,0.8474712179642315,3,1.0793066886816887,0.0546518051929379,3,0.9994272420217628,0.00019025557894440968,3,0.019250007306161828,0.0043355174835839365,3,0.812825523259524,0.006560410949257783,3
Mean absolute advantage,6200,0.20666666666666667,Early (0-10k),3,0.26250000794728595,0.038188133392659376,3,0.14086499313513437,0.02499742994873726,3,4000.0,0.0,3,0.04267719636360804,0.009227215323475053,3,,,0,0.375,0.07864410870073699,3,0.625,0.07864410870073699,3,0.625,0.06505206248331664,3,5.003211670516466,1.5007079873504536,3,2.624982719661381,0.576559462616266,3,,,0,,,0,,,0,,,0,,,0,,,0,,,0,,,0,,,0,,,0,,,0,,,0
Mean absolute advantage,6400,0.21333333333333335,Early (0-10k),3,0.1041666679084301,0.027322660877722598,3,0.07248667068779469,0.025008579173861352,3,4000.0,0.0,3,0.04058517515659332,0.002154054495985438,3,,,0,0.34375,0.0625,3,0.65625,0.0625,3,0.6666666666666666,0.07291666666666667,3,4.311908809599279,1.022369282405097,3,2.3160915954327073,0.4073126598864416,3,,,0,,,0,,,0,,,0,,,0,,,0,,,0,,,0,,,0,,,0,,,0,,,0
Mean absolute advantage,6600,0.22,Early (0-10k),3,0.1458333358168602,0.025344843590440133,3,0.09186333417892456,0.0074519654650064045,3,4000.0,0.0,3,0.03403910001118978,0.004807357079210367,3,,,0,0.3854166666666667,0.08135676745736099,3,0.6145833333333334,0.08135676745736099,3,0.5833333333333334,0.05511981898051231,3,5.550811647658698,1.3828781832042367,3,2.915986289875679,0.503052180025051,3,,,0,,,0,,,0,,,0,,,0,,,0,,,0,,,0,,,0,,,0,,,0,,,0
Mean absolute advantage,6800,0.22666666666666666,Early (0-10k),3,0.1958333303531011,0.033333328862985255,3,0.11457833647727966,0.01194202135646047,3,4000.0,0.0,3,0.02506791055202484,0.001723447712234843,3,,,0,0.34375,0.03125,3,0.65625,0.03125,3,0.65625,0.036084391824351615,3,4.203215146126011,0.5877330259033854,3,2.28751928016274,0.23813830122887258,3,,,0,,,0,,,0,,,0,,,0,,,0,,,0,,,0,,,0,,,0,,,0,,,0
Mean absolute advantage,7000,0.23333333333333334,Early (0-10k),3,0.18333333730697632,0.018162078703515525,3,0.1013583317399025,0.013084996142823654,3,4000.0,0.0,3,0.03220124294360479,0.0008338018380270285,3,,,0,0.3645833333333333,0.052083333333333336,3,0.6354166666666666,0.05208333333333334,3,0.625,0.06505206248331664,3,4.83080664207134,1.2038050846098713,3,2.607535607526381,0.5464527511084853,3,0.3645833333333333,0.052083333333333336,3,0.13262709168416364,0.016703833874397344,3,0.19289940828402363,0.002711583251453148,3,23.875,0.047735163489123336,3,0.14127218934911243,0.00028245658869304044,3,1.0,0.0,3,9.052083333333334,0.36990168551176467,3,8.822916666666666,0.3879421760320015,3,1.0350986975986975,0.009422261326820527,3,0.9994242827573085,0.00025792019874355,3,0.02673030938866007,0.0038833800701399933,3,0.7937903672408626,0.007970360439482033,3
Mean absolute advantage,7200,0.24,Early (0-10k),3,0.24166666467984518,0.03703414385255144,3,0.11937165508667628,0.02277665867616841,3,4000.0,0.0,3,0.027263025442759197,0.0012143158155676994,3,,,0,0.3541666666666667,0.05799754544614606,3,0.6458333333333334,0.05799754544614607,3,0.625,0.07864410870073699,3,4.812966175768593,1.3800906822929522,3,2.664102829440227,0.6854190128196688,3,,,0,,,0,,,0,,,0,,,0,,,0,,,0,,,0,,,0,,,0,,,0,,,0
Mean absolute advantage,7400,0.24666666666666667,Early (0-10k),3,0.274999996026357,0.03608438322116253,3,0.1595149983962377,0.02910380796903547,3,4000.0,0.0,3,0.03949946413437525,0.007252462712844469,3,,,0,0.40625,0.047735163489123336,3,0.59375,0.047735163489123336,3,0.5416666666666666,0.07291666666666667,3,6.004532626148122,1.3960165406255407,3,3.3496329480904556,0.805244400237529,3,,,0,,,0,,,0,,,0,,,0,,,0,,,0,,,0,,,0,,,0,,,0,,,0
Mean absolute advantage,7600,0.25333333333333335,Early (0-10k),3,0.2166666785875956,0.03974747203673101,3,0.11894166966279347,0.008193582699500844,3,4000.0,0.0,3,0.03455980370442072,0.006734786943633819,3,,,0,0.4375,0.03125,3,0.5625,0.03125,3,0.5833333333333334,0.03755782578608323,3,5.812606211463272,0.7509030811357629,3,2.8804925844128184,0.3208155194287003,3,,,0,,,0,,,0,,,0,,,0,,,0,,,0,,,0,,,0,,,0,,,0,,,0
Mean absolute advantage,7800,0.26,Early (0-10k),3,0.2375000019868215,0.059072691544388885,3,0.1429699957370758,0.029082445409267438,3,4000.0,0.0,3,0.030178343256314594,0.001723247062873832,3,,,0,0.3541666666666667,0.010416666666666666,3,0.6458333333333334,0.010416666666666668,3,0.6041666666666666,0.03755782578608323,3,4.647994588495169,0.2677849670478438,3,2.598268274364463,0.2421156461279007,3,,,0,,,0,,,0,,,0,,,0,,,0,,,0,,,0,,,0,,,0,,,0,,,0
Mean absolute advantage,8000,0.26666666666666666,Early (0-10k),3,0.2708333333333333,0.0363241585465516,3,0.15486832956473032,0.026627985435656115,3,4000.0,0.0,3,0.0286403422554334,0.0039528843679043045,3,,,0,0.3541666666666667,0.06336210969060646,3,0.6458333333333334,0.06336210969060646,3,0.6666666666666666,0.05511981898051231,3,4.314485707113943,1.0315525846827582,3,2.283300188593745,0.3847871779961578,3,0.3541666666666667,0.06336210969060646,3,0.11930950563084558,0.01602003878348538,3,0.18899049668280435,0.003435044658538287,3,23.697916666666668,0.63130500310424,3,0.14022435897435895,0.0037355325627469746,3,0.9895833333333334,0.010416666666666668,3,11.29872311827957,0.3528112197351638,3,10.59375,0.47837343763354306,3,1.0765422450906321,0.05765454953291652,3,0.9979804491465778,0.0014902916369505161,3,0.027912492455200194,0.006750742769656323,3,0.8157811660267283,0.0063331987820228015,3
Mean absolute advantage,8200,0.2733333333333333,Early (0-10k),3,0.20000000298023224,0.01909406181877959,3,0.10290500273307164,0.012459406109942579,3,4000.0,0.0,3,0.030054608980814617,0.0008685714730191708,3,,,0,0.40625,0.018042195912175808,3,0.59375,0.018042195912175808,3,0.5833333333333334,0.010416666666666668,3,5.462849179949635,0.29679408010384356,3,2.809968601102255,0.10123686099672248,3,,,0,,,0,,,0,,,0,,,0,,,0,,,0,,,0,,,0,,,0,,,0,,,0
Mean absolute advantage,8400,0.28,Early (0-10k),3,0.1583333338300387,0.036324155412870436,3,0.09512333323558171,0.01655291183560113,3,4000.0,0.0,3,0.02628784378369649,0.0021115315943906216,3,,,0,0.3854166666666667,0.04540519732854869,3,0.6145833333333334,0.04540519732854869,3,0.6458333333333334,0.04540519732854869,3,4.665330359151629,0.8628885585826805,3,2.3994727497957826,0.3319479713333405,3,,,0,,,0,,,0,,,0,,,0,,,0,,,0,,,0,,,0,,,0,,,0,,,0
Mean absolute advantage,8600,0.2866666666666667,Early (0-10k),3,0.18750000248352686,0.06291528567768004,3,0.1080599973599116,0.0316468016570124,3,4000.0,0.0,3,0.03632035106420517,0.0016121843045405534,3,,,0,0.3125,0.06505206248331664,3,0.6875,0.06505206248331664,3,0.6875,0.0625,3,3.8434744346747713,0.8476886319370882,3,2.144091227381978,0.32367149095284686,3,,,0,,,0,,,0,,,0,,,0,,,0,,,0,,,0,,,0,,,0,,,0,,,0
Mean absolute advantage,8800,0.29333333333333333,Early (0-10k),3,0.24583333730697632,0.07228896465803594,3,0.15067333231369653,0.05053047684604018,3,4000.0,0.0,3,0.04207634925842285,0.002480289947984393,3,,,0,0.3854166666666667,0.04166666666666667,3,0.6145833333333334,0.04166666666666667,3,0.6354166666666666,0.05208333333333334,3,4.815123067760543,0.9936184803715499,3,2.497384738870807,0.4245102449436815,3,,,0,,,0,,,0,,,0,,,0,,,0,,,0,,,0,,,0,,,0,,,0,,,0
Mean absolute advantage,9000,0.3,Early (0-10k),3,0.25,0.07216878364870323,3,0.14824000000953674,0.0335378529650038,3,4000.0,0.0,3,0.034124294916788735,0.008070812668513064,3,,,0,0.4479166666666667,0.052083333333333336,3,0.5520833333333334,0.05208333333333334,3,0.5416666666666666,0.04540519732854869,3,6.596050471212256,1.1278443979832362,3,3.326927814732693,0.49488962402876446,3,0.4479166666666667,0.052083333333333336,3,0.14941226060953108,0.00971549509885774,3,0.18430607853684777,0.002347244014135833,3,23.21875,0.29536347664078805,3,0.13738905325443787,0.0017477128795312983,3,1.0,0.0,3,10.1875,2.722937388342474,3,8.479166666666666,1.6314309180218995,3,1.1914974204036703,0.1670431405601705,3,0.9980552744128802,0.0013018548068818706,3,0.030075173068042232,0.008123968560953189,3,0.8044008754862432,0.0009177078797875482,3
Mean absolute advantage,9200,0.30666666666666664,Early (0-10k),3,0.20000000298023224,0.0520416540430156,3,0.1266350025931994,0.01632769420068262,3,4000.0,0.0,3,0.03097206602493922,0.0035360053660798913,3,,,0,0.3020833333333333,0.03755782578608322,3,0.6979166666666666,0.03755782578608323,3,0.6979166666666666,0.03755782578608323,3,3.5648828558561925,0.5739562623887354,3,2.036402516800513,0.2216606713844644,3,,,0,,,0,,,0,,,0,,,0,,,0,,,0,,,0,,,0,,,0,,,0,,,0
Mean absolute advantage,9400,0.31333333333333335,Early (0-10k),3,0.13333333532015482,0.0041666676600774135,3,0.09224833051363628,0.010332975365443944,3,4000.0,0.0,3,0.0332462415099144,0.00152010644562554,3,,,0,0.40625,0.05412658773652742,3,0.59375,0.05412658773652742,3,0.625,0.05412658773652742,3,5.128174886848487,1.0854888041677389,3,2.585734556914175,0.4258936271676616,3,,,0,,,0,,,0,,,0,,,0,,,0,,,0,,,0,,,0,,,0,,,0,,,0
Mean absolute advantage,9600,0.32,Early (0-10k),3,0.18333333233992258,0.022047924400676246,3,0.11344833175341289,0.008636972087827691,3,4000.0,0.0,3,0.03197069466114044,0.00451127528347539,3,,,0,0.40625,0.047735163489123336,3,0.59375,0.047735163489123336,3,0.6041666666666666,0.027559909490256156,3,5.28191373292037,0.6841135596440082,3,2.671055916114263,0.22877269885254936,3,,,0,,,0,,,0,,,0,,,0,,,0,,,0,,,0,,,0,,,0,,,0,,,0
Mean absolute advantage,9800,0.32666666666666666,Early (0-10k),3,0.25833333283662796,0.0798218458839476,3,0.14820333073536554,0.04106170107035908,3,4000.0,0.0,3,0.03073706477880478,0.0037054445103748466,3,,,0,0.3541666666666667,0.027559909490256156,3,0.6458333333333334,0.027559909490256156,3,0.65625,0.036084391824351615,3,4.283455687721624,0.5733488162513415,3,2.2940855293852422,0.2375150859846751,3,,,0,,,0,,,0,,,0,,,0,,,0,,,0,,,0,,,0,,,0,,,0,,,0
Mean absolute advantage,10000,0.3333333333333333,Early (0-10k),3,0.12083333358168602,0.039747466504413374,3,0.0689483347038428,0.033755617736919444,3,4000.0,0.0,3,0.03592802087465922,0.009746921261936926,3,,,0,0.40625,0.018042195912175808,3,0.59375,0.018042195912175808,3,0.625,0.018042195912175808,3,4.943483805384944,0.3555188820961942,3,2.496297177768701,0.13650162120176484,3,0.40625,0.018042195912175808,3,0.13292533562384679,0.004663067072828871,3,0.1872159727189313,0.00018640802050569346,3,23.46875,0.23593232610221096,3,0.13886834319526628,0.0013960492668769902,3,0.9895833333333334,0.010416666666666668,3,10.946572580645162,1.1823682920805227,3,7.708333333333333,0.13779954745128076,3,1.4616898148148147,0.15843085293094694,3,0.9992820605187962,0.00026011804945216707,3,0.03661133735449493,0.002595766529381107,3,0.8095335612605505,0.00777602556862787,3
Mean absolute advantage,10200,0.34,Middle (10-20k),3,0.11666666964689891,0.020833333333333332,3,0.07124666621287663,0.015916177727951356,3,4000.0,0.0,3,0.021184114118417103,9.770035383205971e-05,3,,,0,0.4583333333333333,0.020833333333333336,3,0.5416666666666666,0.020833333333333332,3,0.5729166666666666,0.020833333333333332,3,6.081473251904247,0.511026492247149,3,2.9481189605028617,0.21015104606435878,3,,,0,,,0,,,0,,,0,,,0,,,0,,,0,,,0,,,0,,,0,,,0,,,0
Mean absolute advantage,10400,0.3466666666666667,Middle (10-20k),3,0.11250000198682149,0.007216877934710958,3,0.06296999752521515,0.003967874220507371,3,4000.0,0.0,3,0.034322897593180336,0.0027598724955727036,3,,,0,0.375,0.036084391824351615,3,0.625,0.036084391824351615,3,0.5729166666666666,0.08333333333333334,3,5.209696497271865,1.089430300473892,3,2.9844894996564015,0.7338922177307804,3,,,0,,,0,,,0,,,0,,,0,,,0,,,0,,,0,,,0,,,0,,,0,,,0
Mean absolute advantage,10600,0.35333333333333333,Middle (10-20k),3,0.13749999925494194,0.04506939083997899,3,0.07229499612003565,0.03386335759433058,3,4000.0,0.0,3,0.03839129706223806,0.008389376210582639,3,,,0,0.3958333333333333,0.010416666666666666,3,0.6041666666666666,0.010416666666666668,3,0.6041666666666666,0.027559909490256152,3,5.117854972431162,0.4017335541831164,3,2.6552117223431257,0.20813413936114233,3,,,0,,,0,,,0,,,0,,,0,,,0,,,0,,,0,,,0,,,0,,,0,,,0
Mean absolute advantage,10800,0.36,Middle (10-20k),3,0.2291666716337204,0.10316182305548914,3,0.12259165818492572,0.04046897185042512,3,4000.0,0.0,3,0.026320057610670727,0.0022201951882973615,3,,,0,0.375,0.018042195912175808,3,0.625,0.018042195912175808,3,0.59375,0.05412658773652742,3,5.02266856695367,0.6927409029314504,3,2.7581535503669605,0.4151655116062814,3,,,0,,,0,,,0,,,0,,,0,,,0,,,0,,,0,,,0,,,0,,,0,,,0
Mean absolute advantage,11000,0.36666666666666664,Middle (10-20k),3,0.18750000496705374,0.05636562543516788,3,0.1008150006333987,0.027340255860222998,3,4000.0,0.0,3,0.02968446910381317,0.005057515042193065,3,,,0,0.375,0.03125,3,0.625,0.03125,3,0.5520833333333334,0.07291666666666667,3,5.256617497367729,0.7618731011625335,3,3.0324175147673116,0.5825059418817838,3,0.375,0.03125,3,0.14207943627918815,0.01115296087269827,3,0.18500986193293886,0.002843159398086526,3,23.260416666666668,0.201179249123208,3,0.13763560157790927,0.0011904097581254902,3,1.0,0.0,3,8.802083333333334,0.4405892913032625,3,8.65625,0.43112921013697664,3,1.021387987012987,0.008890100747775867,3,0.9986434023477894,0.0007129702935846626,3,0.03502415975690948,0.004484107267797268,3,0.812310093321694,0.007420842093249076,3
Mean absolute advantage,11200,0.37333333333333335,Middle (10-20k),3,0.1875,0.014433760171016415,3,0.11248499651749928,0.00994748111333704,3,4000.0,0.0,3,0.028658029933770496,0.006287425533579282,3,,,0,0.3229166666666667,0.03755782578608323,3,0.6770833333333334,0.03755782578608323,3,0.6666666666666666,0.05799754544614607,3,4.045099501811552,0.7535978560869758,3,2.2596695463673035,0.3283496821753773,3,,,0,,,0,,,0,,,0,,,0,,,0,,,0,,,0,,,0,,,0,,,0,,,0
Mean absolute advantage,11400,0.38,Middle (10-20k),3,0.15833333879709244,0.02319901813385323,3,0.10676333059867223,0.015201026663142077,3,4000.0,0.0,3,0.030402059356371563,0.0051348480048983335,3,,,0,0.3229166666666667,0.020833333333333336,3,0.6770833333333334,0.020833333333333332,3,0.6458333333333334,0.027559909490256152,3,4.09574171793668,0.3582460825881475,3,2.3187854496207194,0.17744854759517054,3,,,0,,,0,,,0,,,0,,,0,,,0,,,0,,,0,,,0,,,0,,,0,,,0
Mean absolute advantage,11600,0.38666666666666666,Middle (10-20k),3,0.15833333631356558,0.020833333333333336,3,0.1056683287024498,0.0073609177585092795,3,4000.0,0.0,3,0.03418497989575068,0.004011531925533188,3,,,0,0.3854166666666667,0.052083333333333336,3,0.6145833333333334,0.05208333333333334,3,0.5833333333333334,0.010416666666666668,3,5.193463270608986,0.620539691223823,3,2.761462028555797,0.13823019931744798,3,,,0,,,0,,,0,,,0,,,0,,,0,,,0,,,0,,,0,,,0,,,0,,,0
Mean absolute advantage,11800,0.3933333333333333,Middle (10-20k),3,0.11250000198682149,0.047324236674193214,3,0.057690001713732876,0.02506254676932487,3,4000.0,0.0,3,0.025475223859151203,0.001829754328526409,3,,,0,0.3958333333333333,0.07291666666666667,3,0.6041666666666666,0.07291666666666667,3,0.5833333333333334,0.08333333333333334,3,5.753379263888974,1.4636733159513893,3,3.038115582619229,0.6453376547908432,3,,,0,,,0,,,0,,,0,,,0,,,0,,,0,,,0,,,0,,,0,,,0,,,0
Mean absolute advantage,12000,0.4,Middle (10-20k),3,0.24583333482344946,0.12754356483592347,3,0.10996332888801892,0.04722095474673149,3,4000.0,0.0,3,0.025449144343535107,0.0013877907888476607,3,,,0,0.3958333333333333,0.010416666666666666,3,0.6041666666666666,0.010416666666666668,3,0.5729166666666666,0.03755782578608323,3,5.422452549841694,0.43794260073590247,3,2.901227840692821,0.3112902267377604,3,0.3958333333333333,0.010416666666666666,3,0.14104154736909078,0.009544105137569881,3,0.18679512466494716,0.001774960607943688,3,23.083333333333332,0.3405788067556628,3,0.13658777120315582,0.002015259211571968,3,1.0,0.0,3,11.208333333333334,1.3976977598099591,3,9.791666666666666,0.136613302589625,3,1.1553146795334295,0.13198126010632527,3,0.9980119437221279,0.0013683759327393667,3,0.025618027443096825,0.003862264969407851,3,0.8129883286401101,0.0039351542852690425,3
Mean absolute advantage,12200,0.4066666666666667,Middle (10-20k),3,0.2583333303531011,0.12713454807580724,3,0.14362832655509314,0.06453692623095371,3,4000.0,0.0,3,0.025341714421908062,0.0024260425056188686,3,,,0,0.4166666666666667,0.020833333333333336,3,0.5833333333333334,0.020833333333333332,3,0.5729166666666666,0.010416666666666668,3,5.694421000327741,0.33457255281095577,3,2.9060887512899893,0.10567595459236327,3,,,0,,,0,,,0,,,0,,,0,,,0,,,0,,,0,,,0,,,0,,,0,,,0
Mean absolute advantage,12400,0.41333333333333333,Middle (10-20k),3,0.2208333294838667,0.12381381254192418,3,0.1136733324577411,0.05896027934680242,3,4000.0,0.0,3,0.025640261669953663,0.005461361067284637,3,,,0,0.5,0.0,3,0.5,0.0,3,0.46875,0.036084391824351615,3,7.9978424692362795,0.486741279401469,3,4.140176744591006,0.448825084178123,3,,,0,,,0,,,0,,,0,,,0,,,0,,,0,,,0,,,0,,,0,,,0,,,0
Mean absolute advantage,12600,0.42,Middle (10-20k),3,0.22083333631356558,0.09023503268425603,3,0.11103333284457524,0.04380078567695016,3,4000.0,0.0,3,0.026235478619734447,0.0025613628866482823,3,,,0,0.375,0.03125,3,0.625,0.03125,3,0.65625,0.03125,3,4.4044853114783615,0.5829807240893685,3,2.2945723007642513,0.22169780683712567,3,,,0,,,0,,,0,,,0,,,0,,,0,,,0,,,0,,,0,,,0,,,0,,,0
Mean absolute advantage,12800,0.4266666666666667,Middle (10-20k),3,0.22083333134651184,0.10008676551354126,3,0.1220283309618632,0.03999917762487422,3,4000.0,0.0,3,0.031743720173835754,0.0028482652647682147,3,,,0,0.375,0.03125,3,0.625,0.03125,3,0.625,0.018042195912175808,3,4.723192973129174,0.42146262508431714,3,2.4815496695950134,0.14077037330195905,3,,,0,,,0,,,0,,,0,,,0,,,0,,,0,,,0,,,0,,,0,,,0,,,0
Mean absolute advantage,13000,0.43333333333333335,Middle (10-20k),3,0.20833333333333334,0.04409585631083187,3,0.10975333551565807,0.022279626446456487,3,4000.0,0.0,3,0.022393604119618733,0.0016817998066799235,3,,,0,0.3541666666666667,0.04166666666666667,3,0.6458333333333334,0.04166666666666667,3,0.65625,0.036084391824351615,3,4.30345125612106,0.6582045224231152,3,2.295642558144428,0.2422297047941549,3,0.3541666666666667,0.04166666666666667,3,0.12160399567347457,0.010778592280124507,3,0.18565793181177795,0.0029079651198888404,3,23.354166666666668,0.15344708190266915,3,0.13819033530571992,0.0009079708988323603,3,1.0,0.0,3,11.0625,1.7955384522012703,3,10.854166666666666,1.834753238025333,3,1.0275883838383837,0.008596992187146138,3,0.9977719839067339,0.0014735865631632418,3,0.03056971741624029,0.01037743222602666,3,0.8134986250394064,0.004864917633649306,3
Mean absolute advantage,13200,0.44,Middle (10-20k),3,0.2541666676600774,0.09851324734502166,3,0.13014666239420572,0.0407283712488759,3,4000.0,0.0,3,0.031190829972426098,0.00602547749139635,3,,,0,0.3229166666666667,0.04166666666666667,3,0.6770833333333334,0.04166666666666667,3,0.6354166666666666,0.05511981898051231,3,4.280163069165741,0.8556790934784285,3,2.4478997257114528,0.40631968140281777,3,,,0,,,0,,,0,,,0,,,0,,,0,,,0,,,0,,,0,,,0,,,0,,,0
Mean absolute advantage,13400,0.44666666666666666,Middle (10-20k),3,0.11250000198682149,0.007216877934710958,3,0.07719000428915024,0.0072199348359791495,3,4000.0,0.0,3,0.02692129711310069,0.002752552610441952,3,,,0,0.3958333333333333,0.027559909490256156,3,0.6041666666666666,0.027559909490256152,3,0.59375,0.05412658773652742,3,5.294318000474362,0.8390316640599729,3,2.8006375173543923,0.4441514408849454,3,,,0,,,0,,,0,,,0,,,0,,,0,,,0,,,0,,,0,,,0,,,0,,,0
Mean absolute advantage,13600,0.4533333333333333,Middle (10-20k),3,0.20833333333333334,0.03703414022010993,3,0.10505832980076472,0.017447017189062723,3,4000.0,0.0,3,0.027974652747313183,0.005543840023332829,3,,,0,0.34375,0.047735163489123336,3,0.65625,0.047735163489123336,3,0.6875,0.047735163489123336,3,3.960710339031112,0.8134979295965491,3,2.1315794322932704,0.306267489334269,3,,,0,,,0,,,0,,,0,,,0,,,0,,,0,,,0,,,0,,,0,,,0,,,0
Mean absolute advantage,13800,0.46,Middle (10-20k),3,0.14583333830038706,0.011023966424420247,3,0.09547833601633708,0.004725272549136072,3,4000.0,0.0,3,0.023658233384291332,0.0025572652236983667,3,,,0,0.4270833333333333,0.055119818980512304,3,0.5729166666666666,0.05511981898051231,3,0.5729166666666666,0.03755782578608323,3,5.924395259712757,1.0695050753980604,3,2.97929030107411,0.4005739284076871,3,,,0,,,0,,,0,,,0,,,0,,,0,,,0,,,0,,,0,,,0,,,0,,,0
Mean absolute advantage,14000,0.4666666666666667,Middle (10-20k),3,0.2541666626930237,0.03974746318502288,3,0.12956166019042334,0.01871167028737869,3,4000.0,0.0,3,0.028861102958520252,0.0024939043776468495,3,,,0,0.40625,0.03125,3,0.59375,0.03125,3,0.6041666666666666,0.04540519732854869,3,5.2667555469471905,0.762029892721346,3,2.70468940493908,0.35556137888019634,3,0.40625,0.03125,3,0.13839314118470447,0.01142622593803424,3,0.1895156125925357,0.0021005807793031306,3,24.333333333333332,0.19291936643179308,3,0.14398422090729782,0.00114153471261416,3,1.0,0.0,3,9.635416666666666,0.9591821422151502,3,9.364583333333334,0.9581634813247918,3,1.0280701358826356,0.0060609226054873545,3,0.9985646139041853,0.0004345567170446014,3,0.02313448326193765,0.002824105783260707,3,0.8116369911419755,0.007957508120897568,3
Mean absolute advantage,14200,0.47333333333333333,Middle (10-20k),3,0.1750000019868215,0.025000000993410747,3,0.1152999997138977,0.017775901626582394,3,4000.0,0.0,3,0.029419648150602978,0.005335600792024971,3,,,0,0.3645833333333333,0.027559909490256156,3,0.6354166666666666,0.027559909490256156,3,0.6354166666666666,0.04540519732854869,3,4.525071633478394,0.5921812667895311,3,2.4381656346084104,0.2960772970293726,3,,,0,,,0,,,0,,,0,,,0,,,0,,,0,,,0,,,0,,,0,,,0,,,0
Mean absolute advantage,14400,0.48,Middle (10-20k),3,0.18333334227403006,0.03974747125569786,3,0.08635832866032918,0.02026798689701522,3,4000.0,0.0,3,0.02449529618024826,0.003100478392613266,3,,,0,0.4270833333333333,0.055119818980512304,3,0.5729166666666666,0.05511981898051231,3,0.5729166666666666,0.08526409137367134,3,6.077955669218963,1.7362001470780828,3,3.2261037957103365,0.954408029058038,3,,,0,,,0,,,0,,,0,,,0,,,0,,,0,,,0,,,0,,,0,,,0,,,0
Mean absolute advantage,14600,0.4866666666666667,Middle (10-20k),3,0.14166667188207308,0.05416666993345971,3,0.0773766649266084,0.02867927118735333,3,4000.0,0.0,3,0.026691732307275135,0.0010134546253891652,3,,,0,0.3958333333333333,0.052083333333333336,3,0.6041666666666666,0.05208333333333334,3,0.6041666666666666,0.05511981898051231,3,5.307079506703826,1.1902926012822295,3,2.7532871789498756,0.5038561062736356,3,,,0,,,0,,,0,,,0,,,0,,,0,,,0,,,0,,,0,,,0,,,0,,,0
Mean absolute advantage,14800,0.49333333333333335,Middle (10-20k),3,0.1875,0.014433760171016415,3,0.12284999837478001,0.009930973238080492,3,4000.0,0.0,3,0.026012130081653595,0.0043421702359487425,3,,,0,0.40625,0.036084391824351615,3,0.59375,0.036084391824351615,3,0.59375,0.047735163489123336,3,5.363584745734628,0.776643314303292,3,2.780988873952539,0.35925448219162204,3,,,0,,,0,,,0,,,0,,,0,,,0,,,0,,,0,,,0,,,0,,,0,,,0
Mean absolute advantage,15000,0.5,Middle (10-20k),3,0.16249999900658926,0.031457641111846395,3,0.10651999711990356,0.01965068041013164,3,4000.0,0.0,3,0.020527921617031097,0.0006743365966447686,3,,,0,0.2708333333333333,0.03755782578608322,3,0.7291666666666666,0.03755782578608323,3,0.6770833333333334,0.03755782578608323,3,3.491963613725124,0.516197756426176,3,2.1182818371043166,0.20774635559707288,3,0.2708333333333333,0.03755782578608322,3,0.11664916968887191,0.011226303344404893,3,0.19490445451983915,0.0036311043998784893,3,24.125,0.4078494156344144,3,0.14275147928994084,0.0024133101516829285,3,1.0,0.0,3,7.791666666666667,0.2922241695646987,3,7.583333333333333,0.3921152130149732,3,1.0604876893939394,0.05569601387182133,3,0.9995733539221839,0.00012147710454577506,3,0.031108704826751543,0.0026500727013338793,3,0.7941968732681352,0.007074089532108093,3
Mean absolute advantage,15200,0.5066666666666667,Middle (10-20k),3,0.1750000019868215,0.014433755869421916,3,0.1124950001637141,0.014449593971180865,3,4000.0,0.0,3,0.03011098752419154,0.00508179030395501,3,,,0,0.3229166666666667,0.04540519732854869,3,0.6770833333333334,0.04540519732854869,3,0.6875,0.047735163489123336,3,3.8402810651864283,0.7627675173852307,3,2.1247300844212513,0.3027015580049506,3,,,0,,,0,,,0,,,0,,,0,,,0,,,0,,,0,,,0,,,0,,,0,,,0
Mean absolute advantage,15400,0.5133333333333333,Middle (10-20k),3,0.20416667064030966,0.02732266021493807,3,0.13273666302363077,0.02791637725135465,3,4000.0,0.0,3,0.028374503056208294,0.0008731328301083839,3,,,0,0.4583333333333333,0.027559909490256156,3,0.5416666666666666,0.027559909490256152,3,0.5520833333333334,0.020833333333333332,3,6.413388118968855,0.5465144429064089,3,3.146076845569633,0.21143183538041777,3,,,0,,,0,,,0,,,0,,,0,,,0,,,0,,,0,,,0,,,0,,,0,,,0
Mean absolute advantage,15600,0.52,Middle (10-20k),3,0.26666667064030963,0.09610469440483754,3,0.15401666859785715,0.03270167442380403,3,4000.0,0.0,3,0.026450293759504955,0.0016521378097736042,3,,,0,0.4375,0.06505206248331664,3,0.5625,0.06505206248331664,3,0.5416666666666666,0.09258535851370406,3,6.689827173032924,1.789495374439362,3,3.568932987439045,0.9303319026219419,3,,,0,,,0,,,0,,,0,,,0,,,0,,,0,,,0,,,0,,,0,,,0,,,0
Mean absolute advantage,15800,0.5266666666666666,Middle (10-20k),3,0.2708333333333333,0.1216923433773601,3,0.14154833058516184,0.05708221312642709,3,4000.0,0.0,3,0.023857625822226208,0.0022255029922143756,3,,,0,0.40625,0.047735163489123336,3,0.59375,0.047735163489123336,3,0.59375,0.047735163489123336,3,5.454573508616822,0.8981303464318894,3,2.799109244766813,0.37569491066913935,3,,,0,,,0,,,0,,,0,,,0,,,0,,,0,,,0,,,0,,,0,,,0,,,0
Mean absolute advantage,16000,0.5333333333333333,Middle (10-20k),3,0.25,0.06291528617110714,3,0.1455849992732207,0.04576475549524559,3,4000.0,0.0,3,0.03022781014442444,0.004516990696888443,3,,,0,0.4375,0.08267972847076846,3,0.5625,0.08267972847076846,3,0.5625,0.09021097956087903,3,6.5656951279930595,2.0151567433427267,3,3.4014108701922603,0.9938583229221745,3,0.4375,0.08267972847076846,3,0.1418965133295158,0.019812097859055893,3,0.18799035722112645,0.0038600988571210163,3,23.364583333333332,0.24562137755315827,3,0.1382519723865878,0.0014533809322672163,3,1.0,0.0,3,12.03125,0.2525907427704613,3,11.322916666666666,0.5233273619616863,3,1.0808531746031746,0.03242651755416157,3,0.9992849861673246,0.00025937424344764197,3,0.038779052339090014,0.0041844823118129554,3,0.8229442413655175,0.0034135616049852523,3
Mean absolute advantage,16200,0.54,Middle (10-20k),3,0.2833333412806193,0.06705615508711946,3,0.16450333098570505,0.03717362697491009,3,4000.0,0.0,3,0.026333928108215332,0.0028212958172798646,3,,,0,0.3229166666666667,0.04540519732854868,3,0.6770833333333334,0.04540519732854869,3,0.625,0.047735163489123336,3,4.34775534897925,0.7644834963644276,3,2.486027299598862,0.3209322836509508,3,,,0,,,0,,,0,,,0,,,0,,,0,,,0,,,0,,,0,,,0,,,0,,,0
Mean absolute advantage,16400,0.5466666666666666,Middle (10-20k),3,0.21666667610406876,0.05511982132722462,3,0.11925666282574336,0.030602709369498517,3,4000.0,0.0,3,0.02174816032250722,0.0008574877637260611,3,,,0,0.4270833333333333,0.06336210969060646,3,0.5729166666666666,0.06336210969060646,3,0.5729166666666666,0.03755782578608323,3,5.902682980186021,1.1272850730728747,3,2.9725893788046953,0.4068776444762878,3,,,0,,,0,,,0,,,0,,,0,,,0,,,0,,,0,,,0,,,0,,,0,,,0
Mean absolute advantage,16600,0.5533333333333333,Middle (10-20k),3,0.1791666621963183,0.046955944722589855,3,0.09918666382630666,0.028182224157112502,3,4000.0,0.0,3,0.024096056818962097,0.0014929457460321892,3,,,0,0.34375,0.047735163489123336,3,0.65625,0.047735163489123336,3,0.5833333333333334,0.04166666666666667,3,4.934766581659914,0.9045335793323156,3,2.804699803760837,0.4009439352162357,3,,,0,,,0,,,0,,,0,,,0,,,0,,,0,,,0,,,0,,,0,,,0,,,0
Mean absolute advantage,16800,0.56,Middle (10-20k),3,0.17083333929379782,0.02534484583603139,3,0.09155833224455516,0.021984323588971125,3,4000.0,0.0,3,0.02473734567562739,0.0034074933090026327,3,,,0,0.3333333333333333,0.055119818980512304,3,0.6666666666666666,0.05511981898051231,3,0.6354166666666666,0.027559909490256156,3,4.248789778964661,0.6621174541997759,3,2.3730753749729083,0.19643863060867997,3,,,0,,,0,,,0,,,0,,,0,,,0,,,0,,,0,,,0,,,0,,,0,,,0
Mean absolute advantage,17000,0.5666666666666667,Middle (10-20k),3,0.2083333432674408,0.04350128344803497,3,0.12842833499113718,0.02948684748839556,3,4000.0,0.0,3,0.025937554736932118,0.0031616037729297716,3,,,0,0.4375,0.03125,3,0.5625,0.03125,3,0.5416666666666666,0.010416666666666668,3,6.252201368538791,0.4340173060408182,3,3.195223855930671,0.11531199523852395,3,0.4375,0.03125,3,0.14601227969714323,0.005039619373952599,3,0.18651380670611442,0.0017125793872595997,3,22.895833333333332,0.34673577035610914,3,0.13547830374753453,0.0020516909488527166,3,1.0,0.0,3,11.6875,1.0284051669940208,3,10.4375,0.4911323014219285,3,1.1157723063973064,0.04927861814290738,3,0.9904693324618178,0.006738119706885537,3,0.021254002942704884,0.002465967332889035,3,0.8243925713993329,0.00671845862111963,3
Mean absolute advantage,17200,0.5733333333333334,Middle (10-20k),3,0.12916667014360428,0.015023131485404214,3,0.07734166644513607,0.02544862495359672,3,4000.0,0.0,3,0.02773374319076538,0.0049420696706812825,3,,,0,0.46875,0.047735163489123336,3,0.53125,0.047735163489123336,3,0.53125,0.047735163489123336,3,6.994489058854079,1.1738003967307227,3,3.4691258468461648,0.5152157018548198,3,,,0,,,0,,,0,,,0,,,0,,,0,,,0,,,0,,,0,,,0,,,0,,,0
Mean absolute advantage,17400,0.58,Middle (10-20k),3,0.19166666269302368,0.03974746318502288,3,0.10943665852149327,0.024197335508624074,3,4000.0,0.0,3,0.022244912882645924,0.0030125278035428023,3,,,0,0.375,0.047735163489123336,3,0.625,0.047735163489123336,3,0.6354166666666666,0.05799754544614607,3,4.733782222298067,0.8918735245882604,3,2.4893789193397535,0.37437727565163553,3,,,0,,,0,,,0,,,0,,,0,,,0,,,0,,,0,,,0,,,0,,,0,,,0
Mean absolute advantage,17600,0.5866666666666667,Middle (10-20k),3,0.29583332935969037,0.10112217415101947,3,0.1815333440899849,0.05345715997632912,3,4000.0,0.0,3,0.021866222222646076,0.00307032276575605,3,,,0,0.40625,0.036084391824351615,3,0.59375,0.036084391824351615,3,0.625,0.036084391824351615,3,5.012630147311278,0.7157870880709333,3,2.5292990619825253,0.277048159239081,3,,,0,,,0,,,0,,,0,,,0,,,0,,,0,,,0,,,0,,,0,,,0,,,0
Mean absolute advantage,17800,0.5933333333333334,Middle (10-20k),3,0.1958333427707354,0.07716775370672266,3,0.11639333019653957,0.038975763911117595,3,4000.0,0.0,3,0.020639861623446148,0.0015377796998330676,3,,,0,0.3541666666666667,0.05799754544614606,3,0.6458333333333334,0.05799754544614607,3,0.6145833333333334,0.027559909490256156,3,4.679056878601357,0.8088343480655746,3,2.545254676482982,0.2452612514084718,3,,,0,,,0,,,0,,,0,,,0,,,0,,,0,,,0,,,0,,,0,,,0,,,0
Mean absolute advantage,18000,0.6,Middle (10-20k),3,0.1958333303531011,0.06468405681902319,3,0.13511334111293158,0.032102678238844065,3,4000.0,0.0,3,0.020395353436470032,0.0020838930195055446,3,,,0,0.4479166666666667,0.06336210969060646,3,0.5520833333333334,0.06336210969060646,3,0.53125,0.036084391824351615,3,6.730049891892395,1.2482538789661743,3,3.4029766747618844,0.4573683671967119,3,0.4479166666666667,0.06336210969060646,3,0.15338486988611058,0.009599006308448003,3,0.1891143044989199,0.003951755327587386,3,23.958333333333332,0.17336788517805457,3,0.14176528599605523,0.0010258454744263704,3,1.0,0.0,3,13.166666666666666,0.7433151156213031,3,11.979166666666666,0.605243293597248,3,1.1363067777130278,0.05773652608585277,3,0.9993543984817593,0.0004483130535832183,3,0.03011228048381138,0.004366106212398563,3,0.8041352920758391,0.007010897195007178,3
Mean absolute advantage,18200,0.6066666666666667,Middle (10-20k),3,0.1875,0.0216506316533352,3,0.1115399996439616,0.0006519934337783194,3,4000.0,0.0,3,0.024253733456134796,0.002456045208617106,3,,,0,0.3125,0.036084391824351615,3,0.6875,0.036084391824351615,3,0.65625,0.047735163489123336,3,3.996303569197663,0.6387857505732748,3,2.2857571515884825,0.2810034273802286,3,,,0,,,0,,,0,,,0,,,0,,,0,,,0,,,0,,,0,,,0,,,0,,,0
Mean absolute advantage,18400,0.6133333333333333,Middle (10-20k),3,0.2875000089406967,0.10408330212079256,3,0.16694500545660654,0.04522162176882376,3,4000.0,0.0,3,0.0333815390865008,0.004663318377771507,3,,,0,0.3854166666666667,0.07511565157216644,3,0.6145833333333334,0.07511565157216646,3,0.6354166666666666,0.07291666666666667,3,5.0355694284864345,1.522446949114427,3,2.5912123826055677,0.6043831060649593,3,,,0,,,0,,,0,,,0,,,0,,,0,,,0,,,0,,,0,,,0,,,0,,,0
Mean absolute advantage,18600,0.62,Middle (10-20k),3,0.28333333631356555,0.07716774512446051,3,0.14501833419005075,0.019325246192167682,3,4000.0,0.0,3,0.023673141996065777,0.002177729157706761,3,,,0,0.3541666666666667,0.027559909490256156,3,0.6458333333333334,0.027559909490256152,3,0.6041666666666666,0.027559909490256152,3,4.66308244756237,0.3499699869332632,3,2.5871731863002796,0.16671165810555882,3,,,0,,,0,,,0,,,0,,,0,,,0,,,0,,,0,,,0,,,0,,,0,,,0
Mean absolute advantage,18800,0.6266666666666667,Middle (10-20k),3,0.23750000695387521,0.09381942125809263,3,0.14628500243028006,0.04725440090117031,3,4000.0,0.0,3,0.021913687388102215,0.001641519988784052,3,,,0,0.3854166666666667,0.020833333333333336,3,0.6145833333333334,0.020833333333333332,3,0.6145833333333334,0.027559909490256156,3,4.918590191179852,0.43999722114085515,3,2.5725625623933035,0.21271191213767326,3,,,0,,,0,,,0,,,0,,,0,,,0,,,0,,,0,,,0,,,0,,,0,,,0
Mean absolute advantage,19000,0.6333333333333333,Middle (10-20k),3,0.22500000894069672,0.04506939548942264,3,0.1334999998410543,0.018893175402879245,3,4000.0,0.0,3,0.022539859016736347,0.004130674365132944,3,,,0,0.40625,0.036084391824351615,3,0.59375,0.036084391824351615,3,0.59375,0.018042195912175808,3,5.3563685603683036,0.5361870267931729,3,2.734250273228652,0.16746889699179446,3,0.40625,0.036084391824351615,3,0.1397014379334479,0.005196649206091433,3,0.1919449386905008,0.00011510266641852789,3,23.71875,0.3621945552232023,3,0.1403476331360947,0.002143163048658005,3,1.0,0.0,3,10.020833333333334,1.1668061672550605,3,9.604166666666666,1.2084680241023251,3,1.0449662605912604,0.008720279401987536,3,0.9980691880325058,0.0014269803632144412,3,0.030380159827607237,0.0009235445442582917,3,0.8210376393213128,0.010638584786898242,3
Mean absolute advantage,19200,0.64,Middle (10-20k),3,0.2375000019868215,0.05728219195973807,3,0.12356000145276387,0.03951179517594554,3,4000.0,0.0,3,0.02208924541870753,0.0012986333381827839,3,,,0,0.3541666666666667,0.07291666666666667,3,0.6458333333333334,0.07291666666666667,3,0.6458333333333334,0.04540519732854869,3,4.487106104857337,1.0044337608179479,3,2.385630235432822,0.3424159989604515,3,,,0,,,0,,,0,,,0,,,0,,,0,,,0,,,0,,,0,,,0,,,0,,,0
Mean absolute advantage,19400,0.6466666666666666,Middle (10-20k),3,0.25,0.05907270100381075,3,0.13826499631007513,0.022999988913003058,3,4000.0,0.0,3,0.025465520719687145,0.0030635956532193763,3,,,0,0.3854166666666667,0.03755782578608323,3,0.6145833333333334,0.03755782578608323,3,0.6041666666666666,0.04540519732854869,3,5.134026238629401,0.7998108413720126,3,2.697048730267673,0.35782741487512515,3,,,0,,,0,,,0,,,0,,,0,,,0,,,0,,,0,,,0,,,0,,,0,,,0
Mean absolute advantage,19600,0.6533333333333333,Middle (10-20k),3,0.27916667362054187,0.12936813075569545,3,0.14649166787664095,0.06382891417300979,3,4000.0,0.0,3,0.028178530434767406,0.0028324670971324097,3,,,0,0.4270833333333333,0.04166666666666667,3,0.5729166666666666,0.04166666666666667,3,0.5729166666666666,0.027559909490256152,3,5.84572920586806,0.7184428740041034,3,2.9419172643749927,0.26252438127959976,3,,,0,,,0,,,0,,,0,,,0,,,0,,,0,,,0,,,0,,,0,,,0,,,0
Mean absolute advantage,19800,0.66,Middle (10-20k),3,0.24583333730697632,0.05788517957099626,3,0.1544383317232132,0.04813187109136597,3,4000.0,0.0,3,0.019118472933769226,0.0005649250112553549,3,,,0,0.4270833333333333,0.03755782578608323,3,0.5729166666666666,0.03755782578608323,3,0.5625,0.018042195912175808,3,5.958916587655996,0.5731018667873938,3,3.017120960068354,0.18841315604976638,3,,,0,,,0,,,0,,,0,,,0,,,0,,,0,,,0,,,0,,,0,,,0,,,0
Mean absolute advantage,20000,0.6666666666666666,Middle (10-20k),3,0.1541666661699613,0.025344838895113263,3,0.08536166325211525,0.029428475888711975,3,4000.0,0.0,3,0.02077357719341914,0.002027136837374952,3,,,0,0.4791666666666667,0.03755782578608323,3,0.5208333333333334,0.03755782578608323,3,0.5,0.036084391824351615,3,7.464294556844145,0.9157137586137747,3,3.784687560337355,0.47234021208244503,3,0.4791666666666667,0.03755782578608323,3,0.15703139912196984,0.008255495686985975,3,0.18359371513739767,0.0019817865562425886,3,23.177083333333332,0.24026172072230828,3,0.13714250493096647,0.0014216669865225301,3,1.0,0.0,3,12.833333333333334,1.8615256586407232,3,12.729166666666666,1.8765040264041832,3,1.0125821516446516,0.004010989217793338,3,0.9986497385917049,0.000631915639995694,3,0.022130363450186125,0.0011206180529195217,3,0.8131733628563304,0.004936455332345494,3
Mean absolute advantage,20200,0.6733333333333333,Late (20-30k),3,0.1083333349476258,0.05511982085788217,3,0.05893833019460241,0.0395648229493701,3,4000.0,0.0,3,0.023031095663706463,0.002265905170232081,3,,,0,0.40625,0.018042195912175808,3,0.59375,0.018042195912175808,3,0.5729166666666666,0.027559909490256152,3,5.556513222983589,0.3302897557490144,3,2.905775795083253,0.21860708990397182,3,,,0,,,0,,,0,,,0,,,0,,,0,,,0,,,0,,,0,,,0,,,0,,,0
Mean absolute advantage,20400,0.68,Late (20-30k),3,0.11666666964689891,0.01102396407770797,3,0.0717266673843066,0.016155480243957843,3,4000.0,0.0,3,0.0193085049589475,0.0027258544726808764,3,,,0,0.3229166666666667,0.09258535851370406,3,0.6770833333333334,0.09258535851370406,3,0.7083333333333334,0.09258535851370406,3,4.012733006659539,1.5704383068957448,3,2.172313692671079,0.6069334346740246,3,,,0,,,0,,,0,,,0,,,0,,,0,,,0,,,0,,,0,,,0,,,0,,,0
Mean absolute advantage,20600,0.6866666666666666,Late (20-30k),3,0.14166666567325592,0.04409585255609206,3,0.08666166538993518,0.036489322923531034,3,4000.0,0.0,3,0.022286921739578247,0.0036375593932115096,3,,,0,0.4270833333333333,0.027559909490256156,3,0.5729166666666666,0.027559909490256152,3,0.5625,0.018042195912175808,3,5.889007754816336,0.46358568940014977,3,3.003362476303653,0.17988044408299317,3,,,0,,,0,,,0,,,0,,,0,,,0,,,0,,,0,,,0,,,0,,,0,,,0
Mean absolute advantage,20800,0.6933333333333334,Late (20-30k),3,0.2166666785875956,0.06821127965261682,3,0.1131366640329361,0.04019508297275107,3,4000.0,0.0,3,0.026600296298662823,0.004444001154284669,3,,,0,0.4479166666666667,0.05799754544614606,3,0.5520833333333334,0.05799754544614607,3,0.5416666666666666,0.05511981898051231,3,6.683329708170038,1.5135419290693657,3,3.396971626159358,0.6874149352473582,3,,,0,,,0,,,0,,,0,,,0,,,0,,,0,,,0,,,0,,,0,,,0,,,0
Mean absolute advantage,21000,0.7,Late (20-30k),3,0.10833333432674408,0.01102396454705052,3,0.06306333467364311,0.01815205600110989,3,4000.0,0.0,3,0.02385193109512329,0.0024837472618379187,3,,,0,0.4479166666666667,0.027559909490256156,3,0.5520833333333334,0.027559909490256152,3,0.5729166666666666,0.020833333333333332,3,6.002750362686673,0.5545943120891215,3,2.943264407463077,0.21261989146513538,3,0.4479166666666667,0.027559909490256156,3,0.14339170961379397,0.0041387280931534645,3,0.18677119231852957,0.002563889694261712,3,23.21875,0.3603925810834624,3,0.13738905325443787,0.0021325004797837946,3,1.0,0.0,3,12.104166666666666,0.16371076714064284,3,11.833333333333334,0.2436253242401354,3,1.048675976800977,0.021346050734442585,3,0.9996422807431901,7.184413557468101e-05,3,0.02071220044807057,0.005764183002542846,3,0.8135385397183753,0.006044401436422976,3
Mean absolute advantage,21200,0.7066666666666667,Late (20-30k),3,0.20833333830038706,0.035600016244974525,3,0.11011333515246709,0.018853495203814023,3,4000.0,0.0,3,0.026184407373269398,0.0034847471500862306,3,,,0,0.4270833333333333,0.055119818980512304,3,0.5729166666666666,0.05511981898051231,3,0.5833333333333334,0.06336210969060646,3,5.922189757204166,1.4134515231642406,3,2.997666686907228,0.6282505437424225,3,,,0,,,0,,,0,,,0,,,0,,,0,,,0,,,0,,,0,,,0,,,0,,,0
Mean absolute advantage,21400,0.7133333333333334,Late (20-30k),3,0.25833333532015484,0.02916666510559266,3,0.13200332721074423,0.022802920393653937,3,4000.0,0.0,3,0.02460158367951711,0.004405500332710677,3,,,0,0.3854166666666667,0.03755782578608323,3,0.6145833333333334,0.03755782578608323,3,0.6145833333333334,0.04540519732854869,3,4.996088858820676,0.7944192134939324,3,2.6177262762292517,0.3636508292666722,3,,,0,,,0,,,0,,,0,,,0,,,0,,,0,,,0,,,0,,,0,,,0,,,0
Mean absolute advantage,21600,0.72,Late (20-30k),3,0.2708333407839139,0.13411231565255813,3,0.16296833753585815,0.06693691425362978,3,4000.0,0.0,3,0.020434506237506866,0.0038083771803523424,3,,,0,0.34375,0.03125,3,0.65625,0.03125,3,0.65625,0.03125,3,4.1395335350159606,0.45031504301253106,3,2.267958985911196,0.18343404017623827,3,,,0,,,0,,,0,,,0,,,0,,,0,,,0,,,0,,,0,,,0,,,0,,,0
Mean absolute advantage,21800,0.7266666666666667,Late (20-30k),3,0.24166667958100638,0.02534484991892425,3,0.15136666595935822,0.027415474081425615,3,4000.0,0.0,3,0.019119789203008015,0.0014677110820455765,3,,,0,0.375,0.07864410870073699,3,0.625,0.07864410870073699,3,0.5833333333333334,0.11023963796102461,3,5.629711566861957,2.11327369343658,3,3.244578796153745,1.1759356996346444,3,,,0,,,0,,,0,,,0,,,0,,,0,,,0,,,0,,,0,,,0,,,0,,,0
Mean absolute advantage,22000,0.7333333333333333,Late (20-30k),3,0.2375000019868215,0.09042722700052173,3,0.12444500190516312,0.05369249067649294,3,4000.0,0.0,3,0.023200683295726776,0.0009258870471019042,3,,,0,0.4270833333333333,0.052083333333333336,3,0.5729166666666666,0.05208333333333334,3,0.5416666666666666,0.04166666666666667,3,6.143032341456027,0.9727877630224557,3,3.2096214369549845,0.38360057446674745,3,0.4270833333333333,0.052083333333333336,3,0.14630257046510145,0.011039013097791366,3,0.19058668832424489,0.0003797911463317967,3,23.177083333333332,0.3249265408433797,3,0.1371425049309665,0.001922642253511116,3,1.0,0.0,3,9.489583333333334,1.7245483003609317,3,7.510416666666667,0.10875319280115156,3,1.3723725348725349,0.35421444705418664,3,0.998059306198008,0.0013200780204953963,3,0.02468092921388888,0.0042360206694755575,3,0.8181209548007686,0.007086745261794149,3
Mean absolute advantage,22200,0.74,Late (20-30k),3,0.28749999900658924,0.054486232122225364,3,0.1745500067869822,0.02451339373064823,3,4000.0,0.0,3,0.023217129210631054,0.0035497023854906716,3,,,0,0.3229166666666667,0.052083333333333336,3,0.6770833333333334,0.05208333333333334,3,0.6458333333333334,0.027559909490256152,3,4.139821998022778,0.6247340161194012,3,2.3222331111637033,0.20885191172774104,3,,,0,,,0,,,0,,,0,,,0,,,0,,,0,,,0,,,0,,,0,,,0,,,0
Mean absolute advantage,22400,0.7466666666666667,Late (20-30k),3,0.26250000794728595,0.026020826424983958,3,0.1561650037765503,0.008476322263723236,3,4000.0,0.0,3,0.019743268688519795,0.0022508512294668725,3,,,0,0.3645833333333333,0.027559909490256156,3,0.6354166666666666,0.027559909490256152,3,0.6354166666666666,0.020833333333333332,3,4.5295505569096175,0.4206277609799083,3,2.408232947081625,0.1578183807577532,3,,,0,,,0,,,0,,,0,,,0,,,0,,,0,,,0,,,0,,,0,,,0,,,0
Mean absolute advantage,22600,0.7533333333333333,Late (20-30k),3,0.24583333730697632,0.03703414161720337,3,0.13535833607117334,0.036857839447677065,3,4000.0,0.0,3,0.022860944271087646,0.006212713556297793,3,,,0,0.40625,0.036084391824351615,3,0.59375,0.036084391824351615,3,0.6145833333333334,0.027559909490256152,3,5.1239807847122085,0.6261928852811839,3,2.5901764333166555,0.22951211071049873,3,,,0,,,0,,,0,,,0,,,0,,,0,,,0,,,0,,,0,,,0,,,0,,,0
Mean absolute advantage,22800,0.76,Late (20-30k),3,0.19583333532015482,0.023199015680552913,3,0.10478333383798599,0.02248754602651499,3,4000.0,0.0,3,0.023767590522766113,0.0016845106597408123,3,,,0,0.3854166666666667,0.09936866681426518,3,0.6145833333333334,0.09936866681426518,3,0.6041666666666666,0.11023963796102461,3,5.649416929601056,1.8500657780668335,3,3.0192117578452713,0.8758261083786646,3,,,0,,,0,,,0,,,0,,,0,,,0,,,0,,,0,,,0,,,0,,,0,,,0
Mean absolute advantage,23000,0.7666666666666667,Late (20-30k),3,0.25,0.007216871482318781,3,0.16956999897956848,0.002621474570710231,3,4000.0,0.0,3,0.023638896644115448,0.004276120445524786,3,,,0,0.40625,0.10045469542700995,3,0.59375,0.10045469542700995,3,0.6041666666666666,0.10875319280115156,3,6.036462258561855,2.4638810939655444,3,3.161052266819437,1.1411067971698208,3,0.40625,0.10045469542700995,3,0.12869027168034614,0.029161499032794566,3,0.18710855046887434,0.0021172248352647597,3,22.4375,0.6682922888477267,3,0.1327662721893491,0.003954392241702524,3,1.0,0.0,3,12.854166666666666,2.014379729456302,3,11.958333333333334,1.6584432543134473,3,1.0798566884504384,0.0371165719310916,3,0.9992825596764691,0.00014320528610290464,3,0.023121729025291294,0.004041448636147494,3,0.8292669797821768,0.013321104604913505,3
Mean absolute advantage,23200,0.7733333333333333,Late (20-30k),3,0.22500000397364298,0.043301271909860106,3,0.13803000003099442,0.01741114962649434,3,4000.0,0.0,3,0.02158244699239731,0.002892168685768003,3,,,0,0.3333333333333333,0.052083333333333336,3,0.6666666666666666,0.05208333333333334,3,0.6875,0.047735163489123336,3,3.9132184883976358,0.8321886294401689,3,2.1292296227563483,0.30715078116495104,3,,,0,,,0,,,0,,,0,,,0,,,0,,,0,,,0,,,0,,,0,,,0,,,0
Mean absolute advantage,23400,0.78,Late (20-30k),3,0.2583333303531011,0.011023965485736401,3,0.141888327896595,0.011169268012099883,3,4000.0,0.0,3,0.021321892738342285,0.004818249781350655,3,,,0,0.4479166666666667,0.055119818980512304,3,0.5520833333333334,0.05511981898051231,3,0.53125,0.036084391824351615,3,6.699105110760033,1.1346920549517587,3,3.398658760388741,0.4464424861272533,3,,,0,,,0,,,0,,,0,,,0,,,0,,,0,,,0,,,0,,,0,,,0,,,0
Mean absolute advantage,23600,0.7866666666666666,Late (20-30k),3,0.2624999980131785,0.007216880085509916,3,0.14670000473658243,0.01766240453470423,3,4000.0,0.0,3,0.018972039222717285,0.0022293743098812913,3,,,0,0.3645833333333333,0.055119818980512304,3,0.6354166666666666,0.05511981898051231,3,0.625,0.05412658773652742,3,4.8197748784352745,1.052077636086338,3,2.564154096868235,0.42249984405872876,3,,,0,,,0,,,0,,,0,,,0,,,0,,,0,,,0,,,0,,,0,,,0,,,0
Mean absolute advantage,23800,0.7933333333333333,Late (20-30k),3,0.23749999205271402,0.012499998013178509,3,0.13750999172528586,0.015622456350637534,3,4000.0,0.0,3,0.018940575420856476,0.0018146060189052399,3,,,0,0.3541666666666667,0.027559909490256156,3,0.6458333333333334,0.027559909490256152,3,0.6458333333333334,0.027559909490256156,3,4.356872518066104,0.48944488202162517,3,2.3440288698360945,0.19543207072118987,3,,,0,,,0,,,0,,,0,,,0,,,0,,,0,,,0,,,0,,,0,,,0,,,0
Mean absolute advantage,24000,0.8,Late (20-30k),3,0.2916666766007741,0.048052347848466154,3,0.18329166869322458,0.05420903214867889,3,4000.0,0.0,3,0.021187054614226025,0.002234048432492967,3,,,0,0.4270833333333333,0.05799754544614606,3,0.5729166666666666,0.05799754544614607,3,0.5625,0.06505206248331664,3,6.235854282898774,1.353892896581769,3,3.191174327935563,0.6106180373444873,3,0.4270833333333333,0.05799754544614606,3,0.14290656613857608,0.0148602406582633,3,0.1891025641025641,0.0013885727653184187,3,23.302083333333332,0.5285881023485531,3,0.13788214990138067,0.0031277402505831484,3,1.0,0.0,3,14.947916666666666,0.5712095779522998,3,13.46875,0.8445212524462208,3,1.1169229497354496,0.06012057609861478,3,0.9993529221968008,0.00032955371914475975,3,0.022670238079367726,0.0030280033939035873,3,0.8235905033277698,0.010297993567873353,3
Mean absolute advantage,24200,0.8066666666666666,Late (20-30k),3,0.25833334028720856,0.06222159921914554,3,0.15649833778540292,0.06723423690087788,3,4000.0,0.0,3,0.02239261319239934,0.0023079576421291864,3,,,0,0.3229166666666667,0.07511565157216644,3,0.6770833333333334,0.07511565157216646,3,0.6354166666666666,0.07291666666666667,3,4.54274616685291,1.3734474602220466,3,2.548377804756931,0.5849339577160729,3,,,0,,,0,,,0,,,0,,,0,,,0,,,0,,,0,,,0,,,0,,,0,,,0
Mean absolute advantage,24400,0.8133333333333334,Late (20-30k),3,0.1875,0.01909406181877959,3,0.10241999725500743,0.005356514904427799,3,4000.0,0.0,3,0.01975266883770625,0.0009537489050287797,3,,,0,0.3541666666666667,0.03755782578608323,3,0.6458333333333334,0.03755782578608323,3,0.6145833333333334,0.027559909490256152,3,4.680235000034926,0.5864100403413284,3,2.5523568964871566,0.2257125324973499,3,,,0,,,0,,,0,,,0,,,0,,,0,,,0,,,0,,,0,,,0,,,0,,,0
Mean absolute advantage,24600,0.82,Late (20-30k),3,0.22500000397364298,0.03750000397364298,3,0.11161499718825023,0.022413497971480466,3,4000.0,0.0,3,0.023549795150756836,0.005971813029709738,3,,,0,0.375,0.06505206248331664,3,0.625,0.06505206248331664,3,0.5833333333333334,0.08526409137367134,3,5.379902889491013,1.497503919887657,3,2.982775059690605,0.6870362019356331,3,,,0,,,0,,,0,,,0,,,0,,,0,,,0,,,0,,,0,,,0,,,0,,,0
Mean absolute advantage,24800,0.8266666666666667,Late (20-30k),3,0.24583332737286887,0.04103690417891966,3,0.12763332823912302,0.017878102326504358,3,4000.0,0.0,3,0.023984889189402264,0.000996740735897833,3,,,0,0.4166666666666667,0.06336210969060646,3,0.5833333333333334,0.06336210969060646,3,0.6041666666666666,0.05511981898051231,3,5.526650427555516,1.2891355777169964,3,2.7715529681963607,0.5112266638850087,3,,,0,,,0,,,0,,,0,,,0,,,0,,,0,,,0,,,0,,,0,,,0,,,0
Mean absolute advantage,25000,0.8333333333333334,Late (20-30k),3,0.24583333730697632,0.06468405905871567,3,0.1275283321738243,0.026333468872686807,3,4000.0,0.0,3,0.02109951029221217,0.002536632073771871,3,,,0,0.40625,0.036084391824351615,3,0.59375,0.036084391824351615,3,0.59375,0.03125,3,5.387244556071913,0.7210844705467797,3,2.760534295837431,0.29311644958511673,3,0.40625,0.036084391824351615,3,0.13803127187122224,0.007696590251816543,3,0.18626961467198153,0.0011354177061848611,3,23.15625,0.33414614442386337,3,0.13701923076923075,0.0019771961208512588,3,1.0,0.0,3,12.927083333333334,2.564108573710907,3,12.177083333333334,2.606415695505569,3,1.0760845057720057,0.030312838713077963,3,0.9970555278196652,0.0028366570827020156,3,0.026341250636112343,0.007619764282599162,3,0.8194123380361186,0.0024780911644772976,3
Mean absolute advantage,25200,0.84,Late (20-30k),3,0.20416666567325592,0.06934715284761239,3,0.09940666394929092,0.035683061321882106,3,4000.0,0.0,3,0.020729998747507732,0.0026358924320325897,3,,,0,0.3645833333333333,0.04166666666666667,3,0.6354166666666666,0.04166666666666667,3,0.65625,0.047735163489123336,3,4.401965276816701,0.7351768405910284,3,2.3207552686857595,0.2918647706959432,3,,,0,,,0,,,0,,,0,,,0,,,0,,,0,,,0,,,0,,,0,,,0,,,0
Mean absolute advantage,25400,0.8466666666666667,Late (20-30k),3,0.27916666865348816,0.015023132518614592,3,0.1540666570266088,0.01378108881858803,3,4000.0,0.0,3,0.02028081069389979,0.0025822157498960247,3,,,0,0.3958333333333333,0.010416666666666666,3,0.6041666666666666,0.010416666666666668,3,0.625,0.0,3,4.850928747970308,0.0695372046078946,3,2.4814345793661956,0.004002313837687381,3,,,0,,,0,,,0,,,0,,,0,,,0,,,0,,,0,,,0,,,0,,,0,,,0
Mean absolute advantage,25600,0.8533333333333334,Late (20-30k),3,0.1750000094374021,0.04506939514501904,3,0.08625999589761098,0.027508988905826,3,4000.0,0.0,3,0.019631870090961456,0.0010826764577965646,3,,,0,0.3645833333333333,0.03755782578608322,3,0.6354166666666666,0.03755782578608323,3,0.6458333333333334,0.04540519732854869,3,4.515027508099731,0.7910089949829275,3,2.3902056795729774,0.3269842194320611,3,,,0,,,0,,,0,,,0,,,0,,,0,,,0,,,0,,,0,,,0,,,0,,,0
Mean absolute advantage,25800,0.86,Late (20-30k),3,0.21666666865348816,0.015023132518614592,3,0.10272666811943054,0.011214704982521582,3,4000.0,0.0,3,0.02000777671734492,0.0036696851477176972,3,,,0,0.4166666666666667,0.027559909490256156,3,0.5833333333333334,0.027559909490256152,3,0.5729166666666666,0.04166666666666667,3,5.705076160090475,0.7234966504679997,3,2.9507994278452703,0.3440173295368527,3,,,0,,,0,,,0,,,0,,,0,,,0,,,0,,,0,,,0,,,0,,,0,,,0
Mean absolute advantage,26000,0.8666666666666667,Late (20-30k),3,0.23333333929379782,0.030046258149163566,3,0.12425333509842555,0.03465923390506688,3,4000.0,0.0,3,0.02162911246220271,0.00021770484402404417,3,,,0,0.4166666666666667,0.010416666666666666,3,0.5833333333333334,0.010416666666666668,3,0.5625,0.018042195912175808,3,5.8426628310539614,0.3501521563074626,3,3.008274588680328,0.17428649730531606,3,0.4166666666666667,0.010416666666666666,3,0.14748759305210915,0.003404589233644416,3,0.18854715304419445,0.0017323398749539993,3,23.927083333333332,0.11599509089229212,3,0.14158037475345167,0.000686361484569772,3,0.9895833333333334,0.010416666666666668,3,11.060147849462366,1.4956342117130645,3,10.21875,1.67384521760526,3,1.117631226300581,0.06936978656830833,3,0.9994286980836397,0.00031073257609562046,3,0.022289964695169796,0.006019845063892721,3,0.8117491132891548,0.004160875543372688,3
Mean absolute advantage,26200,0.8733333333333333,Late (20-30k),3,0.19166667262713113,0.030046258149163566,3,0.11351666847864787,0.021142336976139094,3,4000.0,0.0,3,0.02308745930592219,0.005659436766743728,3,,,0,0.4375,0.03125,3,0.5625,0.03125,3,0.5520833333333334,0.05208333333333334,3,6.257881287866753,0.95917129197361,3,3.2107977334946205,0.4726555039154518,3,,,0,,,0,,,0,,,0,,,0,,,0,,,0,,,0,,,0,,,0,,,0,,,0
Mean absolute advantage,26400,0.88,Late (20-30k),3,0.24583333730697632,0.015023132518614592,3,0.1508083293835322,0.007846793119007605,3,4000.0,0.0,3,0.018387208382288616,0.002398285215455791,3,,,0,0.375,0.0625,3,0.625,0.0625,3,0.6041666666666666,0.08900003901372429,3,5.24125174435468,1.329681277130768,3,2.843037591275159,0.6175931683384106,3,,,0,,,0,,,0,,,0,,,0,,,0,,,0,,,0,,,0,,,0,,,0,,,0
Mean absolute advantage,26600,0.8866666666666667,Late (20-30k),3,0.23333333929379782,0.06508542121590213,3,0.136913334329923,0.024583246761505105,3,4000.0,0.0,3,0.02178193877140681,0.002952157844039024,3,,,0,0.4479166666666667,0.06336210969060646,3,0.5520833333333334,0.06336210969060646,3,0.5625,0.05412658773652742,3,6.392189579020804,1.407926978577343,3,3.166225424163185,0.5755974166728015,3,,,0,,,0,,,0,,,0,,,0,,,0,,,0,,,0,,,0,,,0,,,0,,,0
Mean absolute advantage,26800,0.8933333333333333,Late (20-30k),3,0.21250000099341074,0.021650635954930053,3,0.11754999061425526,0.01569777992266127,3,4000.0,0.0,3,0.018733806908130646,0.0025838816795172538,3,,,0,0.3541666666666667,0.05799754544614606,3,0.6458333333333334,0.05799754544614607,3,0.6770833333333334,0.05799754544614607,3,4.202534719800959,1.0533429762964874,3,2.228785393752626,0.4027323545373037,3,,,0,,,0,,,0,,,0,,,0,,,0,,,0,,,0,,,0,,,0,,,0,,,0
Mean absolute advantage,27000,0.9,Late (20-30k),3,0.30833332737286884,0.011023962669681033,3,0.16065832475821176,0.013069277461170098,3,4000.0,0.0,3,0.018334177633126576,0.0012631709278702091,3,,,0,0.3854166666666667,0.010416666666666666,3,0.6145833333333334,0.010416666666666668,3,0.6041666666666666,0.027559909490256152,3,5.014854239998313,0.3869202238276764,3,2.645655917938497,0.2067837006595246,3,0.3854166666666667,0.010416666666666666,3,0.1363094101927849,0.007745438944702692,3,0.18950083447124866,0.0005892469629156409,3,23.375,0.43338841797322336,3,0.13831360946745563,0.002564428508717292,3,0.9895833333333334,0.010416666666666668,3,9.73252688172043,1.0840442795617642,3,8.854166666666666,1.006219806310287,3,1.1215730897686542,0.062371343050633396,3,0.9987796721700674,0.0005009187785877208,3,0.02852517017163649,0.008480309398665653,3,0.8113160687204672,0.010826328769725916,3
Mean absolute advantage,27200,0.9066666666666666,Late (20-30k),3,0.24583334227403006,0.05220819118448238,3,0.13562832276026407,0.023207668240820052,3,4000.0,0.0,3,0.01878221333026886,0.0012682778977981543,3,,,0,0.3854166666666667,0.0890000390137243,3,0.6145833333333334,0.08900003901372429,3,0.625,0.09547032697824667,3,5.423007926780631,2.127538396887114,3,2.852893842435748,0.9481857956978569,3,,,0,,,0,,,0,,,0,,,0,,,0,,,0,,,0,,,0,,,0,,,0,,,0
Mean absolute advantage,27400,0.9133333333333333,Late (20-30k),3,0.22500000397364298,0.03307188613167182,3,0.10961999744176865,0.02803819045103589,3,4000.0,0.0,3,0.02266209324200948,0.005980093849152562,3,,,0,0.34375,0.036084391824351615,3,0.65625,0.036084391824351615,3,0.6770833333333334,0.04540519732854869,3,4.035644821753631,0.6962314695872046,3,2.1832344689268406,0.2853942291469781,3,,,0,,,0,,,0,,,0,,,0,,,0,,,0,,,0,,,0,,,0,,,0,,,0
Mean absolute advantage,27600,0.92,Late (20-30k),3,0.3166666626930237,0.06052433113784452,3,0.1571416606505712,0.022802571588678947,3,4000.0,0.0,3,0.02162537972132365,0.0024963571745393025,3,,,0,0.4270833333333333,0.0683066512948125,3,0.5729166666666666,0.0683066512948125,3,0.5416666666666666,0.06336210969060646,3,6.446007578161347,1.6540604980992029,3,3.385580391943583,0.7261990418053166,3,,,0,,,0,,,0,,,0,,,0,,,0,,,0,,,0,,,0,,,0,,,0,,,0
Mean absolute advantage,27800,0.9266666666666666,Late (20-30k),3,0.33750000099341076,0.08322910453955629,3,0.18343500544627508,0.05151719427488959,3,4000.0,0.0,3,0.017630594472090404,0.0022080482881629408,3,,,0,0.3958333333333333,0.04540519732854868,3,0.6041666666666666,0.04540519732854869,3,0.6041666666666666,0.04166666666666667,3,5.211717784474855,0.7962382621090057,3,2.6902820379651122,0.31325457623523845,3,,,0,,,0,,,0,,,0,,,0,,,0,,,0,,,0,,,0,,,0,,,0,,,0
Mean absolute advantage,28000,0.9333333333333333,Late (20-30k),3,0.3125000099341075,0.038188130140958725,3,0.1555699904759725,0.022228886274407274,3,4000.0,0.0,3,0.01982039213180542,0.004075516764645042,3,,,0,0.3645833333333333,0.06336210969060646,3,0.6354166666666666,0.06336210969060646,3,0.6041666666666666,0.08900003901372429,3,5.109800255861813,1.3521748846476862,3,2.8214000763758427,0.619256829869797,3,0.3645833333333333,0.06336210969060646,3,0.1311796144302348,0.02421247780521236,3,0.1883464825772518,0.002720287078328675,3,23.895833333333332,0.538955555011522,3,0.1413954635108481,0.0031890861243285356,3,0.7395833333333334,0.2604166666666667,3,12.49404761904762,2.6037597471195295,3,9.927083333333334,2.0394333022789555,3,1.7263191669441669,0.33227368472769425,3,0.9948019409495702,0.0031405611080816227,3,0.020494258783037234,0.010228633270656104,3,0.8119313668570202,0.0068653076293049885,3
Mean absolute advantage,28200,0.94,Late (20-30k),3,0.3125000049670537,0.06414501537966308,3,0.1896200031042099,0.058464459653208685,3,4000.0,0.0,3,0.01743933806816737,0.002751964162265195,3,,,0,0.40625,0.09021097956087903,3,0.59375,0.09021097956087903,3,0.59375,0.08267972847076846,3,5.8325998125625675,1.781606833643528,3,2.9851964725872464,0.7170712936981136,3,,,0,,,0,,,0,,,0,,,0,,,0,,,0,,,0,,,0,,,0,,,0,,,0
Mean absolute advantage,28400,0.9466666666666667,Late (20-30k),3,0.2624999980131785,0.021650640256525192,3,0.15392999847730002,0.025086906165138895,3,4000.0,0.0,3,0.01705866555372874,0.0015626536252236864,3,,,0,0.5104166666666666,0.027559909490256156,3,0.4895833333333333,0.027559909490256156,3,0.46875,0.018042195912175808,3,8.29352306250792,0.6830356402204771,3,4.169821027035042,0.2978314211683833,3,,,0,,,0,,,0,,,0,,,0,,,0,,,0,,,0,,,0,,,0,,,0,,,0
Mean absolute advantage,28600,0.9533333333333334,Late (20-30k),3,0.3083333373069763,0.03410563679219904,3,0.1537583271662394,0.03305726680349184,3,4000.0,0.0,3,0.018179175754388172,0.0021486482369098034,3,,,0,0.3645833333333333,0.04166666666666667,3,0.6354166666666666,0.04166666666666667,3,0.6145833333333334,0.03755782578608323,3,4.820508718678297,0.693710364528529,3,2.582716147121887,0.27718002490553123,3,,,0,,,0,,,0,,,0,,,0,,,0,,,0,,,0,,,0,,,0,,,0,,,0
Mean absolute advantage,28800,0.96,Late (20-30k),3,0.31666667262713116,0.039747464226400624,3,0.15837165961662927,0.03063175692277354,3,4000.0,0.0,3,0.02270803103844325,0.004154054169044697,3,,,0,0.4583333333333333,0.055119818980512304,3,0.5416666666666666,0.05511981898051231,3,0.5520833333333334,0.05799754544614607,3,6.646895920932546,1.5260081487044674,3,3.317379535623355,0.7157660054348736,3,,,0,,,0,,,0,,,0,,,0,,,0,,,0,,,0,,,0,,,0,,,0,,,0
Mean absolute advantage,29000,0.9666666666666667,Late (20-30k),3,0.2583333303531011,0.049124269317521674,3,0.13861832891901335,0.046623691216445655,3,4000.0,0.0,3,0.01814734935760498,0.0021101496698069213,3,,,0,0.3020833333333333,0.010416666666666666,3,0.6979166666666666,0.010416666666666668,3,0.6770833333333334,0.020833333333333332,3,3.6414899621181145,0.16005858517498142,3,2.11535004563107,0.10633020885364397,3,0.3020833333333333,0.010416666666666666,3,0.11518976267735574,0.005243533717934671,3,0.19083936007012933,0.0029060853744029285,3,23.760416666666668,0.3564570548389307,3,0.14059418145956606,0.002109213342242196,3,1.0,0.0,3,11.697916666666666,1.9096054257213568,3,9.947916666666666,2.7273172805178194,3,1.4167824074074076,0.332242702024735,3,0.9994262579247701,0.00031269868633875496,3,0.027835898411099586,0.0070565222915794186,3,0.8051716949378944,0.01069893796769408,3
Mean absolute advantage,29200,0.9733333333333334,Late (20-30k),3,0.30000001192092896,0.07216878364870323,3,0.1404300034046173,0.05073073219673716,3,4000.0,0.0,3,0.01720559100310008,0.0017260510690867584,3,,,0,0.375,0.03125,3,0.625,0.03125,3,0.65625,0.03125,3,4.4044853114783615,0.5829807240893685,3,2.2945723007642513,0.22169780683712567,3,,,0,,,0,,,0,,,0,,,0,,,0,,,0,,,0,,,0,,,0,,,0,,,0
Mean absolute advantage,29400,0.98,Late (20-30k),3,0.23333333432674408,0.027322657185063225,3,0.11937832583983739,0.021094784560461204,3,4000.0,0.0,3,0.0175786092877388,0.0010367207459017458,3,,,0,0.3854166666666667,0.027559909490256156,3,0.6145833333333334,0.027559909490256156,3,0.5833333333333334,0.03755782578608323,3,5.236209874412238,0.5596407537720295,3,2.809255046990787,0.28018332581908956,3,,,0,,,0,,,0,,,0,,,0,,,0,,,0,,,0,,,0,,,0,,,0,,,0
Mean absolute advantage,29600,0.9866666666666667,Late (20-30k),3,0.3000000019868215,0.05636561772448925,3,0.14747999360164007,0.018801844862629195,3,4000.0,0.0,3,0.01835767924785614,0.002160028306216171,3,,,0,0.3958333333333333,0.05799754544614606,3,0.6041666666666666,0.05799754544614607,3,0.6145833333333334,0.03755782578608323,3,5.104622201428225,0.8546185221936982,3,2.6051845710850237,0.29103334992957186,3,,,0,,,0,,,0,,,0,,,0,,,0,,,0,,,0,,,0,,,0,,,0,,,0
Mean absolute advantage,29800,0.9933333333333333,Late (20-30k),2,0.22500000149011612,0.024999998509883877,2,0.1362599954009056,0.000295005738735199,2,4000.0,0.0,2,0.018601112067699432,0.004066355526447296,2,,,0,0.4375,0.0,2,0.5625,0.0,2,0.5625,0.03125,2,6.042204519722515,0.4717577600654161,2,3.0313216195569135,0.2933537051184112,2,,,0,,,0,,,0,,,0,,,0,,,0,,,0,,,0,,,0,,,0,,,0,,,0
Mean absolute advantage,30000,1.0,Late (20-30k),2,0.26250001788139343,0.025000005960464474,2,0.15031499415636063,0.004929997026920319,2,4000.0,0.0,2,0.018053393810987473,0.0012167058885097501,2,,,0,0.359375,0.015625,2,0.640625,0.015625,2,0.640625,0.015625,2,4.389223195526714,0.0496844916071808,2,2.357623745606978,0.09213701994326116,2,0.359375,0.015625,2,0.1237771998472991,0.0034894540942927914,2,0.18818361126053432,0.002779272010041245,2,22.984375,0.140625,2,0.13600221893491124,0.0008321005917159839,2,1.0,0.0,2,14.21875,4.28125,2,14.1875,4.3125,2,1.00390625,0.00390625,2,0.9978408943025656,0.0013101232297686447,2,0.012451633579414007,0.005108956753593706,2,0.813243512243081,0.026879216023563076,2
Mean positive delight,200,0.006666666666666667,Early (0-10k),3,0.0,0.0,3,0.0,0.0,3,2976.0,110.85125168440815,3,,,0,,,0,0.3541666666666667,0.052083333333333336,3,0.6458333333333334,0.05208333333333334,3,0.6458333333333334,0.07291666666666667,3,4.494021439221765,1.0001751357836486,3,2.4487321289582566,0.4680867117329715,3,,,0,,,0,,,0,,,0,,,0,,,0,,,0,,,0,,,0,,,0,,,0,,,0
Mean positive delight,400,0.013333333333333334,Early (0-10k),3,0.004166666728754838,0.004166666728754839,3,0.00182666660596927,0.0018266666059692702,3,4000.0,0.0,3,0.2133251391351223,0.004756764602482151,3,,,0,0.2916666666666667,0.020833333333333336,3,0.7083333333333334,0.020833333333333332,3,0.7083333333333334,0.010416666666666668,3,3.350553414867866,0.18131129668162876,3,1.9500715983719303,0.05754226617810839,3,,,0,,,0,,,0,,,0,,,0,,,0,,,0,,,0,,,0,,,0,,,0,,,0
Mean positive delight,600,0.02,Early (0-10k),3,0.033333334140479565,0.011023964019040135,3,0.008778331956515709,0.0037866075875521692,3,4000.0,0.0,3,0.09642851663132508,0.006935787598132982,3,,,0,0.3333333333333333,0.027559909490256156,3,0.6666666666666666,0.027559909490256152,3,0.6875,0.03125,3,3.8154156631262794,0.43538350911507795,3,2.0914726637091596,0.16904855470803126,3,,,0,,,0,,,0,,,0,,,0,,,0,,,0,,,0,,,0,,,0,,,0,,,0
Mean positive delight,800,0.02666666666666667,Early (0-10k),3,0.02083333395421505,0.011023964195043555,3,0.0044683328208824,0.0022572331182492272,3,4000.0,0.0,3,0.04391929879784584,0.0025654609740059847,3,,,0,0.40625,0.0,3,0.59375,0.0,3,0.59375,0.018042195912175808,3,5.311497388650718,0.21948164182538404,3,2.7285284448565146,0.1418513388362375,3,,,0,,,0,,,0,,,0,,,0,,,0,,,0,,,0,,,0,,,0,,,0,,,0
Mean positive delight,1000,0.03333333333333333,Early (0-10k),3,0.07500000049670537,0.040181878866134293,3,0.03780000035961469,0.020400326908891635,3,4000.0,0.0,3,0.026621540387471516,0.0012548586984977032,3,,,0,0.4375,0.03125,3,0.5625,0.03125,3,0.5729166666666666,0.027559909490256152,3,5.936711423074935,0.6296365507706637,3,2.94980699308852,0.25514371896067317,3,0.4375,0.03125,3,0.1434951008462175,0.008566021009156564,3,0.18362919132149902,0.00041058500975664556,3,23.635416666666668,0.32492654084337963,3,0.1398545364891519,0.001922642253511116,3,1.0,0.0,3,8.958333333333334,1.26261000620848,3,8.604166666666666,1.2522549105957266,3,1.0530257936507936,0.025198266231920285,3,0.9992161067659583,0.00035797155355323234,3,0.02344713946464863,0.0026041641811385607,3,0.8227092833426566,0.010230513323365227,3
Mean positive delight,1200,0.04,Early (0-10k),3,0.02500000037252903,0.012500000186264517,3,0.013180000241845846,0.008407150489395651,3,4000.0,0.0,3,0.017494088038802147,0.0005342705773443905,3,,,0,0.3020833333333333,0.06336210969060646,3,0.6979166666666666,0.06336210969060646,3,0.7083333333333334,0.05511981898051231,3,3.5836669823262555,0.7945929351851819,3,2.015676348542651,0.2863583392433467,3,,,0,,,0,,,0,,,0,,,0,,,0,,,0,,,0,,,0,,,0,,,0,,,0
Mean positive delight,1400,0.04666666666666667,Early (0-10k),3,0.07500000049670537,0.024999999751647316,3,0.03965999869008859,0.021186221427129136,3,4000.0,0.0,3,0.021531162473062675,0.00229163015869473,3,,,0,0.40625,0.018042195912175808,3,0.59375,0.018042195912175808,3,0.6041666666666666,0.010416666666666668,3,5.205526396805332,0.2560781036912431,3,2.644934040482824,0.0858550413895764,3,,,0,,,0,,,0,,,0,,,0,,,0,,,0,,,0,,,0,,,0,,,0,,,0
Mean positive delight,1600,0.05333333333333334,Early (0-10k),3,0.041666666666666664,0.020833333333333336,3,0.02288666491707166,0.011586947669613091,3,4000.0,0.0,3,0.012850659588972727,0.00015289888611569026,3,,,0,0.3020833333333333,0.052083333333333336,3,0.6979166666666666,0.05208333333333334,3,0.6875,0.06505206248331664,3,3.766553060518318,0.9651220290685019,3,2.159783430593315,0.41542858599643523,3,,,0,,,0,,,0,,,0,,,0,,,0,,,0,,,0,,,0,,,0,,,0,,,0
Mean positive delight,1800,0.06,Early (0-10k),3,0.08750000099341075,0.02500000099341075,3,0.04512499769528707,0.018847947565742904,3,4000.0,0.0,3,0.010697796319921812,0.00022377591029606157,3,,,0,0.3645833333333333,0.020833333333333336,3,0.6354166666666666,0.020833333333333332,3,0.6354166666666666,0.027559909490256152,3,4.5315634555090885,0.4391505958956354,3,2.415346504932171,0.18857845282941435,3,,,0,,,0,,,0,,,0,,,0,,,0,,,0,,,0,,,0,,,0,,,0,,,0
Mean positive delight,2000,0.06666666666666667,Early (0-10k),3,0.0833333358168602,0.015023131485404214,3,0.037943332766493164,0.006877428597178913,3,4000.0,0.0,3,0.012925180296103159,0.002015634129416142,3,,,0,0.4166666666666667,0.055119818980512304,3,0.5833333333333334,0.05511981898051231,3,0.6041666666666666,0.04540519732854869,3,5.444486108714664,0.996201787670529,3,2.7236350320341134,0.37647314471958077,3,0.4166666666666667,0.055119818980512304,3,0.13124323980403382,0.011201138889377035,3,0.1844075795998873,0.0009967596506058089,3,22.8125,0.42961647140211,3,0.13498520710059173,0.0025421092982373518,3,1.0,0.0,3,9.333333333333334,1.2997061633735187,3,9.291666666666666,1.3411230782859236,3,1.003917378917379,0.003917378917378904,3,0.9994292103552175,0.0002572583792307268,3,0.030197598853631685,0.004340085859275013,3,0.8254230654006166,0.006848357444294146,3
Mean positive delight,2200,0.07333333333333333,Early (0-10k),3,0.05833333358168602,0.015023129418984944,3,0.026398333099981148,0.007736765767369434,3,4000.0,0.0,3,0.009662526194006205,0.0006782020732165683,3,,,0,0.375,0.036084391824351615,3,0.625,0.036084391824351615,3,0.6041666666666666,0.03755782578608323,3,5.011668169118314,0.7352499347456309,3,2.670821206134814,0.32355718117005644,3,,,0,,,0,,,0,,,0,,,0,,,0,,,0,,,0,,,0,,,0,,,0,,,0
Mean positive delight,2400,0.08,Early (0-10k),3,0.058333334823449455,0.030046261248792363,3,0.02317333221435547,0.012986891811914068,3,4000.0,0.0,3,0.014890280862649282,0.0011588042477470933,3,,,0,0.40625,0.047735163489123336,3,0.59375,0.047735163489123336,3,0.6041666666666666,0.04540519732854869,3,5.316768906164456,0.958582748634455,3,2.7120107962213225,0.3740917951344922,3,,,0,,,0,,,0,,,0,,,0,,,0,,,0,,,0,,,0,,,0,,,0,,,0
Mean positive delight,2600,0.08666666666666667,Early (0-10k),3,0.12083333482344945,0.004166665176550548,3,0.06599333261450131,0.0047605891364152315,3,4000.0,0.0,3,0.010975904762744904,0.003440339321210152,3,,,0,0.4791666666666667,0.010416666666666666,3,0.5208333333333334,0.010416666666666668,3,0.53125,0.0,3,6.902748764468609,0.10038873596496779,3,3.353743836715973,0.007338607957802909,3,,,0,,,0,,,0,,,0,,,0,,,0,,,0,,,0,,,0,,,0,,,0,,,0
Mean positive delight,2800,0.09333333333333334,Early (0-10k),3,0.07916666815678279,0.016666668156782787,3,0.038186666245261826,0.007313856865973188,3,4000.0,0.0,3,0.01342169971515735,0.005124948293876865,3,,,0,0.3645833333333333,0.08135676745736099,3,0.6354166666666666,0.08135676745736099,3,0.625,0.06505206248331664,3,4.967825232926255,1.4089029015365673,3,2.6260569594979515,0.5668784601473726,3,,,0,,,0,,,0,,,0,,,0,,,0,,,0,,,0,,,0,,,0,,,0,,,0
Mean positive delight,3000,0.1,Early (0-10k),3,0.037500000248352684,0.012499999875823658,3,0.021705000040431816,0.00427811623988506,3,4000.0,0.0,3,0.007170421381791432,0.0006898674732554091,3,,,0,0.3645833333333333,0.09258535851370406,3,0.6354166666666666,0.09258535851370406,3,0.6354166666666666,0.11738987155817339,3,5.205707499817868,1.9479005842168222,3,2.8310482912213026,0.9447556534046302,3,0.3645833333333333,0.09258535851370406,3,0.11833921868040975,0.03149933483523966,3,0.18808792292520105,0.0034962102870361865,3,22.572916666666668,0.5567803339538653,3,0.13356755424063116,0.003294558189076127,3,1.0,0.0,3,7.854166666666667,0.3274215342812857,3,7.666666666666667,0.3234203061720839,3,1.0401785714285714,0.02208873420457571,3,0.9970574271194727,0.0014460300776300643,3,0.03287658137294103,0.001229635784677243,3,0.8083750041093228,0.009797899855854502,3
Mean positive delight,3200,0.10666666666666667,Early (0-10k),3,0.050000001365939774,0.014433757482519724,3,0.021829998896767695,0.00934542849602504,3,4000.0,0.0,3,0.007043234538286924,0.0003409674757392462,3,,,0,0.34375,0.036084391824351615,3,0.65625,0.036084391824351615,3,0.625,0.047735163489123336,3,4.525462063366989,0.7522359217198276,3,2.51467097901448,0.36782806883746216,3,,,0,,,0,,,0,,,0,,,0,,,0,,,0,,,0,,,0,,,0,,,0,,,0
Mean positive delight,3400,0.11333333333333333,Early (0-10k),3,0.033333333830038704,0.008333333457509678,3,0.009333332069218159,0.003559823268375949,3,4000.0,0.0,3,0.009519220485041538,0.0022013663334134563,3,,,0,0.3645833333333333,0.08526409137367134,3,0.6354166666666666,0.08526409137367137,3,0.59375,0.08267972847076846,3,5.4604180078637095,1.8529652837956343,3,2.991664544605721,0.846776646195763,3,,,0,,,0,,,0,,,0,,,0,,,0,,,0,,,0,,,0,,,0,,,0,,,0
Mean positive delight,3600,0.12,Early (0-10k),3,0.037500000248352684,0.012499999875823658,3,0.01720499899238348,0.004126429462684864,3,4000.0,0.0,3,0.008007661905139685,0.0012296719740207997,3,,,0,0.3958333333333333,0.03755782578608323,3,0.6041666666666666,0.03755782578608323,3,0.625,0.036084391824351615,3,4.943092942703385,0.7235989350050358,3,2.525296748144838,0.2773936755206799,3,,,0,,,0,,,0,,,0,,,0,,,0,,,0,,,0,,,0,,,0,,,0,,,0
Mean positive delight,3800,0.12666666666666668,Early (0-10k),3,0.03333333351959785,0.015023130236942569,3,0.015423333427558342,0.006073279465877089,3,4000.0,0.0,3,0.00773693419372042,0.00161473955751901,3,,,0,0.4375,0.047735163489123336,3,0.5625,0.047735163489123336,3,0.5729166666666666,0.05799754544614607,3,6.0473611345426335,1.1134106885367836,3,3.0415829279895923,0.4928178642694801,3,,,0,,,0,,,0,,,0,,,0,,,0,,,0,,,0,,,0,,,0,,,0,,,0
Mean positive delight,4000,0.13333333333333333,Early (0-10k),3,0.037500000558793545,0.03145764394905021,3,0.017550000300010044,0.015359786887303481,3,4000.0,0.0,3,0.00748307832206289,0.0009546163430288722,3,,,0,0.3229166666666667,0.03755782578608323,3,0.6770833333333334,0.03755782578608323,3,0.6875,0.036084391824351615,3,3.7864638527099026,0.5446716953801268,3,2.0979149062184965,0.20994881921043204,3,0.3229166666666667,0.03755782578608323,3,0.11359117516065405,0.009509995736776097,3,0.1876755722909569,0.0034507384631292503,3,23.552083333333332,0.5383512316426062,3,0.13936143984220908,0.0031855102464059507,3,1.0,0.0,3,10.770833333333334,1.7178343520581696,3,10.208333333333334,1.6497842872461979,3,1.0610119047619049,0.04335910852925161,3,0.9996442288535632,7.087008038406624e-05,3,0.026774641837546718,0.0022797425939443906,3,0.8136564229146229,0.007982440259851084,3
Mean positive delight,4200,0.14,Early (0-10k),3,0.08749999850988388,0.014433755869421703,3,0.049639998003840446,0.011325613627601566,3,4000.0,0.0,3,0.006299935979768634,0.0014851464574170683,3,,,0,0.4583333333333333,0.052083333333333336,3,0.5416666666666666,0.05208333333333334,3,0.5208333333333334,0.04540519732854869,3,6.988664834746214,1.3475481117509536,3,3.5682171083912713,0.6049675996817818,3,,,0,,,0,,,0,,,0,,,0,,,0,,,0,,,0,,,0,,,0,,,0,,,0
Mean positive delight,4400,0.14666666666666667,Early (0-10k),3,0.025000000682969887,0.007216878741259862,3,0.009069999369482199,0.0021247017009073605,3,4000.0,0.0,3,0.008094296868269643,0.0014908187245312838,3,,,0,0.4270833333333333,0.07291666666666667,3,0.5729166666666666,0.07291666666666667,3,0.5625,0.07864410870073699,3,6.374866885120402,1.5874099775484525,3,3.2653747332282728,0.6954657603991202,3,,,0,,,0,,,0,,,0,,,0,,,0,,,0,,,0,,,0,,,0,,,0,,,0
Mean positive delight,4600,0.15333333333333332,Early (0-10k),3,0.15000000347693762,0.03608439397514898,3,0.07594499364495277,0.014758947582671832,3,4000.0,0.0,3,0.00685501277136306,0.001150273077111362,3,,,0,0.3854166666666667,0.06336210969060646,3,0.6145833333333334,0.06336210969060646,3,0.6458333333333334,0.06336210969060646,3,4.798072242061868,1.220415659868486,3,2.462444145276514,0.47649676735515684,3,,,0,,,0,,,0,,,0,,,0,,,0,,,0,,,0,,,0,,,0,,,0,,,0
Mean positive delight,4800,0.16,Early (0-10k),3,0.008333333457509676,0.008333333457509678,3,0.0017033331096172333,0.0017033331096172333,3,4000.0,0.0,3,0.010787900071591139,0.004882458062690066,3,,,0,0.3333333333333333,0.027559909490256156,3,0.6666666666666666,0.027559909490256152,3,0.6666666666666666,0.04166666666666667,3,4.033971270585313,0.5471131802534404,3,2.225538458258436,0.23615576654602283,3,,,0,,,0,,,0,,,0,,,0,,,0,,,0,,,0,,,0,,,0,,,0,,,0
Mean positive delight,5000,0.16666666666666666,Early (0-10k),3,0.02083333395421505,0.011023964195043555,3,0.01201333353916804,0.007806052859841871,3,4000.0,0.0,3,0.006738979602232575,0.0011092013402328295,3,,,0,0.34375,0.10045469542700995,3,0.65625,0.10045469542700995,3,0.6770833333333334,0.10259226876870943,3,4.5162441052259545,1.5533180669810285,3,2.3804477967030677,0.5990550108247298,3,0.34375,0.10045469542700995,3,0.10637764840618437,0.027810438240401338,3,0.1868343195266272,0.006174743572724749,3,22.03125,0.47837343763354306,3,0.13036242603550297,0.002830612057003219,3,1.0,0.0,3,6.9375,0.8846197393984228,3,6.895833333333333,0.8841289655801228,3,1.0067708333333334,0.003645833333333322,3,0.9933622454223646,0.005782425604764631,3,0.019922125398142018,0.002503723877677801,3,0.8385561684016748,0.0066162683200254235,3
Mean positive delight,5200,0.17333333333333334,Early (0-10k),3,0.10000000149011612,0.031457643578980156,3,0.04514499939978123,0.014351337946406391,3,4000.0,0.0,3,0.008892975437144438,0.002105760958408244,3,,,0,0.3229166666666667,0.020833333333333336,3,0.6770833333333334,0.020833333333333332,3,0.6875,0.036084391824351615,3,3.7371880201301373,0.4315423378510952,3,2.0920199723372037,0.20124272727180156,3,,,0,,,0,,,0,,,0,,,0,,,0,,,0,,,0,,,0,,,0,,,0,,,0
Mean positive delight,5400,0.18,Early (0-10k),3,0.0416666679084301,0.00416666641831398,3,0.01874666598935922,0.003197145621262112,3,4000.0,0.0,3,0.005339969337607424,0.0007099740302609737,3,,,0,0.4270833333333333,0.07511565157216644,3,0.5729166666666666,0.07511565157216646,3,0.5833333333333334,0.09081039465709738,3,6.165324814635191,1.8191763821669709,3,3.160086054257611,0.8523098562716414,3,,,0,,,0,,,0,,,0,,,0,,,0,,,0,,,0,,,0,,,0,,,0,,,0
Mean positive delight,5600,0.18666666666666668,Early (0-10k),3,0.06666666828095913,0.035600016317643056,3,0.028671663875381153,0.01505053895422558,3,4000.0,0.0,3,0.005123913676167528,0.0005585936106303369,3,,,0,0.3854166666666667,0.010416666666666666,3,0.6145833333333334,0.010416666666666668,3,0.5833333333333334,0.027559909490256152,3,5.156607139263423,0.186210697674102,3,2.7802225208232136,0.19950465071448528,3,,,0,,,0,,,0,,,0,,,0,,,0,,,0,,,0,,,0,,,0,,,0,,,0
Mean positive delight,5800,0.19333333333333333,Early (0-10k),3,0.07500000049670537,0.02165063380413259,3,0.026774998443822067,0.009209979177275632,3,4000.0,0.0,3,0.0052619326549271745,0.0014610264427719728,3,,,0,0.375,0.03125,3,0.625,0.03125,3,0.6145833333333334,0.027559909490256152,3,4.869561611059771,0.5371203021875471,3,2.5717989334165057,0.22313320222089184,3,,,0,,,0,,,0,,,0,,,0,,,0,,,0,,,0,,,0,,,0,,,0,,,0
Mean positive delight,6000,0.2,Early (0-10k),3,0.05833333358168602,0.00416666641831398,3,0.02426833286881447,0.0008377869875463951,3,4000.0,0.0,3,0.005613136803731322,0.0009272055295573358,3,,,0,0.3958333333333333,0.010416666666666666,3,0.6041666666666666,0.010416666666666668,3,0.5625,0.03125,3,5.472625090310896,0.3050225212978771,3,2.962145683159434,0.23947091189597935,3,0.3958333333333333,0.010416666666666666,3,0.14213908506712478,0.00490671540282777,3,0.1872250037930511,0.002384499111743559,3,23.458333333333332,0.2922241695646987,3,0.1388067061143984,0.0017291370980159686,3,1.0,0.0,3,7.875,0.6110420573359361,3,7.666666666666667,0.5532613218703959,3,1.032489559052059,0.022648638947912123,3,0.9959203116840957,0.001964080490901845,3,0.02458398254335106,0.003415165925922169,3,0.8139109299907826,0.009830670986360939,3
Mean positive delight,6200,0.20666666666666667,Early (0-10k),3,0.07916666815678279,0.03974746735053254,3,0.04268666605154673,0.022114961165610226,3,4000.0,0.0,3,0.004233187607799967,0.00024095550398466794,3,,,0,0.375,0.036084391824351615,3,0.625,0.036084391824351615,3,0.6354166666666666,0.05511981898051231,3,4.738011151758726,0.9318646374530639,3,2.497835925082035,0.4264325154296992,3,,,0,,,0,,,0,,,0,,,0,,,0,,,0,,,0,,,0,,,0,,,0,,,0
Mean positive delight,6400,0.21333333333333335,Early (0-10k),3,0.06666666828095913,0.02204792803808027,3,0.029811664794882137,0.010562109655548841,3,4000.0,0.0,3,0.0077128778987874584,0.003902034702555311,3,,,0,0.3125,0.06505206248331664,3,0.6875,0.06505206248331664,3,0.6458333333333334,0.0683066512948125,3,4.232958556865776,0.9915638810921772,3,2.4115365336534484,0.41395805975515726,3,,,0,,,0,,,0,,,0,,,0,,,0,,,0,,,0,,,0,,,0,,,0,,,0
Mean positive delight,6600,0.22,Early (0-10k),3,0.054166667784253754,0.042287049123896844,3,0.025831667085488636,0.017222348641101698,3,4000.0,0.0,3,0.006189250620082021,0.0015560206224112935,3,,,0,0.46875,0.047735163489123336,3,0.53125,0.047735163489123336,3,0.5104166666666666,0.027559909490256156,3,7.132979375910408,0.9774617133188324,3,3.604594315847033,0.36218974032714507,3,,,0,,,0,,,0,,,0,,,0,,,0,,,0,,,0,,,0,,,0,,,0,,,0
Mean positive delight,6800,0.22666666666666666,Early (0-10k),3,0.07500000204890966,0.03608439263090062,3,0.042494996916502714,0.020515520572678227,3,4000.0,0.0,3,0.00482145855979373,0.0005447553076336188,3,,,0,0.3333333333333333,0.04166666666666667,3,0.6666666666666666,0.04166666666666667,3,0.6145833333333334,0.010416666666666668,3,4.489930598404466,0.389294474375101,3,2.5165207142110977,0.09298446682429926,3,,,0,,,0,,,0,,,0,,,0,,,0,,,0,,,0,,,0,,,0,,,0,,,0
Mean positive delight,7000,0.23333333333333334,Early (0-10k),3,0.11250000198682149,0.01909406750925431,3,0.054839996000130974,0.00806902926465756,3,4000.0,0.0,3,0.006246115081012249,0.0014428746500194946,3,,,0,0.3333333333333333,0.03755782578608323,3,0.6666666666666666,0.03755782578608323,3,0.6458333333333334,0.07511565157216646,3,4.373789369492808,1.087860856244164,3,2.4745248631278023,0.5726400995951846,3,0.3333333333333333,0.03755782578608323,3,0.12161194884519948,0.01770230649516532,3,0.18913501576223468,0.0037190719174878496,3,23.5,0.55930807327745,3,0.13905325443786984,0.0033095152264937828,3,1.0,0.0,3,6.083333333333333,0.6022779385614069,3,5.916666666666667,0.4955312455110957,3,1.03015873015873,0.01657191509350881,3,0.981768898890974,0.01747983979662757,3,0.0201270678920765,0.0023704950424448495,3,0.8233230674366462,0.014096905503764617,3
Mean positive delight,7200,0.24,Early (0-10k),3,0.06666666766007741,0.039747467610876885,3,0.020121665050586064,0.011321455838434167,3,4000.0,0.0,3,0.004630257685979207,0.0010117388806440196,3,,,0,0.3854166666666667,0.04166666666666667,3,0.6145833333333334,0.04166666666666667,3,0.6041666666666666,0.03755782578608323,3,5.132274738409773,0.839039258320953,3,2.6838908674126416,0.33597005257415397,3,,,0,,,0,,,0,,,0,,,0,,,0,,,0,,,0,,,0,,,0,,,0,,,0
Mean positive delight,7400,0.24666666666666667,Early (0-10k),3,0.050000001365939774,0.014433757482519724,3,0.01657999912276864,0.005724380636059202,3,4000.0,0.0,3,0.0036092693529402218,0.00046876130917334843,3,,,0,0.4166666666666667,0.08135676745736099,3,0.5833333333333334,0.08135676745736099,3,0.5520833333333334,0.10571762046971063,3,6.427097726374453,2.28306073423366,3,3.6181415158416237,1.357309924704447,3,,,0,,,0,,,0,,,0,,,0,,,0,,,0,,,0,,,0,,,0,,,0,,,0
Mean positive delight,7600,0.25333333333333335,Early (0-10k),3,0.12083333730697632,0.06305311003050296,3,0.05768333375453949,0.03091517112000658,3,4000.0,0.0,3,0.004766947046543161,0.0012466266750309743,3,,,0,0.4166666666666667,0.027559909490256156,3,0.5833333333333334,0.027559909490256152,3,0.5833333333333334,0.027559909490256156,3,5.582700625262558,0.6105797998427388,3,2.8421929880224384,0.25924512527293564,3,,,0,,,0,,,0,,,0,,,0,,,0,,,0,,,0,,,0,,,0,,,0,,,0
Mean positive delight,7800,0.26,Early (0-10k),3,0.06666666766007741,0.018162078988395496,3,0.028851664004226524,0.007563572795964866,3,4000.0,0.0,3,0.004706712594876687,0.0013039218283049257,3,,,0,0.34375,0.018042195912175808,3,0.65625,0.018042195912175808,3,0.65625,0.0,3,4.136643359438753,0.12296559921238769,3,2.2522670646184135,0.00871932228887002,3,,,0,,,0,,,0,,,0,,,0,,,0,,,0,,,0,,,0,,,0,,,0,,,0
Mean positive delight,8000,0.26666666666666666,Early (0-10k),3,0.10000000211099784,0.03818813197003993,3,0.04647999877731005,0.016281031639364684,3,4000.0,0.0,3,0.004612216221479078,0.0014980395289912987,3,,,0,0.375,0.036084391824351615,3,0.625,0.036084391824351615,3,0.6354166666666666,0.04166666666666667,3,4.652085041977214,0.6646763246359167,3,2.4453501604836094,0.271289413445161,3,0.375,0.036084391824351615,3,0.12553683909142965,0.008936917349803493,3,0.18751761059453367,0.0025044222083165837,3,22.864583333333332,0.5328814817678609,3,0.13529339250493097,0.0031531448625317276,3,1.0,0.0,3,7.625,1.3466538391509528,3,7.541666666666667,1.295315746042039,3,1.0081281565656566,0.00478651836619974,3,0.9993573846638325,0.0003711562610273047,3,0.023450212571274262,0.004954073531605274,3,0.8204808545244372,0.0036890931886043926,3
Mean positive delight,8200,0.2733333333333333,Early (0-10k),3,0.12916667014360428,0.04805234483357875,3,0.06801166385412216,0.024675979438195616,3,4000.0,0.0,3,0.004912595303418736,0.0007039857787986494,3,,,0,0.3854166666666667,0.027559909490256156,3,0.6145833333333334,0.027559909490256156,3,0.625,0.018042195912175808,3,4.812619199334466,0.41153929737539346,3,2.4889681580196132,0.13949110480782964,3,,,0,,,0,,,0,,,0,,,0,,,0,,,0,,,0,,,0,,,0,,,0,,,0
Mean positive delight,8400,0.28,Early (0-10k),3,0.06250000248352687,0.03307189270246628,3,0.03188499932487806,0.01595082493581987,3,4000.0,0.0,3,0.004700250263946752,0.0008078041858434202,3,,,0,0.40625,0.06505206248331664,3,0.59375,0.06505206248331664,3,0.59375,0.08267972847076846,3,5.723761942350097,1.7320681665097213,3,3.0104403770477792,0.8383635122063968,3,,,0,,,0,,,0,,,0,,,0,,,0,,,0,,,0,,,0,,,0,,,0,,,0
Mean positive delight,8600,0.2866666666666667,Early (0-10k),3,0.1583333338300387,0.04639803604467864,3,0.07791833207011223,0.02789304122967969,3,4000.0,0.0,3,0.004516724031418562,0.0003898805054516701,3,,,0,0.4375,0.06505206248331664,3,0.5625,0.06505206248331664,3,0.5833333333333334,0.05799754544614607,3,6.022680378833971,1.500999566643299,3,2.990782819937028,0.6238521332205976,3,,,0,,,0,,,0,,,0,,,0,,,0,,,0,,,0,,,0,,,0,,,0,,,0
Mean positive delight,8800,0.29333333333333333,Early (0-10k),3,0.050000000124176346,0.012499999875823658,3,0.023494999545315903,0.007033344309513095,3,4000.0,0.0,3,0.004701019148342311,0.0005427297916349202,3,,,0,0.3854166666666667,0.03755782578608322,3,0.6145833333333334,0.03755782578608323,3,0.6354166666666666,0.04166666666666667,3,4.7550857744100625,0.7006016689828113,3,2.4549059648882383,0.27581216361127897,3,,,0,,,0,,,0,,,0,,,0,,,0,,,0,,,0,,,0,,,0,,,0,,,0
Mean positive delight,9000,0.3,Early (0-10k),3,0.033333334450920425,0.022047928507422723,3,0.014043333319326242,0.007975251356170297,3,4000.0,0.0,3,0.0035462285935257873,0.00046177413522123,3,,,0,0.3854166666666667,0.055119818980512304,3,0.6145833333333334,0.05511981898051231,3,0.5833333333333334,0.06336210969060646,3,5.447711437404819,1.1889216162713045,3,2.9343001061037586,0.5822147235298845,3,0.3854166666666667,0.055119818980512304,3,0.13731946300184514,0.01301665454356286,3,0.1848176806756688,0.001885780176406171,3,23.0,0.370194909248268,3,0.13609467455621302,0.002190502421587381,3,1.0,0.0,3,9.833333333333334,1.6182082963196605,3,9.708333333333334,1.6786354101703496,3,1.0122013403263403,0.0072983003690353185,3,0.9981589002159618,0.0009922597065427925,3,0.020326286872670737,0.002814898022758282,3,0.8270946177131844,0.010419439803622818,3
Mean positive delight,9200,0.30666666666666664,Early (0-10k),3,0.10833333681027095,0.022047928624758354,3,0.057753333201011024,0.014411076794563075,3,4000.0,0.0,3,0.005815391157132884,0.0015930361744614953,3,,,0,0.3645833333333333,0.010416666666666666,3,0.6354166666666666,0.010416666666666668,3,0.65625,0.018042195912175808,3,4.2909658766876815,0.25816671590152407,3,2.270597057093888,0.11565862887763799,3,,,0,,,0,,,0,,,0,,,0,,,0,,,0,,,0,,,0,,,0,,,0,,,0
Mean positive delight,9400,0.31333333333333335,Early (0-10k),3,0.09583333383003871,0.008333331594864804,3,0.0459433322151502,0.008747330927329159,3,4000.0,0.0,3,0.00411744862018774,0.0009035293504784033,3,,,0,0.3958333333333333,0.027559909490256156,3,0.6041666666666666,0.027559909490256152,3,0.5833333333333334,0.027559909490256152,3,5.337649985977002,0.5396610811589829,3,2.813837480196046,0.2494209733246063,3,,,0,,,0,,,0,,,0,,,0,,,0,,,0,,,0,,,0,,,0,,,0,,,0
Mean positive delight,9600,0.32,Early (0-10k),3,0.06666666766007741,0.03333333383003871,3,0.036201665798823036,0.018291915455280656,3,4000.0,0.0,3,0.0036136561539024115,0.00039844680318731337,3,,,0,0.3645833333333333,0.010416666666666666,3,0.6354166666666666,0.010416666666666668,3,0.6354166666666666,0.020833333333333332,3,4.506790366072381,0.2646272821844935,3,2.4052433918994987,0.14477539382496973,3,,,0,,,0,,,0,,,0,,,0,,,0,,,0,,,0,,,0,,,0,,,0,,,0
Mean positive delight,9800,0.32666666666666666,Early (0-10k),3,0.0833333320915699,0.039747464356572434,3,0.03125333289305369,0.020893232996358757,3,4000.0,0.0,3,0.005357530200853944,0.0022421582468836075,3,,,0,0.375,0.036084391824351615,3,0.625,0.036084391824351615,3,0.65625,0.036084391824351615,3,4.423505978381782,0.6393272942606059,3,2.302266788336427,0.2416354896479543,3,,,0,,,0,,,0,,,0,,,0,,,0,,,0,,,0,,,0,,,0,,,0,,,0
Mean positive delight,10000,0.3333333333333333,Early (0-10k),3,0.10833333681027095,0.0041666676600774135,3,0.04237833246588707,0.007077022210734011,3,4000.0,0.0,3,0.004325946366103987,0.0007960289484672632,3,,,0,0.4270833333333333,0.027559909490256156,3,0.5729166666666666,0.027559909490256156,3,0.59375,0.036084391824351615,3,5.5707818306934245,0.7109552970970363,3,2.7832866229534634,0.3128559527903571,3,0.4270833333333333,0.027559909490256156,3,0.1362179487179487,0.010587381120683841,3,0.183267587113741,0.00016436554898092984,3,22.78125,0.4078494156344144,3,0.13480029585798817,0.0024133101516829168,3,1.0,0.0,3,8.489583333333334,1.9270833333333335,3,8.427083333333334,1.8959191830379034,3,1.0085648148148147,0.0042870970318176285,3,0.9964823386054155,0.0025870294496922173,3,0.019294704115356553,0.006554942492236357,3,0.8262072359063741,0.0054107669708374955,3
Mean positive delight,10200,0.34,Middle (10-20k),3,0.07916666970898707,0.03632415883143122,3,0.03929666833331188,0.023384345897908648,3,4000.0,0.0,3,0.0033377090779443583,0.0009321109354955662,3,,,0,0.3333333333333333,0.03755782578608323,3,0.6666666666666666,0.03755782578608323,3,0.6770833333333334,0.04166666666666667,3,3.9709558277471246,0.6829008024320395,3,2.174348758840836,0.2745352905491505,3,,,0,,,0,,,0,,,0,,,0,,,0,,,0,,,0,,,0,,,0,,,0,,,0
Mean positive delight,10400,0.3466666666666667,Middle (10-20k),3,0.05833333358168602,0.015023129418984944,3,0.02126833237707615,0.004752464587969073,3,4000.0,0.0,3,0.0041949305062492686,0.0005907752741890042,3,,,0,0.53125,0.05412658773652742,3,0.46875,0.05412658773652742,3,0.4791666666666667,0.06336210969060646,3,8.749812390207191,1.8770284875402086,3,4.367787974903031,0.994046463126,3,,,0,,,0,,,0,,,0,,,0,,,0,,,0,,,0,,,0,,,0,,,0,,,0
Mean positive delight,10600,0.35333333333333333,Middle (10-20k),3,0.10833333432674408,0.04583333432674408,3,0.055758326624830566,0.025176318464860074,3,4000.0,0.0,3,0.0037427882586295405,0.0004752590605189717,3,,,0,0.3645833333333333,0.03755782578608323,3,0.6354166666666666,0.03755782578608323,3,0.6354166666666666,0.027559909490256152,3,4.5562799256264475,0.5547598814206092,3,2.4174149363403337,0.19508033927690058,3,,,0,,,0,,,0,,,0,,,0,,,0,,,0,,,0,,,0,,,0,,,0,,,0
Mean positive delight,10800,0.36,Middle (10-20k),3,0.10416666728754838,0.043501276341407824,3,0.044076663752396904,0.02061596266334446,3,4000.0,0.0,3,0.003583507069076101,0.0007801854106613017,3,,,0,0.3541666666666667,0.020833333333333336,3,0.6458333333333334,0.020833333333333332,3,0.65625,0.018042195912175808,3,4.236959457587466,0.3080919824412809,3,2.2678109354622653,0.1180489729641904,3,,,0,,,0,,,0,,,0,,,0,,,0,,,0,,,0,,,0,,,0,,,0,,,0
Mean positive delight,11000,0.36666666666666664,Middle (10-20k),3,0.1333333378036817,0.016666668156782787,3,0.05641333386301994,0.016528488603028635,3,4000.0,0.0,3,0.0034926431253552437,0.0003563389444388956,3,,,0,0.3333333333333333,0.010416666666666666,3,0.6666666666666666,0.010416666666666668,3,0.6145833333333334,0.04166666666666667,3,4.453422697984488,0.42396077759359513,3,2.5441395875566837,0.2985365171117425,3,0.3333333333333333,0.010416666666666666,3,0.12929073614557485,0.01068807378386981,3,0.18732293347677964,0.0009401274325923223,3,22.947916666666668,0.313712923882825,3,0.13578648915187377,0.0018562894904309113,3,1.0,0.0,3,7.375,0.708716195548919,3,7.291666666666667,0.7244640020579199,3,1.0106882122507121,0.001453973357280938,3,0.9965063083964495,0.0015428490215152794,3,0.022547627921952983,0.00427250280437789,3,0.8133226404972277,0.0016632046727508194,3
Mean positive delight,11200,0.37333333333333335,Middle (10-20k),3,0.15833334376414618,0.06548431354063132,3,0.06434332703550656,0.028149227287226432,3,4000.0,0.0,3,0.003886167386857172,0.0003197657880152655,3,,,0,0.3645833333333333,0.08526409137367134,3,0.6354166666666666,0.08526409137367137,3,0.65625,0.08267972847076846,3,4.749251315775729,1.65452929534469,3,2.4831583919807203,0.6534817959618558,3,,,0,,,0,,,0,,,0,,,0,,,0,,,0,,,0,,,0,,,0,,,0,,,0
Mean positive delight,11400,0.38,Middle (10-20k),3,0.16250000397364298,0.052041652849967916,3,0.06951499357819557,0.029269707184131015,3,4000.0,0.0,3,0.003324446345989903,0.0002116701785452456,3,,,0,0.3541666666666667,0.04540519732854869,3,0.6458333333333334,0.04540519732854869,3,0.6458333333333334,0.027559909490256152,3,4.347017962342259,0.6137355926515561,3,2.339246320029922,0.2030801651071377,3,,,0,,,0,,,0,,,0,,,0,,,0,,,0,,,0,,,0,,,0,,,0,,,0
Mean positive delight,11600,0.38666666666666666,Middle (10-20k),3,0.12500000558793545,0.061661039152159085,3,0.06507499981671572,0.03211642729042277,3,4000.0,0.0,3,0.0036480074437956014,0.0010697410510804462,3,,,0,0.4375,0.05412658773652742,3,0.5625,0.05412658773652742,3,0.5729166666666666,0.05799754544614607,3,6.076606627061491,1.2175766858795978,3,3.0469353942438935,0.5049214273059086,3,,,0,,,0,,,0,,,0,,,0,,,0,,,0,,,0,,,0,,,0,,,0,,,0
Mean positive delight,11800,0.3933333333333333,Middle (10-20k),3,0.08333333643774192,0.03632415947241134,3,0.028853330295532942,0.01232116004175654,3,4000.0,0.0,3,0.004194711761859556,0.000289625705679447,3,,,0,0.3854166666666667,0.010416666666666666,3,0.6145833333333334,0.010416666666666668,3,0.6458333333333334,0.010416666666666668,3,4.53318112013909,0.19364241621955625,3,2.3388034481771056,0.07331672251338883,3,,,0,,,0,,,0,,,0,,,0,,,0,,,0,,,0,,,0,,,0,,,0,,,0
Mean positive delight,12000,0.4,Middle (10-20k),3,0.16250000397364298,0.019094066696329688,3,0.06840499738852183,0.0007276222857602341,3,4000.0,0.0,3,0.005161046089294056,0.0002006065009931467,3,,,0,0.4479166666666667,0.04540519732854869,3,0.5520833333333334,0.04540519732854869,3,0.5625,0.036084391824351615,3,6.246949297297738,0.9554412596981581,3,3.0833001799753714,0.3744713497350257,3,0.4479166666666667,0.04540519732854869,3,0.14543965133295156,0.010209884782625772,3,0.18006591196636443,0.0043995494320940454,3,23.333333333333332,0.42860501273835383,3,0.13806706114398423,0.0025361243357298964,3,1.0,0.0,3,7.541666666666667,0.9411964165063765,3,7.541666666666667,0.9411964165063765,3,1.0,0.0,3,0.9987191044402963,0.0001235809815724665,3,0.03254445637147426,0.001769405979138478,3,0.81027115537298,0.004703906722433088,3
Mean positive delight,12200,0.4066666666666667,Middle (10-20k),3,0.07916666722546022,0.034105636640491876,3,0.030971663383146126,0.013677115116469948,3,4000.0,0.0,3,0.004602837880762915,0.0009244105633409421,3,,,0,0.4270833333333333,0.027559909490256156,3,0.5729166666666666,0.027559909490256152,3,0.5520833333333334,0.05799754544614607,3,6.041903590960111,0.934231121118095,3,3.195822080732567,0.5950437159498174,3,,,0,,,0,,,0,,,0,,,0,,,0,,,0,,,0,,,0,,,0,,,0,,,0
Mean positive delight,12400,0.41333333333333333,Middle (10-20k),3,0.10416666666666667,0.01102396407770797,3,0.04544166475534439,0.011592498918884477,3,4000.0,0.0,3,0.0036304211632038155,0.00024120160920167754,3,,,0,0.3958333333333333,0.06336210969060646,3,0.6041666666666666,0.06336210969060646,3,0.5416666666666666,0.0683066512948125,3,6.052718441275085,1.5346543731256186,3,3.380200803251846,0.8450504445314736,3,,,0,,,0,,,0,,,0,,,0,,,0,,,0,,,0,,,0,,,0,,,0,,,0
Mean positive delight,12600,0.42,Middle (10-20k),3,0.07916666970898707,0.04409585795353038,3,0.034556665535395346,0.01684615550776171,3,4000.0,0.0,3,0.0037275023059919477,0.0002707651541914426,3,,,0,0.375,0.0,3,0.625,0.0,3,0.6458333333333334,0.010416666666666668,3,4.463643915531195,0.12410521161166166,3,2.3348011343394184,0.06931440867570146,3,,,0,,,0,,,0,,,0,,,0,,,0,,,0,,,0,,,0,,,0,,,0,,,0
Mean positive delight,12800,0.4266666666666667,Middle (10-20k),3,0.07916666939854622,0.015023130968799462,3,0.03797666480143865,0.004830478452233242,3,4000.0,0.0,3,0.0037038015822569528,0.0001749656931909523,3,,,0,0.4479166666666667,0.04540519732854869,3,0.5520833333333334,0.04540519732854869,3,0.5625,0.047735163489123336,3,6.297695896876916,1.182805515144239,3,3.1360397258682444,0.5358106484472139,3,,,0,,,0,,,0,,,0,,,0,,,0,,,0,,,0,,,0,,,0,,,0,,,0
Mean positive delight,13000,0.43333333333333335,Middle (10-20k),3,0.09583333755532901,0.07083333718279998,3,0.040843330323696136,0.031896759827932566,3,4000.0,0.0,3,0.003285277091587583,0.0008520299729129887,3,,,0,0.34375,0.047735163489123336,3,0.65625,0.047735163489123336,3,0.6354166666666666,0.04540519732854869,3,4.4615508845693155,0.8274555902086823,3,2.4410517806004304,0.3222694445918913,3,0.34375,0.047735163489123336,3,0.12482105363619012,0.013277455758642923,3,0.18472809242040011,0.003381351552390286,3,23.239583333333332,0.3785996217788802,3,0.13751232741617356,0.0022402344483957335,3,1.0,0.0,3,6.6875,0.5340002340823458,3,6.604166666666667,0.5258095610051651,3,1.0097402597402596,0.0008116883116882819,3,0.9992865029022159,7.211272798203266e-05,3,0.02249126953889435,0.0073076578254266285,3,0.8216541980601199,0.0022228843880868197,3
Mean positive delight,13200,0.44,Middle (10-20k),3,0.15000000720222792,0.07107801656280836,3,0.07941000287731488,0.044389418268926555,3,4000.0,0.0,3,0.005053708368601899,0.0014075628276364876,3,,,0,0.3854166666666667,0.027559909490256156,3,0.6145833333333334,0.027559909490256156,3,0.6041666666666666,0.027559909490256156,3,5.0699419824787695,0.5412756207787744,3,2.6540027186390436,0.21926090188839087,3,,,0,,,0,,,0,,,0,,,0,,,0,,,0,,,0,,,0,,,0,,,0,,,0
Mean positive delight,13400,0.44666666666666666,Middle (10-20k),3,0.10833333432674408,0.018162078703515525,3,0.04881333187222481,0.01402137062391283,3,4000.0,0.0,3,0.004654704825952649,0.0002482616490047621,3,,,0,0.40625,0.07864410870073699,3,0.59375,0.07864410870073699,3,0.5520833333333334,0.0683066512948125,3,6.145224010516255,1.4661484647152976,3,3.264145918461384,0.6260057380151066,3,,,0,,,0,,,0,,,0,,,0,,,0,,,0,,,0,,,0,,,0,,,0,,,0
Mean positive delight,13600,0.4533333333333333,Middle (10-20k),3,0.17500000447034836,0.040181880797607414,3,0.10400499651829402,0.021200415589367402,3,4000.0,0.0,3,0.00479805104744931,0.0008510079643021692,3,,,0,0.4270833333333333,0.03755782578608323,3,0.5729166666666666,0.03755782578608323,3,0.5625,0.06505206248331664,3,6.051699339482741,1.2482691626614726,3,3.173288144103433,0.6915933682640351,3,,,0,,,0,,,0,,,0,,,0,,,0,,,0,,,0,,,0,,,0,,,0,,,0
Mean positive delight,13800,0.46,Middle (10-20k),3,0.09583333631356557,0.06222160387580478,3,0.043558329343795776,0.03152495750770237,3,4000.0,0.0,3,0.003949205080668132,0.0008013455571795004,3,,,0,0.3854166666666667,0.055119818980512304,3,0.6145833333333334,0.05511981898051231,3,0.6145833333333334,0.05208333333333334,3,5.064574981001501,0.9402373155970376,3,2.634208760386459,0.3692714279518281,3,,,0,,,0,,,0,,,0,,,0,,,0,,,0,,,0,,,0,,,0,,,0,,,0
Mean positive delight,14000,0.4666666666666667,Middle (10-20k),3,0.07500000049670537,0.007216877934710958,3,0.040934997300306954,0.012273518733861694,3,4000.0,0.0,3,0.003510912802691261,0.0004487735218177155,3,,,0,0.375,0.0,3,0.625,0.0,3,0.625,0.018042195912175808,3,4.692222979126627,0.1981984833590645,3,2.4778845064866,0.12393385051455437,3,0.375,0.0,3,0.13106031685436154,0.006656687145472901,3,0.1858974358974359,0.004437869822485207,3,23.25,0.726856459350813,3,0.13757396449704143,0.004300925794975221,3,1.0,0.0,3,7.489583333333333,1.2443012457912985,3,7.385416666666667,1.2492619348817302,3,1.011111111111111,0.008187379251771938,3,0.998926821867019,0.0005395596447810597,3,0.0342900797240916,0.002201025324510611,3,0.8052339317012699,0.016203780846449842,3
Mean positive delight,14200,0.47333333333333333,Middle (10-20k),3,0.15000000099341074,0.0520416492708247,3,0.08071499938766162,0.029222088896015543,3,4000.0,0.0,3,0.0031702760218953094,0.000950513544317925,3,,,0,0.4375,0.018042195912175808,3,0.5625,0.018042195912175808,3,0.5833333333333334,0.020833333333333332,3,5.74845980256118,0.421106787973423,3,2.8422624659676017,0.17848694151296624,3,,,0,,,0,,,0,,,0,,,0,,,0,,,0,,,0,,,0,,,0,,,0,,,0
Mean positive delight,14400,0.48,Middle (10-20k),3,0.12083333233992259,0.03254270615618852,3,0.04992832740147909,0.014312368020454864,3,4000.0,0.0,3,0.004359930753707886,0.0005504019971617689,3,,,0,0.375,0.07864410870073699,3,0.625,0.07864410870073699,3,0.6354166666666666,0.08526409137367137,3,5.073807902725001,1.7802713079676755,3,2.6715540326806377,0.7678532622707255,3,,,0,,,0,,,0,,,0,,,0,,,0,,,0,,,0,,,0,,,0,,,0,,,0
Mean positive delight,14600,0.4866666666666667,Middle (10-20k),3,0.22500000645716986,0.07324331837946667,3,0.09362999474008878,0.04874326923335302,3,4000.0,0.0,3,0.003763420623727143,0.0010346319391117095,3,,,0,0.375,0.03125,3,0.625,0.03125,3,0.65625,0.03125,3,4.4044853114783615,0.5829807240893685,3,2.2945723007642513,0.22169780683712567,3,,,0,,,0,,,0,,,0,,,0,,,0,,,0,,,0,,,0,,,0,,,0,,,0
Mean positive delight,14800,0.49333333333333335,Middle (10-20k),3,0.21666666865348816,0.11094605680756153,3,0.08217665925621986,0.03656055831505248,3,4000.0,0.0,3,0.00395593571010977,0.001577241998116751,3,,,0,0.2916666666666667,0.03755782578608323,3,0.7083333333333334,0.03755782578608323,3,0.6770833333333334,0.027559909490256152,3,3.620739172520199,0.37023521242031626,3,2.121142236335881,0.1576379920175666,3,,,0,,,0,,,0,,,0,,,0,,,0,,,0,,,0,,,0,,,0,,,0,,,0
Mean positive delight,15000,0.5,Middle (10-20k),3,0.13333333345750967,0.06508541386254431,3,0.07333333510905504,0.03237004105873915,3,4000.0,0.0,3,0.00407741831926008,0.0006065171736504225,3,,,0,0.3333333333333333,0.055119818980512304,3,0.6666666666666666,0.05511981898051231,3,0.6458333333333334,0.04540519732854869,3,4.325156956963393,0.8892509165533051,3,2.376641835773611,0.3335507907639733,3,0.3333333333333333,0.055119818980512304,3,0.1226180250683973,0.012720960192262314,3,0.18682727528881374,0.0037566597303377884,3,22.447916666666668,0.36458333333333337,3,0.13282790927021695,0.0021572978303747493,3,1.0,0.0,3,7.072916666666667,0.302621646798624,3,6.989583333333333,0.293890332909706,3,1.0244633838383839,0.01901879924132107,3,0.9989282779288958,0.00032567078916178623,3,0.01909384981710448,0.0009104799566242783,3,0.8195432159075149,0.008917936794713793,3
Mean positive delight,15200,0.5066666666666667,Middle (10-20k),3,0.11249999950329463,0.02602082224931692,3,0.05749500294526418,0.02519615642871928,3,4000.0,0.0,3,0.004921070455263059,0.0016590510031990779,3,,,0,0.4375,0.018042195912175808,3,0.5625,0.018042195912175808,3,0.59375,0.018042195912175808,3,5.595610871400647,0.3972586546621505,3,2.750996868819651,0.15721728394069798,3,,,0,,,0,,,0,,,0,,,0,,,0,,,0,,,0,,,0,,,0,,,0,,,0
Mean positive delight,15400,0.5133333333333333,Middle (10-20k),3,0.11249999950329463,0.033071890355753975,3,0.04268999770283699,0.012541582604413242,3,4000.0,0.0,3,0.0033333367512871823,0.0006101194253871917,3,,,0,0.4375,0.0,3,0.5625,0.0,3,0.5416666666666666,0.010416666666666668,3,6.35230603757152,0.16165624221641134,3,3.2203717850776674,0.10430353959765734,3,,,0,,,0,,,0,,,0,,,0,,,0,,,0,,,0,,,0,,,0,,,0,,,0
Mean positive delight,15600,0.52,Middle (10-20k),3,0.20000000049670538,0.05448623497102607,3,0.09453499192992847,0.030087901416960373,3,4000.0,0.0,3,0.002966203299971918,0.0003071344576412968,3,,,0,0.4479166666666667,0.04166666666666667,3,0.5520833333333334,0.04166666666666667,3,0.5625,0.0625,3,6.3132769739611545,1.3928110213829525,3,3.20847308031774,0.7230361871138571,3,,,0,,,0,,,0,,,0,,,0,,,0,,,0,,,0,,,0,,,0,,,0,,,0
Mean positive delight,15800,0.5266666666666666,Middle (10-20k),3,0.11250000447034836,0.033071895049178596,3,0.06101999804377556,0.020832248451857487,3,4000.0,0.0,3,0.004070241857940952,0.0002233101002750382,3,,,0,0.4375,0.036084391824351615,3,0.5625,0.036084391824351615,3,0.5416666666666666,0.027559909490256152,3,6.285324484378033,0.6393232337515378,3,3.222930565851248,0.2728301850150922,3,,,0,,,0,,,0,,,0,,,0,,,0,,,0,,,0,,,0,,,0,,,0,,,0
Mean positive delight,16000,0.5333333333333333,Middle (10-20k),3,0.06250000124176343,0.007216879010109556,3,0.02517999770740668,0.000728051147272513,3,4000.0,0.0,3,0.003594334605926027,0.0007315814022065647,3,,,0,0.4791666666666667,0.04540519732854869,3,0.5208333333333334,0.04540519732854869,3,0.5208333333333334,0.04540519732854869,3,7.265008261631347,1.2695158233421453,3,3.60351674160602,0.596375544821233,3,0.4791666666666667,0.04540519732854869,3,0.1548005344531399,0.008292420180076147,3,0.1845058075827307,0.0029525673274173087,3,23.125,0.10825317547305484,3,0.13683431952662722,0.000640551334160091,3,1.0,0.0,3,7.520833333333333,0.14014191715701782,3,7.145833333333333,0.17336788517805457,3,1.0536706349206348,0.02347294340691913,3,0.9989971647183777,0.00031013228903122817,3,0.028314245433735664,0.003865190156715214,3,0.8096196305639854,0.00465558190687445,3
Mean positive delight,16200,0.54,Middle (10-20k),3,0.12083333482344945,0.018162080982556,3,0.06944333265225093,0.02509262899320156,3,4000.0,0.0,3,0.00452154828235507,0.0007276068740576225,3,,,0,0.3541666666666667,0.03755782578608323,3,0.6458333333333334,0.03755782578608323,3,0.65625,0.047735163489123336,3,4.332428072208806,0.7136282801195083,3,2.3167529548480723,0.29076099350640056,3,,,0,,,0,,,0,,,0,,,0,,,0,,,0,,,0,,,0,,,0,,,0,,,0
Mean positive delight,16400,0.5466666666666666,Middle (10-20k),3,0.1958333378036817,0.06009251939795585,3,0.08994833255807559,0.028887130681121576,3,4000.0,0.0,3,0.004746431310195476,0.0008547383239853908,3,,,0,0.4583333333333333,0.03755782578608322,3,0.5416666666666666,0.03755782578608323,3,0.5416666666666666,0.05208333333333334,3,6.667874622796178,1.2174226344769612,3,3.371972541434369,0.6413002373112583,3,,,0,,,0,,,0,,,0,,,0,,,0,,,0,,,0,,,0,,,0,,,0,,,0
Mean positive delight,16600,0.5533333333333333,Middle (10-20k),3,0.1250000031044086,0.054486238389586814,3,0.062000000228484474,0.03525509541505055,3,4000.0,0.0,3,0.004217221906098227,0.0010921624424287684,3,,,0,0.40625,0.036084391824351615,3,0.59375,0.036084391824351615,3,0.5625,0.07216878364870323,3,5.781554127742427,1.1621393318028643,3,3.141895685347338,0.669983029131884,3,,,0,,,0,,,0,,,0,,,0,,,0,,,0,,,0,,,0,,,0,,,0,,,0
Mean positive delight,16800,0.56,Middle (10-20k),3,0.06666666890184085,0.023199019248989452,3,0.025011664256453514,0.007853859828131783,3,4000.0,0.0,3,0.0038476681414370737,0.0006570296856069308,3,,,0,0.4270833333333333,0.03755782578608322,3,0.5729166666666666,0.03755782578608323,3,0.5729166666666666,0.04540519732854869,3,5.8933710236259005,0.964704409286049,3,2.9931523963608306,0.42493381799997487,3,,,0,,,0,,,0,,,0,,,0,,,0,,,0,,,0,,,0,,,0,,,0,,,0
Mean positive delight,17000,0.5666666666666667,Middle (10-20k),3,0.09583333383003871,0.0410369059440673,3,0.0464983315517505,0.02445105683593121,3,4000.0,0.0,3,0.0027539807682236037,0.0003347791548224132,3,,,0,0.3541666666666667,0.027559909490256156,3,0.6458333333333334,0.027559909490256156,3,0.6458333333333334,0.04540519732854869,3,4.39861236417669,0.6804404021299115,3,2.3785321729610303,0.31591007757093714,3,0.3541666666666667,0.027559909490256156,3,0.12328609149328751,0.01396715369904496,3,0.19056840595302135,0.0035683617992772567,3,23.28125,0.14768173832039402,3,0.137758875739645,0.0008738564397656402,3,1.0,0.0,3,7.302083333333333,0.16764038478574042,3,7.010416666666667,0.27618903299089276,3,1.0355436808561809,0.01253922663221106,3,0.9977857817666509,0.002002570402194351,3,0.018269873117974067,0.0030927836512163248,3,0.8230395946545168,0.004111124747998197,3
Mean positive delight,17200,0.5733333333333334,Middle (10-20k),3,0.13333333904544512,0.05511982226590954,3,0.059053328509132065,0.02934770661797733,3,4000.0,0.0,3,0.0035558201683064303,0.0005580054600993259,3,,,0,0.3958333333333333,0.027559909490256156,3,0.6041666666666666,0.027559909490256152,3,0.6145833333333334,0.020833333333333332,3,5.0200937837510855,0.437611870143462,3,2.5722929258957223,0.15844894391114986,3,,,0,,,0,,,0,,,0,,,0,,,0,,,0,,,0,,,0,,,0,,,0,,,0
Mean positive delight,17400,0.58,Middle (10-20k),3,0.09166666616996129,0.02732265964683614,3,0.05211166789134344,0.016333618245083788,3,4000.0,0.0,3,0.002722875098697841,0.00030998036289368083,3,,,0,0.3125,0.036084391824351615,3,0.6875,0.036084391824351615,3,0.6875,0.03125,3,3.693468736903558,0.4507132801467035,3,2.0829116196544226,0.1679543361190677,3,,,0,,,0,,,0,,,0,,,0,,,0,,,0,,,0,,,0,,,0,,,0,,,0
Mean positive delight,17600,0.5866666666666667,Middle (10-20k),3,0.14166667064030966,0.016666670640309654,3,0.06264666467905045,0.00947578913797369,3,4000.0,0.0,3,0.004963863039544473,0.000841830343128253,3,,,0,0.375,0.036084391824351615,3,0.625,0.036084391824351615,3,0.625,0.05412658773652742,3,4.862116363370388,0.9134118997605659,3,2.5671503337577364,0.4129697689926097,3,,,0,,,0,,,0,,,0,,,0,,,0,,,0,,,0,,,0,,,0,,,0,,,0
Mean positive delight,17800,0.5933333333333334,Middle (10-20k),3,0.18333333233992258,0.03974746136261237,3,0.07560332740346591,0.009837506310099851,3,4000.0,0.0,3,0.004090201012634982,0.000662037155333033,3,,,0,0.4270833333333333,0.020833333333333336,3,0.5729166666666666,0.020833333333333332,3,0.5729166666666666,0.03755782578608323,3,5.823932208140981,0.7067291794402781,3,2.964098128644368,0.36617889331969644,3,,,0,,,0,,,0,,,0,,,0,,,0,,,0,,,0,,,0,,,0,,,0,,,0
Mean positive delight,18000,0.6,Middle (10-20k),3,0.12083333730697632,0.00833333283662796,3,0.07184333105882008,0.009229215337871867,3,4000.0,0.0,3,0.002863164913530151,8.40711932532875e-05,3,,,0,0.4270833333333333,0.05799754544614606,3,0.5729166666666666,0.05799754544614607,3,0.5625,0.06505206248331664,3,6.10812261467868,1.2314314841218226,3,3.1548110815519874,0.5777757436810755,3,0.4270833333333333,0.05799754544614606,3,0.14365814086657758,0.015353366277366616,3,0.1910092044707429,0.0018616892765232072,3,22.9375,0.24803918541230538,3,0.1357248520710059,0.0014676874876467735,3,1.0,0.0,3,8.583333333333334,1.4735441850442688,3,8.166666666666666,1.2978263746014378,3,1.0472800925925927,0.0373507851654782,3,0.9991398788659168,0.00012315076458389477,3,0.019230944986768975,0.004348001433335354,3,0.8277307034855751,0.015631918300142024,3
Mean positive delight,18200,0.6066666666666667,Middle (10-20k),3,0.16249999900658926,0.054486232122225364,3,0.07986500238378842,0.0347248949967885,3,4000.0,0.0,3,0.0028591847124819956,0.0005322369553222426,3,,,0,0.375,0.08267972847076846,3,0.625,0.08267972847076846,3,0.6145833333333334,0.09081039465709737,3,5.352843367101927,1.664868198693242,3,2.8337159457237906,0.7374537713372787,3,,,0,,,0,,,0,,,0,,,0,,,0,,,0,,,0,,,0,,,0,,,0,,,0
Mean positive delight,18400,0.6133333333333333,Middle (10-20k),3,0.11666667523483436,0.08549285984650326,3,0.04771166015416384,0.03473388028149241,3,4000.0,0.0,3,0.0033052359358407557,0.0009598986411300225,3,,,0,0.4166666666666667,0.06336210969060646,3,0.5833333333333334,0.06336210969060646,3,0.5729166666666666,0.09081039465709737,3,6.062235677087595,1.8070092969224325,3,3.248916660075404,0.9650282633223658,3,,,0,,,0,,,0,,,0,,,0,,,0,,,0,,,0,,,0,,,0,,,0,,,0
Mean positive delight,18600,0.62,Middle (10-20k),3,0.10416666697710752,0.07371585825745995,3,0.054276664120455585,0.0400350157877502,3,4000.0,0.0,3,0.004239075390311579,0.0013412686182852338,3,,,0,0.5208333333333334,0.06336210969060646,3,0.4791666666666667,0.06336210969060646,3,0.4791666666666667,0.06336210969060646,3,8.671089500989618,1.9441507360902353,3,4.3629334218632465,0.9980300523868787,3,,,0,,,0,,,0,,,0,,,0,,,0,,,0,,,0,,,0,,,0,,,0,,,0
Mean positive delight,18800,0.6266666666666667,Middle (10-20k),3,0.10833333432674408,0.00833333283662796,3,0.04015833263595899,0.004074867045449918,3,4000.0,0.0,3,0.003626427069927255,0.00093861816540232,3,,,0,0.3645833333333333,0.020833333333333336,3,0.6354166666666666,0.020833333333333332,3,0.6145833333333334,0.027559909490256152,3,4.78246393130883,0.4602961794916182,3,2.5645964185048293,0.214485133822509,3,,,0,,,0,,,0,,,0,,,0,,,0,,,0,,,0,,,0,,,0,,,0,,,0
Mean positive delight,19000,0.6333333333333333,Middle (10-20k),3,0.1374999980131785,0.04732423437823857,3,0.0744249951094389,0.028516635695936626,3,4000.0,0.0,3,0.003948866622522473,0.0006437188793512485,3,,,0,0.4166666666666667,0.027559909490256156,3,0.5833333333333334,0.027559909490256156,3,0.6041666666666666,0.027559909490256156,3,5.323245565963517,0.5647855449906601,3,2.6728255932664777,0.22202139475700708,3,0.4166666666666667,0.027559909490256156,3,0.13222943309791943,0.011026200667306455,3,0.18534365043240783,0.001983404292590553,3,22.145833333333332,1.3358943503427876,3,0.1310404339250493,0.007904700297886322,3,1.0,0.0,3,9.8125,2.098253862342051,3,9.354166666666666,2.112581153931002,3,1.053687920875421,0.043471840459666594,3,0.9979795171456103,0.0016114396989188513,3,0.027298622759281212,0.004744543257730437,3,0.8211255071290142,0.007367821939665332,3
Mean positive delight,19200,0.64,Middle (10-20k),3,0.14583333830038706,0.015023133896226672,3,0.06964833289384842,0.011448304296078612,3,4000.0,0.0,3,0.003122583070459465,0.00043729408474227815,3,,,0,0.3958333333333333,0.027559909490256156,3,0.6041666666666666,0.027559909490256152,3,0.59375,0.06505206248331664,3,5.244880738596671,0.9296968844256042,3,2.8222361112319647,0.555985897148054,3,,,0,,,0,,,0,,,0,,,0,,,0,,,0,,,0,,,0,,,0,,,0,,,0
Mean positive delight,19400,0.6466666666666666,Middle (10-20k),3,0.12916666766007742,0.03410563648878642,3,0.058696666111548744,0.019363409751886516,3,4000.0,0.0,3,0.0030681844412659607,0.000702054288088179,3,,,0,0.4270833333333333,0.04540519732854869,3,0.5729166666666666,0.04540519732854869,3,0.5416666666666666,0.027559909490256152,3,6.251103416980464,0.8628748845931743,3,3.2311006082521723,0.31510297330485376,3,,,0,,,0,,,0,,,0,,,0,,,0,,,0,,,0,,,0,,,0,,,0,,,0
Mean positive delight,19600,0.6533333333333333,Middle (10-20k),3,0.1208333329608043,0.05788518129163987,3,0.06248333243032297,0.024287521567565338,3,4000.0,0.0,3,0.0032176454939569035,0.00014260423907990312,3,,,0,0.40625,0.03125,3,0.59375,0.03125,3,0.5729166666666666,0.05799754544614607,3,5.652330401071398,0.9200289237699193,3,2.99391136773188,0.4687196536834655,3,,,0,,,0,,,0,,,0,,,0,,,0,,,0,,,0,,,0,,,0,,,0,,,0
Mean positive delight,19800,0.66,Middle (10-20k),3,0.1375000017384688,0.05907269482891036,3,0.057654994229475655,0.03006732745132201,3,4000.0,0.0,3,0.0030640555390467248,0.0006301922777483206,3,,,0,0.3645833333333333,0.07291666666666667,3,0.6354166666666666,0.07291666666666667,3,0.6041666666666666,0.07291666666666667,3,5.194178028515581,1.5144077431332725,3,2.820381988263742,0.6745151484034965,3,,,0,,,0,,,0,,,0,,,0,,,0,,,0,,,0,,,0,,,0,,,0,,,0
Mean positive delight,20000,0.6666666666666666,Middle (10-20k),3,0.16666667660077414,0.05788518850940491,3,0.08703166122237842,0.027136097933793124,3,4000.0,0.0,3,0.005983470260010411,0.0009266738184589862,3,,,0,0.4375,0.047735163489123336,3,0.5625,0.047735163489123336,3,0.5625,0.05412658773652742,3,6.1878201190082445,1.1434004439545216,3,3.138041554936866,0.5435520762248892,3,0.4375,0.047735163489123336,3,0.14262820512820512,0.013853492030964417,3,0.18777568585260895,0.003188710205543975,3,22.697916666666668,0.44718933195136834,3,0.13430719921104536,0.0026460907216057307,3,1.0,0.0,3,8.291666666666666,1.9821249820443827,3,8.1875,1.958887332986084,3,1.0108440170940172,0.00545526044278809,3,0.9979243877099205,0.001358428019499575,3,0.0228061275007447,0.004069784136796946,3,0.8142781442550312,0.00452841468339581,3
Mean positive delight,20200,0.6733333333333333,Late (20-30k),3,0.050000000124176346,0.038188130750652416,3,0.026824998979767162,0.021987624426103552,3,4000.0,0.0,3,0.004271793897108485,0.0006242899403364479,3,,,0,0.4375,0.047735163489123336,3,0.5625,0.047735163489123336,3,0.5416666666666666,0.020833333333333332,3,6.324654865885947,0.8450334611007027,3,3.222388118037913,0.27155872955999605,3,,,0,,,0,,,0,,,0,,,0,,,0,,,0,,,0,,,0,,,0,,,0,,,0
Mean positive delight,20400,0.68,Late (20-30k),3,0.15416667113701502,0.05877806827204571,3,0.07363166194409132,0.030908640864522205,3,4000.0,0.0,3,0.004664367375274499,0.0016505702159690717,3,,,0,0.3020833333333333,0.010416666666666666,3,0.6979166666666666,0.010416666666666668,3,0.6979166666666666,0.027559909490256152,3,3.508490663586939,0.2882538325619139,3,2.0179162156095045,0.141187880165319,3,,,0,,,0,,,0,,,0,,,0,,,0,,,0,,,0,,,0,,,0,,,0,,,0
Mean positive delight,20600,0.6866666666666666,Late (20-30k),3,0.13750000204890966,0.06414501967487221,3,0.064044998648266,0.030864711223232547,3,4000.0,0.0,3,0.002801415743306279,0.00023881541693128536,3,,,0,0.3854166666666667,0.03755782578608322,3,0.6145833333333334,0.03755782578608323,3,0.5729166666666666,0.05799754544614607,3,5.503253983893615,0.9219354913201494,3,2.9827205053011503,0.4660234452368109,3,,,0,,,0,,,0,,,0,,,0,,,0,,,0,,,0,,,0,,,0,,,0,,,0
Mean positive delight,20800,0.6933333333333334,Late (20-30k),3,0.13333333532015482,0.07264831595358197,3,0.0806833306948344,0.04710578748792616,3,4000.0,0.0,3,0.003081274509895593,0.0007651330318602074,3,,,0,0.3854166666666667,0.010416666666666666,3,0.6145833333333334,0.010416666666666668,3,0.625,0.018042195912175808,3,4.7617601837345225,0.2132678398204694,3,2.4818868203242874,0.1239265479754817,3,,,0,,,0,,,0,,,0,,,0,,,0,,,0,,,0,,,0,,,0,,,0,,,0
Mean positive delight,21000,0.7,Late (20-30k),3,0.17083333929379782,0.06137883458186984,3,0.08915832949181397,0.03921612160318974,3,4000.0,0.0,3,0.0038224001958345375,0.0009830677889868435,3,,,0,0.4166666666666667,0.027559909490256156,3,0.5833333333333334,0.027559909490256152,3,0.5416666666666666,0.027559909490256152,3,6.139161431515848,0.6484651143422132,3,3.219881988548288,0.28919109171921853,3,0.4166666666666667,0.027559909490256156,3,0.152533880511548,0.0055416131722895315,3,0.18973600364132906,0.004408134696812574,3,23.8125,0.28125,3,0.1409023668639053,0.0016642011834319497,3,1.0,0.0,3,9.6875,1.00243843327159,3,9.625,0.9663949869661645,3,1.0089285714285714,0.0051549131177644975,3,0.9961289940893036,0.001623638588410649,3,0.020608000645779428,0.001979930288689896,3,0.813967331555041,0.008440212483604326,3
Mean positive delight,21200,0.7066666666666667,Late (20-30k),3,0.15000000006208816,0.08749999995121643,3,0.07853999314829707,0.0535882531063409,3,4000.0,0.0,3,0.0019841545339052877,4.136964659059845e-05,3,,,0,0.3958333333333333,0.03755782578608322,3,0.6041666666666666,0.03755782578608323,3,0.5833333333333334,0.04166666666666667,3,5.480331363853338,0.8702733606318702,3,2.872807216879785,0.4053375465114247,3,,,0,,,0,,,0,,,0,,,0,,,0,,,0,,,0,,,0,,,0,,,0,,,0
Mean positive delight,21400,0.7133333333333334,Late (20-30k),3,0.158333337555329,0.0650854154127116,3,0.08081332842508952,0.035676192133271105,3,4000.0,0.0,3,0.003187001100741327,0.0006509260981921164,3,,,0,0.3645833333333333,0.020833333333333336,3,0.6354166666666666,0.020833333333333332,3,0.65625,0.018042195912175808,3,4.2991756798529925,0.32526854148985335,3,2.271272665020175,0.1193571108639785,3,,,0,,,0,,,0,,,0,,,0,,,0,,,0,,,0,,,0,,,0,,,0,,,0
Mean positive delight,21600,0.72,Late (20-30k),3,0.14166667064030966,0.03703414385255144,3,0.06803166369597118,0.016078184773781368,3,4000.0,0.0,3,0.0031440671300515532,0.0007203167505321992,3,,,0,0.40625,0.047735163489123336,3,0.59375,0.047735163489123336,3,0.6041666666666666,0.04540519732854869,3,5.316768906164456,0.958582748634455,3,2.7120107962213225,0.3740917951344922,3,,,0,,,0,,,0,,,0,,,0,,,0,,,0,,,0,,,0,,,0,,,0,,,0
Mean positive delight,21800,0.7266666666666667,Late (20-30k),3,0.18750000496705374,0.056365622681354165,3,0.08972999701897304,0.029968632168021037,3,4000.0,0.0,3,0.002908316887139032,0.0007072423276423496,3,,,0,0.375,0.03125,3,0.625,0.03125,3,0.6354166666666666,0.04540519732854869,3,4.653582181838831,0.6826689089847673,3,2.4551756013858195,0.31023264035827885,3,,,0,,,0,,,0,,,0,,,0,,,0,,,0,,,0,,,0,,,0,,,0,,,0
Mean positive delight,22000,0.7333333333333333,Late (20-30k),3,0.21666666865348816,0.06305311003050296,3,0.11124666531880696,0.021032847425992332,3,4000.0,0.0,3,0.0035851606905149915,9.166590608816043e-05,3,,,0,0.3958333333333333,0.03755782578608322,3,0.6041666666666666,0.03755782578608323,3,0.6145833333333334,0.027559909490256156,3,5.054443580104314,0.6411745510578987,3,2.5861741194789682,0.2304582998930391,3,0.3958333333333333,0.03755782578608322,3,0.13032067188394733,0.005699782163235739,3,0.1821857629549937,0.0001206170346698363,3,22.8125,0.12629537138523064,3,0.13498520710059173,0.0007473098898534436,3,1.0,0.0,3,8.4375,1.1435109039707494,3,7.791666666666667,1.3936160872389178,3,1.1216958184789068,0.08604878381166063,3,0.9990010745995989,0.00031185598559518396,3,0.020775794160630263,0.0004407565037190005,3,0.801928122233508,0.0032393877350183104,3
Mean positive delight,22200,0.74,Late (20-30k),3,0.1666666679084301,0.06508541533321587,3,0.09007666011651357,0.036941365311944335,3,4000.0,0.0,3,0.003179714782163501,0.0008247291748883585,3,,,0,0.28125,0.018042195912175808,3,0.71875,0.018042195912175808,3,0.6875,0.047735163489123336,3,3.4586550114253733,0.4510381558214092,3,2.0809071136358144,0.26257879684381197,3,,,0,,,0,,,0,,,0,,,0,,,0,,,0,,,0,,,0,,,0,,,0,,,0
Mean positive delight,22400,0.7466666666666667,Late (20-30k),3,0.17083333432674408,0.02204792909410104,3,0.08095332980155945,0.004977610643392472,3,4000.0,0.0,3,0.0032928339399707816,0.0002039931136385785,3,,,0,0.3125,0.018042195912175808,3,0.6875,0.018042195912175808,3,0.6770833333333334,0.027559909490256156,3,3.7733731957315952,0.3702092157943443,3,2.1376280621485084,0.16725198050684395,3,,,0,,,0,,,0,,,0,,,0,,,0,,,0,,,0,,,0,,,0,,,0,,,0
Mean positive delight,22600,0.7533333333333333,Late (20-30k),3,0.11666666964689891,0.0820738166792496,3,0.050906664381424584,0.03180805960309879,3,4000.0,0.0,3,0.00353987953470399,0.0016390181737798058,3,,,0,0.3333333333333333,0.010416666666666666,3,0.6666666666666666,0.010416666666666668,3,0.6666666666666666,0.010416666666666668,3,3.963965320595239,0.09951217771249521,3,2.188062987372883,0.05787429461526812,3,,,0,,,0,,,0,,,0,,,0,,,0,,,0,,,0,,,0,,,0,,,0,,,0
Mean positive delight,22800,0.76,Late (20-30k),3,0.08750000099341075,0.04389855786929534,3,0.03171499694387118,0.01667414193082666,3,4000.0,0.0,3,0.003087274788413197,0.0001410640408005546,3,,,0,0.3125,0.036084391824351615,3,0.6875,0.036084391824351615,3,0.6979166666666666,0.05511981898051231,3,3.6580256611711284,0.7190567353604372,3,2.0727785771897627,0.3215376659656526,3,,,0,,,0,,,0,,,0,,,0,,,0,,,0,,,0,,,0,,,0,,,0,,,0
Mean positive delight,23000,0.7666666666666667,Late (20-30k),3,0.08749999975164731,0.021650634879531245,3,0.0495950011536479,0.026060387832694876,3,4000.0,0.0,3,0.0037514144593539336,0.0005210838050781895,3,,,0,0.3958333333333333,0.020833333333333336,3,0.6041666666666666,0.020833333333333332,3,0.625,0.018042195912175808,3,4.87394660077705,0.3644580846844595,3,2.4922948639310136,0.13671933796636243,3,0.3958333333333333,0.020833333333333336,3,0.1282448940637526,0.004396548649628254,3,0.1849112426035503,0.0019928263729424942,3,22.854166666666668,0.19459939262780632,3,0.13523175542406313,0.0011514756960225236,3,1.0,0.0,3,10.46875,2.381843211324653,3,10.302083333333334,2.4383901508531767,3,1.0180750962000962,0.007960090916143392,3,0.9978580724494437,0.0010993751719756176,3,0.01924600788550904,0.006464331413452807,3,0.8139600552991069,0.018113736091195622,3
Mean positive delight,23200,0.7733333333333333,Late (20-30k),3,0.08750000099341075,0.04389855786929534,3,0.05251999944448471,0.029969501129981643,3,4000.0,0.0,3,0.002296625985763967,0.000266858319580314,3,,,0,0.4166666666666667,0.03755782578608323,3,0.5833333333333334,0.03755782578608323,3,0.6041666666666666,0.04540519732854869,3,5.398103791849912,0.8648027451621834,3,2.719082545707933,0.36775790315726836,3,,,0,,,0,,,0,,,0,,,0,,,0,,,0,,,0,,,0,,,0,,,0,,,0
Mean positive delight,23400,0.78,Late (20-30k),3,0.09583333383003871,0.015023129763388203,3,0.04082833044230938,0.009128329644919888,3,4000.0,0.0,3,0.003319413731029878,0.0005910623870085361,3,,,0,0.3958333333333333,0.05799754544614606,3,0.6041666666666666,0.05799754544614607,3,0.5625,0.06505206248331664,3,5.747510548995799,1.1513168145962231,3,3.1009340584410183,0.55089662408648,3,,,0,,,0,,,0,,,0,,,0,,,0,,,0,,,0,,,0,,,0,,,0,,,0
Mean positive delight,23600,0.7866666666666666,Late (20-30k),3,0.16250000397364298,0.04732423437823857,3,0.0685399981836478,0.022916990993321326,3,4000.0,0.0,3,0.0021815690173146627,0.0001377567552152328,3,,,0,0.3645833333333333,0.04540519732854869,3,0.6354166666666666,0.04540519732854869,3,0.6041666666666666,0.06336210969060646,3,4.990168045467946,1.0131461548107943,3,2.7322223137394874,0.49379906447773203,3,,,0,,,0,,,0,,,0,,,0,,,0,,,0,,,0,,,0,,,0,,,0,,,0
Mean positive delight,23800,0.7933333333333333,Late (20-30k),3,0.1666666641831398,0.05120085353955703,3,0.07275166362524033,0.02809314401871794,3,4000.0,0.0,3,0.004664423254628976,0.0011413701826960179,3,,,0,0.3854166666666667,0.04540519732854868,3,0.6145833333333334,0.04540519732854869,3,0.625,0.03125,3,4.871611047674515,0.7197039532728453,3,2.513562186522668,0.25807557503653605,3,,,0,,,0,,,0,,,0,,,0,,,0,,,0,,,0,,,0,,,0,,,0,,,0
Mean positive delight,24000,0.8,Late (20-30k),3,0.09583333538224299,0.042287049399194684,3,0.034153330605477095,0.015036658347620344,3,4000.0,0.0,3,0.0026824014300170043,0.00016055664081279043,3,,,0,0.3958333333333333,0.03755782578608323,3,0.6041666666666666,0.03755782578608323,3,0.6041666666666666,0.05511981898051231,3,5.250137168661292,1.0164887023457214,3,2.74325256100934,0.4841122984784857,3,0.3958333333333333,0.03755782578608323,3,0.1348340968378189,0.012896769322624216,3,0.18475883091267709,0.0054172347459380535,3,23.09375,0.1183105905375057,3,0.13664940828402367,0.000700062665902406,3,1.0,0.0,3,9.65625,0.9689179961861237,3,9.510416666666666,0.9798313346920706,3,1.0290757275132274,0.013887016341235014,3,0.997141576998296,0.0012008777369974658,3,0.024724425945691755,0.003908405077492812,3,0.811439945428505,0.006255944213390434,3
Mean positive delight,24200,0.8066666666666666,Late (20-30k),3,0.10000000397364299,0.012500000496705374,3,0.03791499945024649,0.006261217360484301,3,4000.0,0.0,3,0.0045605607447214425,0.00034213988352430774,3,,,0,0.3854166666666667,0.06336210969060646,3,0.6145833333333334,0.06336210969060646,3,0.6145833333333334,0.05511981898051231,3,5.115619683590888,1.1225476163554131,3,2.653151397011046,0.4254741811542219,3,,,0,,,0,,,0,,,0,,,0,,,0,,,0,,,0,,,0,,,0,,,0,,,0
Mean positive delight,24400,0.8133333333333334,Late (20-30k),3,0.15000000596046448,0.04506939342300304,3,0.06845999571184318,0.02644571370007765,3,4000.0,0.0,3,0.002795162940553079,0.0003523430179660269,3,,,0,0.375,0.018042195912175808,3,0.625,0.018042195912175808,3,0.625,0.018042195912175808,3,4.700432782291938,0.2741130567114325,3,2.4785601144128875,0.1268414590718478,3,,,0,,,0,,,0,,,0,,,0,,,0,,,0,,,0,,,0,,,0,,,0,,,0
Mean positive delight,24600,0.82,Late (20-30k),3,0.13750000049670538,0.01909406425755463,3,0.06485499689976375,0.0044582560176533665,3,4000.0,0.0,3,0.0021277246608709297,0.0001717863049743565,3,,,0,0.3854166666666667,0.04540519732854869,3,0.6145833333333334,0.04540519732854869,3,0.6145833333333334,0.05799754544614607,3,5.072025537949415,1.0903323508067573,3,2.671152030702016,0.5094646193160495,3,,,0,,,0,,,0,,,0,,,0,,,0,,,0,,,0,,,0,,,0,,,0,,,0
Mean positive delight,24800,0.8266666666666667,Late (20-30k),3,0.10833333432674408,0.02534484542774202,3,0.06219332913557688,0.022656286675506326,3,4000.0,0.0,3,0.0029504487368588648,0.0009685294200286189,3,,,0,0.3645833333333333,0.03755782578608323,3,0.6354166666666666,0.03755782578608323,3,0.6458333333333334,0.027559909490256152,3,4.461829529779076,0.5725078669299201,3,2.3526635504667586,0.20038623574579126,3,,,0,,,0,,,0,,,0,,,0,,,0,,,0,,,0,,,0,,,0,,,0,,,0
Mean positive delight,25000,0.8333333333333334,Late (20-30k),3,0.10833333681027095,0.011023962200338123,3,0.04918833076953888,0.00612389444518076,3,4000.0,0.0,3,0.003153818950522691,0.00034438640482069364,3,,,0,0.3958333333333333,0.052083333333333336,3,0.6041666666666666,0.05208333333333334,3,0.5729166666666666,0.027559909490256152,3,5.50388512268151,0.8074639494303362,3,2.896764903233589,0.2624273557954839,3,0.3958333333333333,0.052083333333333336,3,0.14066774829802126,0.008470840095324398,3,0.1856508875739645,0.0008741258741258841,3,22.958333333333332,0.22268289923366616,3,0.1358481262327416,0.0013176502913234667,3,1.0,0.0,3,6.270833333333333,1.0079975336169122,3,6.083333333333333,1.0316182002616623,3,1.027770262145262,0.005256608750430512,3,0.9987073209537297,0.0003716175879481324,3,0.023936743537303917,0.0054048350980791,3,0.818080453738018,0.005209702024200268,3
Mean positive delight,25200,0.84,Late (20-30k),3,0.125,0.07216878364870323,3,0.05610499779383341,0.029476612134101493,3,4000.0,0.0,3,0.0036070973340732357,0.0005906367130554313,3,,,0,0.375,0.03125,3,0.625,0.03125,3,0.6041666666666666,0.04540519732854869,3,4.989031056646991,0.6898950726902756,3,2.676142237821777,0.34030060799018597,3,,,0,,,0,,,0,,,0,,,0,,,0,,,0,,,0,,,0,,,0,,,0,,,0
Mean positive delight,25400,0.8466666666666667,Late (20-30k),3,0.1041666679084301,0.027322660877722598,3,0.0559716671705246,0.014820466332085447,3,4000.0,0.0,3,0.0025117445620708168,0.0003972194518613729,3,,,0,0.3958333333333333,0.052083333333333336,3,0.6041666666666666,0.05208333333333334,3,0.6041666666666666,0.05208333333333334,3,5.323979748257384,1.1684232486656032,3,2.749413164410431,0.4939065564809157,3,,,0,,,0,,,0,,,0,,,0,,,0,,,0,,,0,,,0,,,0,,,0,,,0
Mean positive delight,25600,0.8533333333333334,Late (20-30k),3,0.11250000198682149,0.019094065070479362,3,0.04732499519983927,0.006041618370418459,3,4000.0,0.0,3,0.0024582362384535372,0.0005526132870727986,3,,,0,0.3229166666666667,0.03755782578608323,3,0.6770833333333334,0.03755782578608323,3,0.6666666666666666,0.05799754544614607,3,4.041877228303268,0.741748870721745,3,2.258842822733562,0.3263142324111965,3,,,0,,,0,,,0,,,0,,,0,,,0,,,0,,,0,,,0,,,0,,,0,,,0
Mean positive delight,25800,0.86,Late (20-30k),3,0.15000000347693762,0.04018188118390193,3,0.05491499602794647,0.021125989227044267,3,4000.0,0.0,3,0.0031457319079587855,0.0008894387246399005,3,,,0,0.3125,0.018042195912175808,3,0.6875,0.018042195912175808,3,0.7083333333333334,0.010416666666666668,3,3.4666979928753308,0.18210858514919015,3,1.957505505043495,0.05772037857336587,3,,,0,,,0,,,0,,,0,,,0,,,0,,,0,,,0,,,0,,,0,,,0,,,0
Mean positive delight,26000,0.8666666666666667,Late (20-30k),3,0.08333333333333333,0.025344843386295435,3,0.030023332064350445,0.00757886586434869,3,4000.0,0.0,3,0.003943610975208382,0.0006760059868652869,3,,,0,0.4583333333333333,0.027559909490256156,3,0.5416666666666666,0.027559909490256152,3,0.5104166666666666,0.027559909490256152,3,6.998522176311301,0.6132417199537007,3,3.5876247957160046,0.3086562837398078,3,0.4583333333333333,0.027559909490256156,3,0.15374673919959278,0.005742673268919893,3,0.18610289283366202,0.002330646106588962,3,23.135416666666668,0.010416666666666666,3,0.13689595660749507,6.163708086784347e-05,3,1.0,0.0,3,7.895833333333333,0.5359271237252734,3,7.729166666666667,0.54912730637905,3,1.024599358974359,0.007025283510227934,3,0.9970009644150527,0.0025717717114468568,3,0.02746833558425291,0.004779435155107515,3,0.8145205759141295,0.004724617088549059,3
Mean positive delight,26200,0.8733333333333333,Late (20-30k),3,0.09583333445092042,0.035600016063302584,3,0.038563333141307034,0.01292700759965552,3,4000.0,0.0,3,0.003152706796148171,0.001200136566239772,3,,,0,0.3958333333333333,0.07291666666666667,3,0.6041666666666666,0.07291666666666667,3,0.5833333333333334,0.05511981898051231,3,5.575487330072678,1.2105641432423817,3,2.912251483748801,0.482703468631812,3,,,0,,,0,,,0,,,0,,,0,,,0,,,0,,,0,,,0,,,0,,,0,,,0
Mean positive delight,26400,0.88,Late (20-30k),3,0.12916667262713113,0.05833333642000244,3,0.055291659819583096,0.02360551413885929,3,4000.0,0.0,3,0.0025252068104843297,0.0003133402113429276,3,,,0,0.40625,0.0625,3,0.59375,0.0625,3,0.5520833333333334,0.027559909490256156,3,5.870967248878393,0.9915616966722854,3,3.0914613972331115,0.3407425649371151,3,,,0,,,0,,,0,,,0,,,0,,,0,,,0,,,0,,,0,,,0,,,0,,,0
Mean positive delight,26600,0.8866666666666667,Late (20-30k),3,0.11250000012417634,0.05907269292388794,3,0.03941999593128761,0.020171687435048987,3,4000.0,0.0,3,0.0037154466457044086,0.0010287132035272186,3,,,0,0.375,0.036084391824351615,3,0.625,0.036084391824351615,3,0.6354166666666666,0.03755782578608323,3,4.676005862382193,0.7044028005619981,3,2.447255853526109,0.28815503840179724,3,,,0,,,0,,,0,,,0,,,0,,,0,,,0,,,0,,,0,,,0,,,0,,,0
Mean positive delight,26800,0.8933333333333333,Late (20-30k),3,0.10416666480402152,0.04103690597558781,3,0.05585166268671552,0.028054284923214233,3,4000.0,0.0,3,0.001715635764412582,0.00013054380989746973,3,,,0,0.3333333333333333,0.027559909490256156,3,0.6666666666666666,0.027559909490256152,3,0.6770833333333334,0.03755782578608323,3,3.9395208747379407,0.519622270930268,3,2.1607870723848612,0.21317500534671835,3,,,0,,,0,,,0,,,0,,,0,,,0,,,0,,,0,,,0,,,0,,,0,,,0
Mean positive delight,27000,0.9,Late (20-30k),3,0.14166666567325592,0.01666666567325592,3,0.07959666724006335,0.014687212845447899,3,4000.0,0.0,3,0.0023505006878015897,0.00019258173650934054,3,,,0,0.3541666666666667,0.020833333333333336,3,0.6458333333333334,0.020833333333333332,3,0.625,0.036084391824351615,3,4.555185381710377,0.4783636523486422,3,2.487886788812455,0.24871155741326922,3,0.3541666666666667,0.020833333333333336,3,0.13118359101609722,0.008289737620246955,3,0.1933596318211703,0.003621864895242822,3,24.21875,0.37543377689458546,3,0.14330621301775148,0.002221501638429506,3,1.0,0.0,3,6.927083333333333,1.1218609756164581,3,6.822916666666667,1.176530105980199,3,1.0238425925925927,0.012781886752109728,3,0.9889401855025062,0.010630944837750995,3,0.024140316166838965,0.0032229030910420073,3,0.7995650611406352,0.008144893379021292,3
Mean positive delight,27200,0.9066666666666666,Late (20-30k),3,0.12500000496705374,0.03145764604611392,3,0.058999997253219284,0.02022402667199685,3,4000.0,0.0,3,0.002307497120151917,0.00031671531170530243,3,,,0,0.4375,0.0625,3,0.5625,0.0625,3,0.5416666666666666,0.05799754544614607,3,6.5625483586199485,1.3302475758390953,3,3.3673554652329294,0.5769685053112011,3,,,0,,,0,,,0,,,0,,,0,,,0,,,0,,,0,,,0,,,0,,,0,,,0
Mean positive delight,27400,0.9133333333333333,Late (20-30k),3,0.15000000099341074,0.04330126760826518,3,0.056729995956023536,0.018789709451380816,3,4000.0,0.0,3,0.0018988646722088258,0.0002183485527144287,3,,,0,0.3541666666666667,0.04540519732854869,3,0.6458333333333334,0.04540519732854869,3,0.6458333333333334,0.04166666666666667,3,4.432666027729542,0.8054328121893485,3,2.377546399936493,0.31719044216877035,3,,,0,,,0,,,0,,,0,,,0,,,0,,,0,,,0,,,0,,,0,,,0,,,0
Mean positive delight,27600,0.92,Late (20-30k),3,0.05416666716337204,0.03703414329371418,3,0.02962666687866052,0.02485551300905986,3,4000.0,0.0,3,0.003256133020234605,0.0005277617546777871,3,,,0,0.3958333333333333,0.010416666666666666,3,0.6041666666666666,0.010416666666666668,3,0.5520833333333334,0.020833333333333332,3,5.7117431305478235,0.3464554719458894,3,3.0724314844234897,0.18922775334286254,3,,,0,,,0,,,0,,,0,,,0,,,0,,,0,,,0,,,0,,,0,,,0,,,0
Mean positive delight,27800,0.9266666666666666,Late (20-30k),3,0.10000000149011612,0.04506939032337409,3,0.043480001079539456,0.021876723090048553,3,4000.0,0.0,3,0.003694782188783089,0.0006037747280652877,3,,,0,0.3333333333333333,0.055119818980512304,3,0.6666666666666666,0.05511981898051231,3,0.65625,0.06505206248331664,3,4.2979444186233415,1.0822676460522684,3,2.3717274028404716,0.4746582038903624,3,,,0,,,0,,,0,,,0,,,0,,,0,,,0,,,0,,,0,,,0,,,0,,,0
Mean positive delight,28000,0.9333333333333333,Late (20-30k),3,0.09999999900658925,0.036084389673554276,3,0.04223499664415916,0.0156451339259566,3,4000.0,0.0,3,0.0032337967228765288,0.0005423671292621205,3,,,0,0.34375,0.08267972847076846,3,0.65625,0.08267972847076846,3,0.65625,0.07216878364870323,3,4.492285856697868,1.2918871363856212,3,2.4056358761343595,0.5075564775322459,3,0.34375,0.08267972847076846,3,0.1169394604568302,0.0206390694435384,3,0.1851084812623274,0.009557598744458483,3,22.96875,0.6029981516002627,3,0.1359097633136095,0.003568036400001557,3,1.0,0.0,3,6.072916666666667,0.8409160225280788,3,6.010416666666667,0.8409160225280788,3,1.0125,0.004336804165554481,3,0.9970095772000853,0.0013791144548000035,3,0.016923966670439276,0.0026618349541877055,3,0.8178919116220084,0.008659725766546623,3
Mean positive delight,28200,0.94,Late (20-30k),3,0.10416666666666667,0.03974746539794986,3,0.05844666746755441,0.02812938336460039,3,4000.0,0.0,3,0.0036626761041892073,0.0006309205207324648,3,,,0,0.3333333333333333,0.03755782578608323,3,0.6666666666666666,0.03755782578608323,3,0.65625,0.03125,3,4.147087788251221,0.5967411678203597,3,2.278640128117136,0.22243316768854343,3,,,0,,,0,,,0,,,0,,,0,,,0,,,0,,,0,,,0,,,0,,,0,,,0
Mean positive delight,28400,0.9466666666666667,Late (20-30k),3,0.11250000012417634,0.04506939040947493,3,0.06187499718119701,0.025232606148568315,3,4000.0,0.0,3,0.0035700120497494936,0.0009369755518512564,3,,,0,0.4479166666666667,0.10875319280115157,3,0.5520833333333334,0.10875319280115156,3,0.5208333333333334,0.09081039465709738,3,7.528864551295322,2.535574054954147,3,3.9639895245518173,1.2001170960692518,3,,,0,,,0,,,0,,,0,,,0,,,0,,,0,,,0,,,0,,,0,,,0,,,0
Mean positive delight,28600,0.9533333333333334,Late (20-30k),3,0.19166666766007742,0.042287050194499576,3,0.10366166010499,0.03372063946778409,3,4000.0,0.0,3,0.0027856873930431902,0.00026668109688657597,3,,,0,0.3541666666666667,0.020833333333333336,3,0.6458333333333334,0.020833333333333332,3,0.6458333333333334,0.03755782578608323,3,4.3658875683430205,0.5107551340552183,3,2.3571708395677162,0.23573439217248537,3,,,0,,,0,,,0,,,0,,,0,,,0,,,0,,,0,,,0,,,0,,,0,,,0
Mean positive delight,28800,0.96,Late (20-30k),3,0.06666666766007741,0.036324157976790984,3,0.03789666791756948,0.021795467292016143,3,4000.0,0.0,3,0.004836725750161956,0.0016209105000133354,3,,,0,0.4375,0.07864410870073699,3,0.5625,0.07864410870073699,3,0.5625,0.0625,3,6.412254000017765,1.8385621266431134,3,3.2360791487376743,0.7745139295187635,3,,,0,,,0,,,0,,,0,,,0,,,0,,,0,,,0,,,0,,,0,,,0,,,0
Mean positive delight,29000,0.9666666666666667,Late (20-30k),3,0.08749999850988388,0.047324234706232114,3,0.04670000076293945,0.029603930221584845,3,4000.0,0.0,3,0.002867583437667539,0.0006299854287391835,3,,,0,0.3541666666666667,0.052083333333333336,3,0.6458333333333334,0.05208333333333334,3,0.6770833333333334,0.05208333333333334,3,4.143066840798415,0.7773991117797869,3,2.197042316988243,0.28839457621564046,3,0.3541666666666667,0.052083333333333336,3,0.11418368645415793,0.017197732553774086,3,0.1902594446973145,0.0005255805818749496,3,23.0,0.8437500000000001,3,0.13609467455621302,0.004992603550295858,3,1.0,0.0,3,9.166666666666666,1.0161990898823803,3,9.041666666666666,1.0542469501708054,3,1.0209325396825397,0.008505751281496818,3,0.9986461876673555,0.0003010223757411065,3,0.017812439096493035,0.002623620981462872,3,0.8188001365124497,0.0057179209942581286,3
Mean positive delight,29200,0.9733333333333334,Late (20-30k),3,0.11666666840513547,0.04409585584148929,3,0.06290666665881872,0.02679787967504249,3,4000.0,0.0,3,0.0031651829291755953,0.000902890026195008,3,,,0,0.3333333333333333,0.020833333333333336,3,0.6666666666666666,0.020833333333333332,3,0.6666666666666666,0.03755782578608323,3,4.015097898787631,0.5124086554311403,3,2.220866232014861,0.24146013551036868,3,,,0,,,0,,,0,,,0,,,0,,,0,,,0,,,0,,,0,,,0,,,0,,,0
Mean positive delight,29400,0.98,Late (20-30k),3,0.12916666766007742,0.03254270615618852,3,0.06769666324059169,0.019885373749556953,3,4000.0,0.0,3,0.0029980058898217976,0.00046498079277249705,3,,,0,0.2916666666666667,0.03755782578608323,3,0.7083333333333334,0.03755782578608323,3,0.6875,0.047735163489123336,3,3.63227224782278,0.5919250343377485,3,2.1035055854913067,0.25119265379866057,3,,,0,,,0,,,0,,,0,,,0,,,0,,,0,,,0,,,0,,,0,,,0,,,0
Mean positive delight,29600,0.9866666666666667,Late (20-30k),3,0.1666666716337204,0.03560001915172269,3,0.0982516681154569,0.01853523083807348,3,4000.0,0.0,3,0.0035109820310026407,0.0003693095180022455,3,,,0,0.40625,0.047735163489123336,3,0.59375,0.047735163489123336,3,0.5729166666666666,0.03755782578608323,3,5.685616431966811,0.9876372443630582,3,2.9545019899985756,0.39477455495779684,3,,,0,,,0,,,0,,,0,,,0,,,0,,,0,,,0,,,0,,,0,,,0,,,0
Mean positive delight,29800,0.9933333333333333,Late (20-30k),3,0.20000000298023224,0.031457644072407316,3,0.10542500019073486,0.015772062750610417,3,4000.0,0.0,3,0.002417594582463304,4.3019788140265056e-05,3,,,0,0.3645833333333333,0.020833333333333336,3,0.6354166666666666,0.020833333333333332,3,0.6458333333333334,0.020833333333333332,3,4.393626075700364,0.31804970198337745,3,2.3360240508937493,0.13197722470169815,3,,,0,,,0,,,0,,,0,,,0,,,0,,,0,,,0,,,0,,,0,,,0,,,0
Mean positive delight,30000,1.0,Late (20-30k),3,0.16666666915019354,0.03410563739901965,3,0.07111666227380435,0.017709346603152324,3,4000.0,0.0,3,0.00416304081833611,0.0011527206848708624,3,,,0,0.3229166666666667,0.03755782578608323,3,0.6770833333333334,0.03755782578608323,3,0.6666666666666666,0.04166666666666667,3,3.9922648859582033,0.5884154488429639,3,2.223543663426201,0.23814973325467653,3,0.3229166666666667,0.03755782578608323,3,0.11448193039384108,0.012165885316274092,3,0.18729454306377383,0.0029322095290781184,3,23.09375,0.6422109434082647,3,0.1366494082840237,0.003800064753895048,3,1.0,0.0,3,7.6875,0.4423098696992114,3,7.666666666666667,0.44353476783424517,3,1.0018939393939394,0.001893939393939374,3,0.9991398516693587,0.0003707488640779836,3,0.016237494979621066,0.0007390131298362393,3,0.8109992234014557,0.015254904932098908,3
